-- --------------------------------------------------------
-- Хост:                         127.0.0.1
-- Версия сервера:               8.0.24 - MySQL Community Server - GPL
-- Операционная система:         Win64
-- HeidiSQL Версия:              12.1.0.6537
-- --------------------------------------------------------

/*!40101 SET @OLD_CHARACTER_SET_CLIENT=@@CHARACTER_SET_CLIENT */;
/*!40101 SET NAMES utf8 */;
/*!50503 SET NAMES utf8mb4 */;
/*!40103 SET @OLD_TIME_ZONE=@@TIME_ZONE */;
/*!40103 SET TIME_ZONE='+00:00' */;
/*!40014 SET @OLD_FOREIGN_KEY_CHECKS=@@FOREIGN_KEY_CHECKS, FOREIGN_KEY_CHECKS=0 */;
/*!40101 SET @OLD_SQL_MODE=@@SQL_MODE, SQL_MODE='NO_AUTO_VALUE_ON_ZERO' */;
/*!40111 SET @OLD_SQL_NOTES=@@SQL_NOTES, SQL_NOTES=0 */;

-- Дамп структуры для таблица ecommerce_laravel.banners
CREATE TABLE IF NOT EXISTS `banners` (
  `id` int NOT NULL AUTO_INCREMENT,
  `url` mediumtext,
  `image` varchar(255) DEFAULT NULL,
  `location` varchar(50) DEFAULT NULL,
  `position` int DEFAULT NULL,
  `updated_at` timestamp NULL DEFAULT NULL,
  `created_at` timestamp NULL DEFAULT NULL,
  PRIMARY KEY (`id`)
) ENGINE=InnoDB AUTO_INCREMENT=20 DEFAULT CHARSET=utf8mb3;

-- Дамп данных таблицы ecommerce_laravel.banners: ~9 rows (приблизительно)
DELETE FROM `banners`;
INSERT INTO `banners` (`id`, `url`, `image`, `location`, `position`, `updated_at`, `created_at`) VALUES
	(2, '/', '1.jpg', 'top_slider', 1, NULL, NULL),
	(3, '/', '2.jpg', 'top_slider', 3, NULL, NULL),
	(5, '/', '4.jpg', 'top_slider', 4, NULL, NULL),
	(7, '/', '6.jpg', 'bottom_slider', 1, NULL, NULL),
	(15, '/', '8.jpg', 'top_slider', 2, NULL, NULL),
	(16, '/', '3.jpg', 'top_slider', 5, NULL, NULL),
	(17, '/', '5.jpg', 'bottom_slider', 4, NULL, NULL),
	(18, '/', '9.jpg', 'bottom_slider', 2, NULL, NULL),
	(19, '/', '7.jpg', 'bottom_slider', 5, '2021-06-30 16:31:47', '2021-06-30 16:31:47');

-- Дамп структуры для таблица ecommerce_laravel.categories
CREATE TABLE IF NOT EXISTS `categories` (
  `id` int NOT NULL AUTO_INCREMENT,
  `category_name` varchar(50) DEFAULT NULL,
  `category_name_ru` varchar(50) DEFAULT NULL,
  `key_props` mediumtext,
  `key_props_ru` mediumtext,
  PRIMARY KEY (`id`)
) ENGINE=InnoDB AUTO_INCREMENT=3 DEFAULT CHARSET=utf8mb3;

-- Дамп данных таблицы ecommerce_laravel.categories: ~2 rows (приблизительно)
DELETE FROM `categories`;
INSERT INTO `categories` (`id`, `category_name`, `category_name_ru`, `key_props`, `key_props_ru`) VALUES
	(1, 'smartphones', 'смартфоны', '', ''),
	(2, 'smartwatches', 'умные часы', '', '');

-- Дамп структуры для таблица ecommerce_laravel.failed_jobs
CREATE TABLE IF NOT EXISTS `failed_jobs` (
  `id` int DEFAULT NULL,
  `uuid` text,
  `connection` mediumtext,
  `queue` mediumtext,
  `payload` mediumtext,
  `exception` mediumtext,
  `failed_at` timestamp NULL DEFAULT NULL
) ENGINE=InnoDB DEFAULT CHARSET=utf8mb3;

-- Дамп данных таблицы ecommerce_laravel.failed_jobs: ~0 rows (приблизительно)
DELETE FROM `failed_jobs`;

-- Дамп структуры для таблица ecommerce_laravel.migrations
CREATE TABLE IF NOT EXISTS `migrations` (
  `id` int DEFAULT NULL,
  `migration` text,
  `batch` int DEFAULT NULL
) ENGINE=InnoDB DEFAULT CHARSET=utf8mb3;

-- Дамп данных таблицы ecommerce_laravel.migrations: ~11 rows (приблизительно)
DELETE FROM `migrations`;
INSERT INTO `migrations` (`id`, `migration`, `batch`) VALUES
	(1, '2014_10_12_000000_create_users_table', 1),
	(2, '2014_10_12_100000_create_password_resets_table', 1),
	(3, '2019_08_19_000000_create_failed_jobs_table', 1),
	(5, '2019_12_14_000001_create_personal_access_tokens_table', 2),
	(6, '2014_10_12_200000_add_two_factor_columns_to_users_table', 3),
	(7, '2021_05_14_175518_alter_table_users', 4),
	(13, '2021_05_21_130152_create_orders_table', 5),
	(14, '2021_05_23_223554_create_order_product_table', 5),
	(15, '2021_05_31_165214_alter_orders_table', 6),
	(17, '2021_06_08_124926_create_subscribers_table', 7),
	(19, '2021_06_09_224852_create_banners_table', 8);

-- Дамп структуры для таблица ecommerce_laravel.orders
CREATE TABLE IF NOT EXISTS `orders` (
  `id` int NOT NULL AUTO_INCREMENT,
  `user_id` int DEFAULT NULL,
  `username` varchar(50) DEFAULT NULL,
  `phone_number` varchar(50) DEFAULT NULL,
  `email` varchar(255) DEFAULT NULL,
  `message` mediumtext,
  `status` int DEFAULT '0',
  `sum` varchar(50) DEFAULT NULL,
  `created_at` timestamp NULL DEFAULT CURRENT_TIMESTAMP,
  `updated_at` timestamp NULL DEFAULT CURRENT_TIMESTAMP,
  PRIMARY KEY (`id`),
  KEY `user_id` (`user_id`),
  CONSTRAINT `orders_ibfk_1` FOREIGN KEY (`user_id`) REFERENCES `users` (`id`) ON DELETE CASCADE ON UPDATE CASCADE
) ENGINE=InnoDB AUTO_INCREMENT=20 DEFAULT CHARSET=utf8mb3;

-- Дамп данных таблицы ecommerce_laravel.orders: ~3 rows (приблизительно)
DELETE FROM `orders`;
INSERT INTO `orders` (`id`, `user_id`, `username`, `phone_number`, `email`, `message`, `status`, `sum`, `created_at`, `updated_at`) VALUES
	(16, 2, 'Aidar Vusredinskiy', '89070876787', 'aidar@aidar.com', 'tyuuuuuuuuuuucucuyutyutuy', 0, '249973', '2021-06-28 16:47:25', '2021-06-28 16:47:25'),
	(18, 41, 'aidar', '654765657456', 'verzila00010@yandex.ru', NULL, 0, '60922', '2021-07-02 09:16:31', '2021-07-02 09:16:31'),
	(19, 41, 'Aidar Vusredinskiy', '654765657456', 'verzila00010@yandex.ru', NULL, 0, '9092', '2021-07-02 09:22:55', '2021-07-02 09:22:55');

-- Дамп структуры для таблица ecommerce_laravel.order_product
CREATE TABLE IF NOT EXISTS `order_product` (
  `id` int NOT NULL AUTO_INCREMENT,
  `order_id` int DEFAULT NULL,
  `product_id` int unsigned DEFAULT NULL,
  `quantity` int DEFAULT NULL,
  `created_at` timestamp NULL DEFAULT CURRENT_TIMESTAMP,
  `updated_at` timestamp NULL DEFAULT CURRENT_TIMESTAMP,
  PRIMARY KEY (`id`),
  KEY `order_id` (`order_id`),
  KEY `product_id` (`product_id`),
  CONSTRAINT `order_product_ibfk_1` FOREIGN KEY (`order_id`) REFERENCES `orders` (`id`) ON DELETE CASCADE ON UPDATE CASCADE,
  CONSTRAINT `order_product_ibfk_2` FOREIGN KEY (`product_id`) REFERENCES `products` (`id`) ON DELETE CASCADE ON UPDATE CASCADE
) ENGINE=InnoDB AUTO_INCREMENT=59 DEFAULT CHARSET=utf8mb3;

-- Дамп данных таблицы ecommerce_laravel.order_product: ~7 rows (приблизительно)
DELETE FROM `order_product`;
INSERT INTO `order_product` (`id`, `order_id`, `product_id`, `quantity`, `created_at`, `updated_at`) VALUES
	(50, 16, 100, 1, '2021-06-28 19:47:25', '2021-06-28 19:47:25'),
	(51, 16, 274, 1, '2021-06-28 19:47:25', '2021-06-28 19:47:25'),
	(54, 18, 1, 2, '2021-07-02 12:16:31', '2021-07-02 12:16:31'),
	(55, 18, 605, 3, '2021-07-02 12:16:31', '2021-07-02 12:16:31'),
	(56, 19, 513, 3, '2021-07-02 12:22:55', '2021-07-02 12:22:55'),
	(57, 19, 555, 2, '2021-07-02 12:22:55', '2021-07-02 12:22:55'),
	(58, 19, 601, 2, '2021-07-02 12:22:55', '2021-07-02 12:22:55');

-- Дамп структуры для таблица ecommerce_laravel.password_resets
CREATE TABLE IF NOT EXISTS `password_resets` (
  `email` text,
  `token` text,
  `created_at` timestamp NULL DEFAULT NULL
) ENGINE=InnoDB DEFAULT CHARSET=utf8mb3;

-- Дамп данных таблицы ecommerce_laravel.password_resets: ~0 rows (приблизительно)
DELETE FROM `password_resets`;

-- Дамп структуры для таблица ecommerce_laravel.personal_access_tokens
CREATE TABLE IF NOT EXISTS `personal_access_tokens` (
  `id` int DEFAULT NULL,
  `tokenable_type` text,
  `tokenable_id` int DEFAULT NULL,
  `name` text,
  `token` text,
  `abilities` mediumtext,
  `last_used_at` timestamp NULL DEFAULT NULL,
  `created_at` timestamp NULL DEFAULT NULL,
  `updated_at` timestamp NULL DEFAULT NULL
) ENGINE=InnoDB DEFAULT CHARSET=utf8mb3;

-- Дамп данных таблицы ecommerce_laravel.personal_access_tokens: ~0 rows (приблизительно)
DELETE FROM `personal_access_tokens`;
INSERT INTO `personal_access_tokens` (`id`, `tokenable_type`, `tokenable_id`, `name`, `token`, `abilities`, `last_used_at`, `created_at`, `updated_at`) VALUES
	(1, 'App\\Models\\User', 2, 'auth_token', '2d61fdd74bb79de1935ed76276e733150c9d6723e538d0f877f2caad9311fb76', '["*"]', NULL, '2021-05-13 17:56:11', '2021-05-13 17:56:11');

-- Дамп структуры для таблица ecommerce_laravel.products
CREATE TABLE IF NOT EXISTS `products` (
  `id` int unsigned NOT NULL AUTO_INCREMENT,
  `title` varchar(500) DEFAULT NULL,
  `manufacturer` char(255) DEFAULT NULL,
  `category` char(255) DEFAULT NULL,
  `price` int DEFAULT NULL,
  `images` varchar(500) DEFAULT NULL,
  `vendorcode` int DEFAULT NULL,
  `created_at` timestamp NULL DEFAULT CURRENT_TIMESTAMP,
  `updated_at` timestamp NULL DEFAULT CURRENT_TIMESTAMP,
  `category_id` int DEFAULT NULL,
  `views` int DEFAULT NULL,
  `rating` tinyint DEFAULT '0',
  PRIMARY KEY (`id`),
  KEY `title` (`title`,`manufacturer`,`category`,`price`,`created_at`,`category_id`,`views`),
  KEY `products_FK` (`category_id`),
  KEY `products_rating_IDX` (`rating`) USING BTREE,
  CONSTRAINT `products_FK` FOREIGN KEY (`category_id`) REFERENCES `categories` (`id`)
) ENGINE=InnoDB AUTO_INCREMENT=899 DEFAULT CHARSET=utf8mb3;

-- Дамп данных таблицы ecommerce_laravel.products: ~846 rows (приблизительно)
DELETE FROM `products`;
INSERT INTO `products` (`id`, `title`, `manufacturer`, `category`, `price`, `images`, `vendorcode`, `created_at`, `updated_at`, `category_id`, `views`, `rating`) VALUES
	(1, 'Xiaomi Redmi 9T 4/128GB (grey сarbon)', 'Xiaomi', 'smartphones', 23597, '852985_0.jpg,852985_1.jpg,852985_2.jpg,852985_3.jpg,852985_4.jpg,852985_5.jpg,852985_6.jpg,852985_7.jpg,852985_8.jpg,852985_9.jpg,852985_10.jpg', 852985, '2021-04-26 10:35:51', '2021-06-06 09:22:36', 1, 3, 92),
	(2, 'Samsung Galaxy S21 Ultra 5G 12/256GB (black phantom)', 'Samsung', 'smartphones', 147208, '845698_0.jpg,845698_1.jpg,845698_2.jpg,845698_3.jpg,845698_4.jpg,845698_5.jpg,845698_6.jpg,845698_7.jpg,845698_8.jpg', 845698, '2021-04-26 10:36:05', '2021-06-14 08:38:08', 1, 4, 87),
	(3, 'Samsung Galaxy S21 Ultra 5G 12/128GB (black phantom)', 'Samsung', 'smartphones', 140264, '845705_0.jpg,845705_1.jpg,845705_2.jpg,845705_3.jpg,845705_4.jpg,845705_5.jpg,845705_6.jpg,845705_7.jpg,845705_8.jpg', 845705, '2021-04-26 10:36:12', '2021-05-19 19:29:43', 1, 1, 95),
	(4, 'Samsung Galaxy S21 Ultra 5G 16/512GB (black phantom)', 'Samsung', 'smartphones', 165264, '845690_0.jpg,845690_1.jpg,845690_2.jpg,845690_3.jpg,845690_4.jpg,845690_5.jpg,845690_6.jpg,845690_7.jpg,845690_8.jpg', 845690, '2021-04-26 10:36:19', '2021-05-19 19:29:43', 1, 1, 76),
	(5, 'Samsung Galaxy S21 Ultra 5G 16/512GB (silver phantom)', 'Samsung', 'smartphones', 165264, '845693_0.jpg,845693_1.jpg,845693_2.jpg,845693_3.jpg,845693_4.jpg,845693_5.jpg,845693_6.jpg,845693_7.jpg', 845693, '2021-04-26 10:36:27', '2021-05-19 19:29:43', 1, 1, 56),
	(6, 'Samsung Galaxy S21 Ultra 5G 12/256GB (silver phantom)', 'Samsung', 'smartphones', 147208, '845702_0.jpg,845702_1.jpg,845702_2.jpg,845702_3.jpg,845702_4.jpg,845702_5.jpg,845702_6.jpg,845702_7.jpg', 845702, '2021-04-26 10:36:34', '2021-06-05 15:12:50', 1, 1, 23),
	(7, 'Samsung Galaxy S21 Ultra 5G 12/128GB (silver phantom)', 'Samsung', 'smartphones', 140264, '845706_0.jpg,845706_1.jpg,845706_2.jpg,845706_3.jpg,845706_4.jpg,845706_5.jpg,845706_6.jpg,845706_7.jpg', 845706, '2021-04-26 10:36:41', '2021-05-19 19:29:43', 1, 0, 49),
	(8, 'Samsung Galaxy S21+ 5G 8/128GB (black phantom)', 'Samsung', 'smartphones', 111097, '845717_0.jpg,845717_1.jpg,845717_2.jpg,845717_3.jpg,845717_4.jpg,845717_5.jpg,845717_6.jpg,845717_7.jpg,845717_8.jpg', 845717, '2021-04-26 10:36:49', '2021-06-05 15:12:55', 1, 3, 66),
	(9, 'Samsung Galaxy S21+ 5G 8/128GB (indigo phantom)', 'Samsung', 'smartphones', 111097, '845668_0.jpg,845668_1.jpg,845668_2.jpg,845668_3.jpg,845668_4.jpg,845668_5.jpg,845668_6.jpg,845668_7.jpg', 845668, '2021-04-26 10:36:56', '2021-05-19 19:29:43', 1, 0, 21),
	(10, 'Samsung Galaxy S21+ 5G 8/256GB (black phantom)', 'Samsung', 'smartphones', 118042, '845708_0.jpg,845708_1.jpg,845708_2.jpg,845708_3.jpg,845708_4.jpg,845708_5.jpg,845708_6.jpg,845708_7.jpg,845708_8.jpg', 845708, '2021-04-26 10:37:03', '2021-06-05 15:12:58', 1, 1, 65),
	(11, 'Samsung Galaxy S21+ 5G 8/256GB (indigo phantom)', 'Samsung', 'smartphones', 118042, '845714_0.jpg,845714_1.jpg,845714_2.jpg,845714_3.jpg,845714_4.jpg,845714_5.jpg,845714_6.jpg,845714_7.jpg', 845714, '2021-04-26 10:37:10', '2021-06-05 15:13:39', 1, 1, 50),
	(12, 'Samsung Galaxy S21+ 5G 8/256GB (silver phantom)', 'Samsung', 'smartphones', 118042, '845711_0.jpg,845711_1.jpg,845711_2.jpg,845711_3.jpg,845711_4.jpg,845711_5.jpg,845711_6.jpg,845711_7.jpg,845711_8.jpg', 845711, '2021-04-26 10:37:17', '2021-06-05 15:13:03', 1, 2, 35),
	(13, 'Samsung Galaxy S21 5G 8/128GB (grey phantom)', 'Samsung', 'smartphones', 94431, '845700_0.jpg,845700_1.jpg,845700_2.jpg,845700_3.jpg,845700_4.jpg,845700_5.jpg,845700_6.jpg,845700_7.jpg,845700_8.jpg', 845700, '2021-04-26 10:37:24', '2021-05-19 19:29:43', 1, 0, 75),
	(14, 'Samsung Galaxy S21 5G 8/256GB (grey phantom)', 'Samsung', 'smartphones', 101375, '845667_0.jpg,845667_1.jpg,845667_2.jpg,845667_3.jpg,845667_4.jpg,845667_5.jpg,845667_6.jpg,845667_7.jpg,845667_8.jpg', 845667, '2021-04-26 10:37:31', '2021-05-19 19:29:43', 1, 0, 23),
	(15, 'Samsung Galaxy S21 5G 8/128GB (indigo phantom)', 'Samsung', 'smartphones', 94431, '845703_0.jpg,845703_1.jpg,845703_2.jpg,845703_3.jpg,845703_4.jpg,845703_5.jpg,845703_6.jpg,845703_7.jpg,845703_8.jpg', 845703, '2021-04-26 10:37:39', '2021-05-19 19:29:43', 1, 0, 75),
	(16, 'Samsung Galaxy S21 5G 8/256GB (indigo phantom)', 'Samsung', 'smartphones', 101375, '845691_0.jpg,845691_1.jpg,845691_2.jpg,845691_3.jpg,845691_4.jpg,845691_5.jpg,845691_6.jpg,845691_7.jpg,845691_8.jpg', 845691, '2021-04-26 10:37:46', '2021-05-19 19:29:43', 1, 0, 67),
	(17, 'Samsung Galaxy S21 5G 8/256GB (white phantom)', 'Samsung', 'smartphones', 101375, '845695_0.jpg,845695_1.jpg,845695_2.jpg,845695_3.jpg,845695_4.jpg,845695_5.jpg,845695_6.jpg,845695_7.jpg,845695_8.jpg', 845695, '2021-04-26 10:37:53', '2021-05-19 19:29:43', 1, 0, 72),
	(18, 'Samsung Galaxy S21 5G 8/256GB (pink phantom)', 'Samsung', 'smartphones', 101375, '845697_0.jpg,845697_1.jpg,845697_2.jpg,845697_3.jpg,845697_4.jpg,845697_5.jpg,845697_6.jpg,845697_7.jpg,845697_8.jpg', 845697, '2021-04-26 10:38:01', '2021-05-19 19:29:43', 1, 0, 61),
	(19, 'Samsung Galaxy A72 6/128GB (blue)', 'Samsung', 'smartphones', 49986, '851267_0.jpg,851267_1.jpg,851267_2.jpg,851267_3.jpg,851267_4.jpg,851267_5.jpg,851267_6.jpg,851267_7.jpg,851267_8.jpg', 851267, '2021-04-26 10:38:08', '2021-05-19 19:29:43', 1, 0, 72),
	(20, 'Samsung Galaxy A52 4/128GB (black)', 'Samsung', 'smartphones', 37486, '851280_0.jpg,851280_1.jpg,851280_2.jpg,851280_3.jpg,851280_4.jpg,851280_5.jpg,851280_6.jpg,851280_7.jpg,851280_8.jpg', 851280, '2021-04-26 10:38:15', '2021-05-19 19:29:43', 1, 0, 78),
	(21, 'Apple iPhone 12 Pro Max 128GB (Pacific blue)', 'Apple', 'smartphones', 140542, '835308_0.jpg,835308_1.jpg,835308_2.jpg,835308_3.jpg,835308_4.jpg,835308_5.jpg,835308_6.jpg,835308_7.jpg,835308_8.jpg', 835308, '2021-04-26 10:38:23', '2021-06-28 16:53:50', 1, 2, 76),
	(22, 'Samsung Galaxy A32 4/128GB (lavender)', 'Samsung', 'smartphones', 30542, '851289_0.jpg,851289_1.jpg,851289_2.jpg,851289_3.jpg,851289_4.jpg,851289_5.jpg,851289_6.jpg,851289_7.jpg,851289_8.jpg', 851289, '2021-04-26 10:38:30', '2021-05-19 19:29:43', 1, 1, 94),
	(23, 'ZTE Blade V2020 Smart 4/64GB (blue)', 'ZTE', 'smartphones', 15958, '835108_0.jpg,835108_1.jpg,835108_2.jpg,835108_3.jpg,835108_4.jpg,835108_5.jpg,835108_6.jpg,835108_7.jpg', 835108, '2021-04-26 10:38:38', '2021-05-19 19:29:43', 1, 0, 70),
	(24, 'ZTE Blade V2020 Smart 4/64GB (silver-grey)', 'ZTE', 'smartphones', 15958, '835109_0.jpg,835109_1.jpg,835109_2.jpg,835109_3.jpg,835109_4.jpg,835109_5.jpg,835109_6.jpg,835109_7.jpg', 835109, '2021-04-26 10:38:45', '2021-05-19 19:29:43', 1, 0, 59),
	(25, 'Honor 10X Lite 4/128GB (midnight black)', 'Honor', 'smartphones', 22208, '836182_0.jpg,836182_1.jpg,836182_2.jpg,836182_3.jpg,836182_4.jpg,836182_5.jpg,836182_6.jpg,836182_7.jpg,836182_8.jpg,836182_9.jpg,836182_10.jpg,836182_11.jpg', 836182, '2021-04-26 10:38:52', '2021-06-06 19:08:07', 1, 3, 79),
	(26, 'Honor 10X Lite 4/128GB (ultraindigo sunset)', 'Honor', 'smartphones', 22208, '836186_0.jpg,836186_1.jpg,836186_2.jpg,836186_3.jpg,836186_4.jpg,836186_5.jpg,836186_6.jpg,836186_7.jpg,836186_8.jpg,836186_9.jpg,836186_10.jpg,836186_11.jpg', 836186, '2021-04-26 10:38:59', '2021-05-19 19:29:43', 1, 0, 26),
	(27, 'Honor 10X Lite 4/128GB (emerald green)', 'Honor', 'smartphones', 22208, '836184_0.jpg,836184_1.jpg,836184_2.jpg,836184_3.jpg,836184_4.jpg,836184_5.jpg,836184_6.jpg,836184_7.jpg,836184_8.jpg,836184_9.jpg,836184_10.jpg,836184_11.jpg', 836184, '2021-04-26 10:39:07', '2021-05-19 19:29:43', 1, 0, 80),
	(28, 'Samsung Galaxy Z Flip 8/256GB (black brilliant)', 'Samsung', 'smartphones', 97208, '811902_0.jpg,811902_1.jpg,811902_2.jpg,811902_3.jpg,811902_4.jpg,811902_5.jpg,811902_6.jpg,811902_7.jpg,811902_8.jpg', 811902, '2021-04-26 10:39:14', '2021-05-19 19:29:43', 1, 0, 32),
	(29, 'Xiaomi Redmi 9T 4/128GB (grey сarbon)', 'Xiaomi', 'smartphones', 23597, '852985_0.jpg,852985_1.jpg,852985_2.jpg,852985_3.jpg,852985_4.jpg,852985_5.jpg,852985_6.jpg,852985_7.jpg,852985_8.jpg,852985_9.jpg,852985_10.jpg', 852985, '2021-04-26 10:48:26', '2021-05-19 19:29:43', 1, 1, 38),
	(30, 'Xiaomi Redmi 9T 4/128GB (grey сarbon)', 'Xiaomi', 'smartphones', 23597, '852985_0.jpg,852985_1.jpg,852985_2.jpg,852985_3.jpg,852985_4.jpg,852985_5.jpg,852985_6.jpg,852985_7.jpg,852985_8.jpg,852985_9.jpg,852985_10.jpg', 852985, '2021-04-26 10:49:05', '2021-05-19 19:29:43', 1, 0, 82),
	(31, 'Samsung Galaxy S21 Ultra 5G 12/256GB (black phantom)', 'Samsung', 'smartphones', 147208, '845698_0.jpg,845698_1.jpg,845698_2.jpg,845698_3.jpg,845698_4.jpg,845698_5.jpg,845698_6.jpg,845698_7.jpg,845698_8.jpg', 845698, '2021-04-26 10:49:19', '2021-05-19 19:29:43', 1, 0, 84),
	(32, 'Samsung Galaxy S21 Ultra 5G 12/128GB (black phantom)', 'Samsung', 'smartphones', 140264, '845705_0.jpg,845705_1.jpg,845705_2.jpg,845705_3.jpg,845705_4.jpg,845705_5.jpg,845705_6.jpg,845705_7.jpg,845705_8.jpg', 845705, '2021-04-26 10:49:26', '2021-05-19 19:29:43', 1, 0, 99),
	(33, 'Samsung Galaxy S21 Ultra 5G 16/512GB (black phantom)', 'Samsung', 'smartphones', 165264, '845690_0.jpg,845690_1.jpg,845690_2.jpg,845690_3.jpg,845690_4.jpg,845690_5.jpg,845690_6.jpg,845690_7.jpg,845690_8.jpg', 845690, '2021-04-26 10:49:33', '2021-05-19 19:29:43', 1, 0, 29),
	(34, 'Samsung Galaxy S21 Ultra 5G 16/512GB (silver phantom)', 'Samsung', 'smartphones', 165264, '845693_0.jpg,845693_1.jpg,845693_2.jpg,845693_3.jpg,845693_4.jpg,845693_5.jpg,845693_6.jpg,845693_7.jpg', 845693, '2021-04-26 10:49:41', '2021-05-19 19:29:43', 1, 0, 38),
	(35, 'Samsung Galaxy S21 Ultra 5G 12/256GB (silver phantom)', 'Samsung', 'smartphones', 147208, '845702_0.jpg,845702_1.jpg,845702_2.jpg,845702_3.jpg,845702_4.jpg,845702_5.jpg,845702_6.jpg,845702_7.jpg', 845702, '2021-04-26 10:49:48', '2021-05-19 19:29:43', 1, 0, 42),
	(36, 'Samsung Galaxy S21 Ultra 5G 12/128GB (silver phantom)', 'Samsung', 'smartphones', 140264, '845706_0.jpg,845706_1.jpg,845706_2.jpg,845706_3.jpg,845706_4.jpg,845706_5.jpg,845706_6.jpg,845706_7.jpg', 845706, '2021-04-26 10:49:55', '2021-05-19 19:29:43', 1, 0, 57),
	(37, 'Samsung Galaxy S21+ 5G 8/128GB (black phantom)', 'Samsung', 'smartphones', 111097, '845717_0.jpg,845717_1.jpg,845717_2.jpg,845717_3.jpg,845717_4.jpg,845717_5.jpg,845717_6.jpg,845717_7.jpg,845717_8.jpg', 845717, '2021-04-26 10:50:02', '2021-05-19 19:29:43', 1, 0, 90),
	(38, 'Samsung Galaxy S21+ 5G 8/128GB (indigo phantom)', 'Samsung', 'smartphones', 111097, '845668_0.jpg,845668_1.jpg,845668_2.jpg,845668_3.jpg,845668_4.jpg,845668_5.jpg,845668_6.jpg,845668_7.jpg', 845668, '2021-04-26 10:50:09', '2021-05-19 19:29:43', 1, 0, 37),
	(39, 'Samsung Galaxy S21+ 5G 8/256GB (black phantom)', 'Samsung', 'smartphones', 118042, '845708_0.jpg,845708_1.jpg,845708_2.jpg,845708_3.jpg,845708_4.jpg,845708_5.jpg,845708_6.jpg,845708_7.jpg,845708_8.jpg', 845708, '2021-04-26 10:50:16', '2021-05-19 19:29:43', 1, 0, 52),
	(40, 'Samsung Galaxy S21+ 5G 8/256GB (indigo phantom)', 'Samsung', 'smartphones', 118042, '845714_0.jpg,845714_1.jpg,845714_2.jpg,845714_3.jpg,845714_4.jpg,845714_5.jpg,845714_6.jpg,845714_7.jpg', 845714, '2021-04-26 10:50:23', '2021-05-19 19:29:43', 1, 0, 85),
	(41, 'Samsung Galaxy S21+ 5G 8/256GB (silver phantom)', 'Samsung', 'smartphones', 118042, '845711_0.jpg,845711_1.jpg,845711_2.jpg,845711_3.jpg,845711_4.jpg,845711_5.jpg,845711_6.jpg,845711_7.jpg,845711_8.jpg', 845711, '2021-04-26 10:50:30', '2021-05-19 19:29:43', 1, 0, 89),
	(42, 'Samsung Galaxy S21 5G 8/128GB (grey phantom)', 'Samsung', 'smartphones', 94431, '845700_0.jpg,845700_1.jpg,845700_2.jpg,845700_3.jpg,845700_4.jpg,845700_5.jpg,845700_6.jpg,845700_7.jpg,845700_8.jpg', 845700, '2021-04-26 10:50:37', '2021-05-19 19:29:43', 1, 0, 63),
	(43, 'Samsung Galaxy S21 5G 8/256GB (grey phantom)', 'Samsung', 'smartphones', 101375, '845667_0.jpg,845667_1.jpg,845667_2.jpg,845667_3.jpg,845667_4.jpg,845667_5.jpg,845667_6.jpg,845667_7.jpg,845667_8.jpg', 845667, '2021-04-26 10:50:44', '2021-05-19 19:29:43', 1, 0, 58),
	(44, 'Samsung Galaxy S21 5G 8/128GB (indigo phantom)', 'Samsung', 'smartphones', 94431, '845703_0.jpg,845703_1.jpg,845703_2.jpg,845703_3.jpg,845703_4.jpg,845703_5.jpg,845703_6.jpg,845703_7.jpg,845703_8.jpg', 845703, '2021-04-26 10:50:51', '2021-05-19 19:29:43', 1, 0, 36),
	(45, 'Samsung Galaxy S21 5G 8/256GB (indigo phantom)', 'Samsung', 'smartphones', 101375, '845691_0.jpg,845691_1.jpg,845691_2.jpg,845691_3.jpg,845691_4.jpg,845691_5.jpg,845691_6.jpg,845691_7.jpg,845691_8.jpg', 845691, '2021-04-26 10:50:58', '2021-05-19 19:29:43', 1, 0, 71),
	(46, 'Samsung Galaxy S21 5G 8/256GB (white phantom)', 'Samsung', 'smartphones', 101375, '845695_0.jpg,845695_1.jpg,845695_2.jpg,845695_3.jpg,845695_4.jpg,845695_5.jpg,845695_6.jpg,845695_7.jpg,845695_8.jpg', 845695, '2021-04-26 10:51:06', '2021-05-19 19:29:43', 1, 0, 29),
	(47, 'Samsung Galaxy S21 5G 8/256GB (pink phantom)', 'Samsung', 'smartphones', 101375, '845697_0.jpg,845697_1.jpg,845697_2.jpg,845697_3.jpg,845697_4.jpg,845697_5.jpg,845697_6.jpg,845697_7.jpg,845697_8.jpg', 845697, '2021-04-26 10:51:13', '2021-05-19 19:29:43', 1, 0, 91),
	(48, 'Samsung Galaxy A72 6/128GB (blue)', 'Samsung', 'smartphones', 49986, '851267_0.jpg,851267_1.jpg,851267_2.jpg,851267_3.jpg,851267_4.jpg,851267_5.jpg,851267_6.jpg,851267_7.jpg,851267_8.jpg', 851267, '2021-04-26 10:51:20', '2021-05-19 19:29:43', 1, 0, 71),
	(49, 'Samsung Galaxy A52 4/128GB (black)', 'Samsung', 'smartphones', 37486, '851280_0.jpg,851280_1.jpg,851280_2.jpg,851280_3.jpg,851280_4.jpg,851280_5.jpg,851280_6.jpg,851280_7.jpg,851280_8.jpg', 851280, '2021-04-26 10:51:28', '2021-05-19 19:29:43', 1, 0, 36),
	(50, 'Apple iPhone 12 Pro Max 128GB (Pacific blue)', 'Apple', 'smartphones', 140542, '835308_0.jpg,835308_1.jpg,835308_2.jpg,835308_3.jpg,835308_4.jpg,835308_5.jpg,835308_6.jpg,835308_7.jpg,835308_8.jpg', 835308, '2021-04-26 10:51:35', '2021-05-19 19:29:43', 1, 0, 22),
	(51, 'Samsung Galaxy A32 4/128GB (lavender)', 'Samsung', 'smartphones', 30542, '851289_0.jpg,851289_1.jpg,851289_2.jpg,851289_3.jpg,851289_4.jpg,851289_5.jpg,851289_6.jpg,851289_7.jpg,851289_8.jpg', 851289, '2021-04-26 10:51:42', '2021-05-19 19:29:43', 1, 0, 44),
	(52, 'ZTE Blade V2020 Smart 4/64GB (blue)', 'ZTE', 'smartphones', 15958, '835108_0.jpg,835108_1.jpg,835108_2.jpg,835108_3.jpg,835108_4.jpg,835108_5.jpg,835108_6.jpg,835108_7.jpg', 835108, '2021-04-26 10:51:49', '2021-05-19 19:29:43', 1, 0, 84),
	(53, 'ZTE Blade V2020 Smart 4/64GB (silver-grey)', 'ZTE', 'smartphones', 15958, '835109_0.jpg,835109_1.jpg,835109_2.jpg,835109_3.jpg,835109_4.jpg,835109_5.jpg,835109_6.jpg,835109_7.jpg', 835109, '2021-04-26 10:51:56', '2021-05-19 19:29:43', 1, 0, 60),
	(54, 'Honor 10X Lite 4/128GB (midnight black)', 'Honor', 'smartphones', 22208, '836182_0.jpg,836182_1.jpg,836182_2.jpg,836182_3.jpg,836182_4.jpg,836182_5.jpg,836182_6.jpg,836182_7.jpg,836182_8.jpg,836182_9.jpg,836182_10.jpg,836182_11.jpg', 836182, '2021-04-26 10:52:03', '2021-05-19 19:29:43', 1, 0, 67),
	(55, 'Honor 10X Lite 4/128GB (ultraindigo sunset)', 'Honor', 'smartphones', 22208, '836186_0.jpg,836186_1.jpg,836186_2.jpg,836186_3.jpg,836186_4.jpg,836186_5.jpg,836186_6.jpg,836186_7.jpg,836186_8.jpg,836186_9.jpg,836186_10.jpg,836186_11.jpg', 836186, '2021-04-26 10:52:10', '2021-05-19 19:29:43', 1, 0, 77),
	(56, 'Honor 10X Lite 4/128GB (emerald green)', 'Honor', 'smartphones', 22208, '836184_0.jpg,836184_1.jpg,836184_2.jpg,836184_3.jpg,836184_4.jpg,836184_5.jpg,836184_6.jpg,836184_7.jpg,836184_8.jpg,836184_9.jpg,836184_10.jpg,836184_11.jpg', 836184, '2021-04-26 10:52:18', '2021-05-19 19:29:43', 1, 0, 57),
	(57, 'Samsung Galaxy Z Flip 8/256GB (black brilliant)', 'Samsung', 'smartphones', 97208, '811902_0.jpg,811902_1.jpg,811902_2.jpg,811902_3.jpg,811902_4.jpg,811902_5.jpg,811902_6.jpg,811902_7.jpg,811902_8.jpg', 811902, '2021-04-26 10:52:25', '2021-05-19 19:29:43', 1, 0, 33),
	(58, 'Apple iPhone 12 256GB (indigo)', 'Apple', 'smartphones', 131931, '859106_0.jpg,859106_1.jpg,859106_2.jpg,859106_3.jpg,859106_4.jpg,859106_5.jpg,859106_6.jpg,859106_7.jpg,859106_8.jpg', 859106, '2021-04-26 11:14:03', '2021-06-05 10:48:58', 1, 1, 61),
	(59, 'Apple iPhone 12 256GB (indigo)', 'Apple', 'smartphones', 131931, '859106_0.jpg,859106_1.jpg,859106_2.jpg,859106_3.jpg,859106_4.jpg,859106_5.jpg,859106_6.jpg,859106_7.jpg,859106_8.jpg', 859106, '2021-04-26 14:24:02', '2021-06-05 15:32:43', 1, 1, 79),
	(60, 'Honor 9S 32GB (black)', 'Honor', 'smartphones', 9708, '818758_0.jpg,818758_1.jpg,818758_2.jpg,818758_3.jpg,818758_4.jpg,818758_5.jpg,818758_6.jpg', 818758, '2021-04-26 14:24:10', '2021-05-19 19:29:43', 1, 0, 56),
	(61, 'Apple iPhone 12 256GB (indigo)', 'Apple', 'smartphones', 131931, '859106_0.jpg,859106_1.jpg,859106_2.jpg,859106_3.jpg,859106_4.jpg,859106_5.jpg,859106_6.jpg,859106_7.jpg,859106_8.jpg', 859106, '2021-04-26 14:26:07', '2021-05-19 19:29:43', 1, 0, 36),
	(62, 'Honor 9S 32GB (black)', 'Honor', 'smartphones', 9708, '818758_0.jpg,818758_1.jpg,818758_2.jpg,818758_3.jpg,818758_4.jpg,818758_5.jpg,818758_6.jpg', 818758, '2021-04-26 14:26:15', '2021-05-19 19:29:43', 1, 0, 65),
	(63, 'Apple iPhone 12 256GB (indigo)', 'Apple', 'smartphones', 131931, '859106_0.jpg,859106_1.jpg,859106_2.jpg,859106_3.jpg,859106_4.jpg,859106_5.jpg,859106_6.jpg,859106_7.jpg,859106_8.jpg', 859106, '2021-04-26 14:29:06', '2021-06-13 10:28:52', 1, 1, 48),
	(64, 'Honor 9S 32GB (black)', 'Honor', 'smartphones', 9708, '818758_0.jpg', 818758, '2021-04-26 14:29:13', '2021-05-19 19:29:43', 1, 0, 89),
	(65, 'Honor 9S 32GB (blue)', 'Honor', 'smartphones', 9708, '818759_0.jpg,818759_1.jpg,818759_2.jpg,818759_3.jpg,818759_4.jpg,818759_5.jpg,818759_6.jpg', 818759, '2021-04-26 14:29:20', '2021-05-19 19:29:43', 1, 0, 100),
	(66, 'Honor 9A 64GB (blue)', 'Honor', 'smartphones', 15264, '818842_0.jpg,818842_1.jpg,818842_2.jpg,818842_3.jpg,818842_4.jpg,818842_5.jpg,818842_6.jpg,818842_7.jpg,818842_8.jpg,818842_9.jpg,818842_10.jpg,818842_11.jpg', 818842, '2021-04-26 14:29:28', '2021-05-19 19:29:43', 1, 0, 63),
	(67, 'Samsung Galaxy A31 4/64GB (black)', 'Samsung', 'smartphones', 20819, '816399_0.jpg,816399_1.jpg,816399_2.jpg,816399_3.jpg,816399_4.jpg,816399_5.jpg', 816399, '2021-04-26 14:29:36', '2021-05-19 19:29:43', 1, 0, 66),
	(68, 'Samsung Galaxy A31 4/128GB (black)', 'Samsung', 'smartphones', 22903, '816412_0.jpg,816412_1.jpg,816412_2.jpg,816412_3.jpg,816412_4.jpg,816412_5.jpg', 816412, '2021-04-26 14:29:44', '2021-05-19 19:29:43', 1, 0, 22),
	(69, 'Samsung Galaxy A71 6/128GB (black)', 'Samsung', 'smartphones', 36514, '807631_0.jpg,807631_1.jpg,807631_2.jpg,807631_3.jpg,807631_4.jpg,807631_5.jpg', 807631, '2021-04-26 14:29:51', '2021-06-09 11:11:57', 1, 2, 69),
	(70, 'Samsung Galaxy A31 4/128GB (white)', 'Samsung', 'smartphones', 22903, '816415_0.jpg,816415_1.jpg,816415_2.jpg,816415_3.jpg,816415_4.jpg,816415_5.jpg', 816415, '2021-04-26 14:29:59', '2021-05-19 19:29:43', 1, 0, 91),
	(71, 'Samsung Galaxy A31 4/64GB (white)', 'Samsung', 'smartphones', 20819, '816411_0.jpg,816411_1.jpg,816411_2.jpg,816411_3.jpg,816411_4.jpg,816411_5.jpg', 816411, '2021-04-26 14:30:07', '2021-05-19 19:29:43', 1, 0, 84),
	(72, 'Samsung Galaxy A71 6/128GB (silver)', 'Samsung', 'smartphones', 36514, '807596_0.jpg,807596_1.jpg,807596_2.jpg,807596_3.jpg,807596_4.jpg', 807596, '2021-04-26 14:30:14', '2021-05-19 19:29:43', 1, 0, 70),
	(73, 'Samsung Galaxy A51 4/64GB (black)', 'Samsung', 'smartphones', 27069, '807537_0.jpg,807537_1.jpg,807537_2.jpg,807537_3.jpg,807537_4.jpg,807537_5.jpg', 807537, '2021-04-26 14:30:22', '2021-05-19 19:29:43', 1, 0, 34),
	(74, 'Samsung Galaxy A31 4/64GB (red)', 'Samsung', 'smartphones', 20819, '816410_0.jpg,816410_1.jpg,816410_2.jpg,816410_3.jpg,816410_4.jpg,816410_5.jpg', 816410, '2021-04-26 14:30:30', '2021-05-19 19:29:43', 1, 0, 54),
	(75, 'Samsung Galaxy A71 6/128GB (light blue)', 'Samsung', 'smartphones', 36514, '807589_0.jpg,807589_1.jpg,807589_2.jpg,807589_3.jpg,807589_4.jpg,807589_5.jpg', 807589, '2021-04-26 14:30:38', '2021-05-19 19:29:43', 1, 0, 48),
	(76, 'Samsung Galaxy A51 6/128GB (red)', 'Samsung', 'smartphones', 29153, '807587_0.jpg,807587_1.jpg,807587_2.jpg,807587_3.jpg,807587_4.jpg,807587_5.jpg', 807587, '2021-04-26 14:30:46', '2021-05-19 19:29:43', 1, 0, 29),
	(77, 'Samsung Galaxy A51 4/64GB (white)', 'Samsung', 'smartphones', 27069, '807538_0.jpg,807538_1.jpg,807538_2.jpg,807538_3.jpg,807538_4.jpg,807538_5.jpg', 807538, '2021-04-26 14:30:54', '2021-05-19 19:29:43', 1, 0, 56),
	(78, 'Samsung Galaxy A31 4/128GB (red)', 'Samsung', 'smartphones', 22903, '816414_0.jpg,816414_1.jpg,816414_2.jpg,816414_3.jpg,816414_4.jpg,816414_5.jpg', 816414, '2021-04-26 14:31:01', '2021-05-19 19:29:43', 1, 0, 82),
	(79, 'Samsung Galaxy A51 4/64GB (red)', 'Samsung', 'smartphones', 27069, '807567_0.jpg,807567_1.jpg,807567_2.jpg,807567_3.jpg,807567_4.jpg,807567_5.jpg', 807567, '2021-04-26 14:31:09', '2021-05-19 19:29:43', 1, 0, 74),
	(80, 'Honor 9C 4/64GB (midnight black)', 'Honor', 'smartphones', 16646, '818844_0.jpg,818844_1.jpg,818844_2.jpg,818844_3.jpg,818844_4.jpg,818844_5.jpg,818844_6.jpg,818844_7.jpg,818844_8.jpg,818844_9.jpg,818844_10.jpg,818844_11.jpg', 818844, '2021-04-26 14:31:17', '2021-05-19 19:29:44', 1, 0, 88),
	(81, 'Apple iPhone 11 128GB with new package (black)', 'Apple', 'smartphones', 79431, '836847_0.jpg,836847_1.jpg,836847_2.jpg,836847_3.jpg,836847_4.jpg', 836847, '2021-04-26 14:31:26', '2021-05-19 19:29:44', 1, 0, 95),
	(82, 'Apple iPhone 11 128GB with new package (indigo)', 'Apple', 'smartphones', 79431, '836662_0.jpg,836662_1.jpg,836662_2.jpg,836662_3.jpg,836662_4.jpg,836662_5.jpg,836662_6.jpg', 836662, '2021-04-26 14:31:33', '2021-05-19 19:29:44', 1, 1, 37),
	(83, 'Apple iPhone 11 64GB with new package (black)', 'Apple', 'smartphones', 71653, '836908_0.jpg,836908_1.jpg,836908_2.jpg,836908_3.jpg,836908_4.jpg', 836908, '2021-04-26 14:31:41', '2021-05-19 19:29:44', 1, 0, 37),
	(84, 'Apple iPhone 11 128GB with new package (white)', 'Apple', 'smartphones', 79431, '836942_0.jpg,836942_1.jpg,836942_2.jpg,836942_3.jpg,836942_4.jpg', 836942, '2021-04-26 14:31:49', '2021-05-19 19:29:44', 1, 1, 92),
	(85, 'Samsung Galaxy S20 FE G780F 6/128GB (dark-blue)', 'Samsung', 'smartphones', 63875, '832673_0.jpg,832673_1.jpg,832673_2.jpg,832673_3.jpg,832673_4.jpg,832673_5.jpg', 832673, '2021-04-26 14:31:56', '2021-05-19 19:29:44', 1, 0, 100),
	(86, 'Apple iPhone 11 128GB with new package (green)', 'Apple', 'smartphones', 79431, '836845_0.jpg,836845_1.jpg,836845_2.jpg,836845_3.jpg,836845_4.jpg', 836845, '2021-04-26 14:32:04', '2021-05-19 19:29:44', 1, 0, 84),
	(87, 'Apple iPhone 12 Pro 128GB (Pacific blue)', 'Apple', 'smartphones', 127764, '835252_0.jpg,835252_1.jpg,835252_2.jpg,835252_3.jpg,835252_4.jpg,835252_5.jpg,835252_6.jpg,835252_7.jpg,835252_8.jpg', 835252, '2021-04-26 14:32:13', '2021-05-19 19:29:44', 1, 0, 83),
	(88, 'Apple iPhone 11 64GB with new package (white)', 'Apple', 'smartphones', 71653, '836889_0.jpg,836889_1.jpg,836889_2.jpg,836889_3.jpg,836889_4.jpg', 836889, '2021-04-26 14:32:20', '2021-05-19 19:29:44', 1, 0, 65),
	(89, 'Apple iPhone 11 64GB with new package (indigo)', 'Apple', 'smartphones', 71653, '836661_0.jpg', 836661, '2021-04-26 14:32:28', '2021-05-19 19:29:44', 1, 0, 28),
	(90, 'Xiaomi Redmi Note 10 Pro 8/128GB (light blue лед)', 'Xiaomi', 'smartphones', 40264, '852986_0.jpg,852986_1.jpg,852986_2.jpg,852986_3.jpg,852986_4.jpg,852986_5.jpg,852986_6.jpg,852986_7.jpg,852986_8.jpg,852986_9.jpg,852986_10.jpg', 852986, '2021-04-26 14:32:36', '2021-05-19 19:29:44', 1, 0, 40),
	(91, 'Samsung Galaxy A41 4/64GB (black)', 'Samsung', 'smartphones', 23597, '818755_0.jpg,818755_1.jpg,818755_2.jpg,818755_3.jpg,818755_4.jpg,818755_5.jpg', 818755, '2021-04-26 14:32:43', '2021-05-19 19:29:44', 1, 0, 39),
	(92, 'Samsung Galaxy S20 FE G780F 6/128GB (lavender)', 'Samsung', 'smartphones', 63875, '832681_0.jpg,832681_1.jpg,832681_2.jpg,832681_3.jpg,832681_4.jpg,832681_5.jpg', 832681, '2021-04-26 14:32:51', '2021-05-19 19:29:44', 1, 0, 100),
	(93, 'Apple iPhone XR 64GB with new package (black)', 'Apple', 'smartphones', 62486, '837030_0.jpg,837030_1.jpg,837030_2.jpg,837030_3.jpg', 837030, '2021-04-26 14:32:59', '2021-05-19 19:29:44', 1, 1, 22),
	(94, 'Samsung Galaxy A51 6/128GB (black)', 'Samsung', 'smartphones', 29153, '807590_0.jpg,807590_1.jpg,807590_2.jpg,807590_3.jpg,807590_4.jpg,807590_5.jpg', 807590, '2021-04-26 14:33:06', '2021-05-19 19:29:44', 1, 0, 56),
	(95, 'Apple iPhone 12 Pro 128GB (graphite)', 'Apple', 'smartphones', 127764, '835187_0.jpg,835187_1.jpg,835187_2.jpg,835187_3.jpg,835187_4.jpg,835187_5.jpg,835187_6.jpg,835187_7.jpg,835187_8.jpg', 835187, '2021-04-26 14:33:15', '2021-05-19 19:29:44', 1, 0, 40),
	(96, 'Samsung Galaxy A32 4/64GB (lavender)', 'Samsung', 'smartphones', 27764, '851293_0.jpg,851293_1.jpg,851293_2.jpg,851293_3.jpg,851293_4.jpg,851293_5.jpg,851293_6.jpg,851293_7.jpg,851293_8.jpg', 851293, '2021-04-26 14:33:23', '2021-05-19 19:29:44', 1, 0, 88),
	(97, 'Xiaomi Redmi Note 10 Pro 8/128GB (grey onyx)', 'Xiaomi', 'smartphones', 40264, '853013_0.jpg,853013_1.jpg,853013_2.jpg,853013_3.jpg,853013_4.jpg,853013_5.jpg,853013_6.jpg,853013_7.jpg,853013_8.jpg,853013_9.jpg,853013_10.jpg', 853013, '2021-04-26 14:33:31', '2021-05-19 19:29:44', 1, 0, 29),
	(98, 'Apple iPhone 11 128GB with new package (PRODUCT)RED', 'Apple', 'smartphones', 79431, '836938_0.jpg,836938_1.jpg,836938_2.jpg,836938_3.jpg,836938_4.jpg', 836938, '2021-04-26 14:33:39', '2021-05-19 19:29:44', 1, 0, 52),
	(99, 'Apple iPhone 12 Pro Max 256GB (Pacific blue)', 'Apple', 'smartphones', 153319, '835255_0.jpg,835255_1.jpg,835255_2.jpg,835255_3.jpg,835255_4.jpg,835255_5.jpg,835255_6.jpg,835255_7.jpg,835255_8.jpg', 835255, '2021-04-26 14:33:47', '2021-05-19 19:29:44', 1, 0, 52),
	(100, 'Apple iPhone SE 2020 64GB with new package (black)', 'Apple', 'smartphones', 55542, '836997_0.jpg,836997_1.jpg,836997_2.jpg,836997_3.jpg,836997_4.jpg,836997_5.jpg,836997_6.jpg', 836997, '2021-04-26 14:33:55', '2021-06-13 13:20:54', 1, 25, 55),
	(101, 'Apple iPhone 12 Pro 128GB (gold)', 'Apple', 'smartphones', 127764, '835233_0.jpg,835233_1.jpg,835233_2.jpg,835233_3.jpg,835233_4.jpg,835233_5.jpg,835233_6.jpg,835233_7.jpg,835233_8.jpg', 835233, '2021-04-26 14:34:04', '2021-05-19 19:29:44', 1, 0, 39),
	(102, 'Samsung Galaxy A32 4/64GB (black)', 'Samsung', 'smartphones', 27764, '851262_0.jpg,851262_1.jpg,851262_2.jpg,851262_3.jpg,851262_4.jpg,851262_5.jpg,851262_6.jpg', 851262, '2021-04-26 14:34:11', '2021-05-19 19:29:44', 1, 0, 25),
	(103, 'Apple iPhone 12 Pro 256GB (Pacific blue)', 'Apple', 'smartphones', 140542, '835277_0.jpg,835277_1.jpg,835277_2.jpg,835277_3.jpg,835277_4.jpg,835277_5.jpg,835277_6.jpg,835277_7.jpg,835277_8.jpg', 835277, '2021-04-26 14:34:20', '2021-05-19 19:29:44', 1, 0, 96),
	(104, 'Samsung Galaxy A52 4/128GB (lavender)', 'Samsung', 'smartphones', 37486, '851285_0.jpg,851285_1.jpg,851285_2.jpg,851285_3.jpg,851285_4.jpg,851285_5.jpg,851285_6.jpg,851285_7.jpg,851285_8.jpg', 851285, '2021-04-26 14:34:27', '2021-05-19 19:29:44', 1, 0, 37),
	(105, 'Apple iPhone 11 64GB with new package (green)', 'Apple', 'smartphones', 71653, '836848_0.jpg,836848_1.jpg,836848_2.jpg,836848_3.jpg,836848_4.jpg', 836848, '2021-04-26 14:34:35', '2021-05-19 19:29:44', 1, 0, 79),
	(106, 'Xiaomi Redmi Note 9 Pro 6/128GB (green)', 'Xiaomi', 'smartphones', 33319, '821237_0.jpg,821237_1.jpg,821237_2.jpg,821237_3.jpg,821237_4.jpg,821237_5.jpg,821237_6.jpg,821237_7.jpg,821237_8.jpg,821237_9.jpg,821237_10.jpg,821237_11.jpg,821237_12.jpg', 821237, '2021-04-26 14:34:43', '2021-05-19 19:29:44', 1, 0, 71),
	(107, 'Apple iPhone 12 128GB (blue)', 'Apple', 'smartphones', 108597, '835240_0.jpg,835240_1.jpg,835240_2.jpg,835240_3.jpg,835240_4.jpg,835240_5.jpg,835240_6.jpg,835240_7.jpg', 835240, '2021-04-26 14:34:52', '2021-05-19 19:29:44', 1, 0, 27),
	(108, 'Apple iPhone 12 Pro 128GB (silver)', 'Apple', 'smartphones', 127764, '835257_0.jpg,835257_1.jpg,835257_2.jpg,835257_3.jpg,835257_4.jpg,835257_5.jpg,835257_6.jpg,835257_7.jpg,835257_8.jpg', 835257, '2021-04-26 14:35:00', '2021-05-19 19:29:44', 1, 0, 23),
	(109, 'Apple iPhone 12 Pro Max 128GB (gold)', 'Apple', 'smartphones', 140542, '835306_0.jpg,835306_1.jpg,835306_2.jpg,835306_3.jpg,835306_4.jpg,835306_5.jpg,835306_6.jpg,835306_7.jpg,835306_8.jpg', 835306, '2021-04-26 14:35:08', '2021-05-19 19:29:44', 1, 0, 30),
	(110, 'Apple iPhone XR 128GB with new package (black)', 'Apple', 'smartphones', 68042, '837004_0.jpg,837004_1.jpg,837004_2.jpg,837004_3.jpg', 837004, '2021-04-26 14:35:16', '2021-05-19 19:29:44', 1, 0, 53),
	(111, 'Samsung Galaxy S20 FE G780F 6/128GB (white)', 'Samsung', 'smartphones', 69431, '832676_0.jpg,832676_1.jpg,832676_2.jpg,832676_3.jpg,832676_4.jpg,832676_5.jpg', 832676, '2021-04-26 14:35:24', '2021-05-19 19:29:44', 1, 0, 29),
	(112, 'Apple iPhone 12 128GB (black)', 'Apple', 'smartphones', 108597, '835195_0.jpg,835195_1.jpg,835195_2.jpg,835195_3.jpg,835195_4.jpg,835195_5.jpg,835195_6.jpg,835195_7.jpg', 835195, '2021-04-26 14:35:32', '2021-05-19 19:29:44', 1, 0, 41),
	(113, 'Apple iPhone 11 64GB with new package (PRODUCT)RED', 'Apple', 'smartphones', 71653, '836909_0.jpg,836909_1.jpg,836909_2.jpg,836909_3.jpg,836909_4.jpg', 836909, '2021-04-26 14:35:40', '2021-05-19 19:29:44', 1, 0, 68),
	(114, 'Samsung Galaxy A52 8/256GB (black)', 'Samsung', 'smartphones', 45819, '851281_0.jpg,851281_1.jpg,851281_2.jpg,851281_3.jpg,851281_4.jpg,851281_5.jpg,851281_6.jpg,851281_7.jpg,851281_8.jpg', 851281, '2021-04-26 14:35:48', '2021-05-19 19:29:44', 1, 0, 46),
	(115, 'Samsung Galaxy M21 4/64GB (black)', 'Samsung', 'smartphones', 22208, '818615_0.jpg,818615_1.jpg,818615_2.jpg,818615_3.jpg,818615_4.jpg,818615_5.jpg', 818615, '2021-04-26 14:35:56', '2021-05-19 19:29:44', 1, 0, 47),
	(116, 'Samsung Galaxy A51 6/128GB (light blue)', 'Samsung', 'smartphones', 29153, '828256_0.jpg,828256_1.jpg,828256_2.jpg,828256_3.jpg,828256_4.jpg,828256_5.jpg', 828256, '2021-04-26 14:36:04', '2021-05-19 19:29:44', 1, 0, 33),
	(117, 'Apple iPhone XR 64GB with new package (white)', 'Apple', 'smartphones', 62486, '836663_0.jpg,836663_1.jpg,836663_2.jpg,836663_3.jpg', 836663, '2021-04-26 14:36:12', '2021-05-19 19:29:44', 1, 0, 56),
	(118, 'POCO X3 Pro 8/256GB (black phantom)', 'POCO', 'smartphones', 36097, '856994_0.jpg,856994_1.jpg,856994_2.jpg,856994_3.jpg,856994_4.jpg,856994_5.jpg,856994_6.jpg,856994_7.jpg,856994_8.jpg', 856994, '2021-04-26 14:36:20', '2021-05-19 19:29:44', 1, 0, 83),
	(119, 'Apple iPhone 12 mini 64GB (black)', 'Apple', 'smartphones', 89431, '835301_0.jpg,835301_1.jpg,835301_2.jpg,835301_3.jpg,835301_4.jpg,835301_5.jpg,835301_6.jpg,835301_7.jpg', 835301, '2021-04-26 14:36:28', '2021-05-19 19:29:44', 1, 0, 27),
	(120, 'Apple iPhone 12 Pro 256GB (graphite)', 'Apple', 'smartphones', 140542, '835258_0.jpg,835258_1.jpg,835258_2.jpg,835258_3.jpg,835258_4.jpg,835258_5.jpg,835258_6.jpg,835258_7.jpg,835258_8.jpg', 835258, '2021-04-26 14:36:37', '2021-05-19 19:29:44', 1, 0, 87),
	(121, 'Apple iPhone 12 Pro Max 256GB (graphite)', 'Apple', 'smartphones', 153319, '835231_0.jpg,835231_1.jpg,835231_2.jpg,835231_3.jpg,835231_4.jpg,835231_5.jpg,835231_6.jpg,835231_7.jpg,835231_8.jpg', 835231, '2021-04-26 14:36:45', '2021-05-19 19:29:44', 1, 0, 78),
	(122, 'Xiaomi Redmi 9C NFC 64GB (grey)', 'Xiaomi', 'smartphones', 15264, '829086_0.jpg,829086_1.jpg,829086_2.jpg,829086_3.jpg,829086_4.jpg', 829086, '2021-04-26 14:36:53', '2021-05-19 19:29:44', 1, 0, 98),
	(123, 'Xiaomi Redmi 9T 4/64GB (grey сarbon)', 'Xiaomi', 'smartphones', 20819, '852983_0.jpg,852983_1.jpg,852983_2.jpg,852983_3.jpg,852983_4.jpg,852983_5.jpg,852983_6.jpg,852983_7.jpg,852983_8.jpg,852983_9.jpg,852983_10.jpg', 852983, '2021-04-26 14:37:00', '2021-05-19 19:29:44', 1, 0, 63),
	(124, 'Apple iPhone 12 Pro Max 256GB (gold)', 'Apple', 'smartphones', 153319, '835250_0.jpg,835250_1.jpg,835250_2.jpg,835250_3.jpg,835250_4.jpg,835250_5.jpg,835250_6.jpg,835250_7.jpg,835250_8.jpg', 835250, '2021-04-26 14:37:08', '2021-05-19 19:29:44', 1, 0, 44),
	(125, 'Apple iPhone 12 mini 128GB (blue)', 'Apple', 'smartphones', 95819, '835256_0.jpg,835256_1.jpg,835256_2.jpg,835256_3.jpg,835256_4.jpg,835256_5.jpg,835256_6.jpg,835256_7.jpg', 835256, '2021-04-26 14:37:17', '2021-05-19 19:29:44', 1, 0, 81),
	(126, 'Apple iPhone 11 128GB with new package (yellow)', 'Apple', 'smartphones', 79431, '836944_0.jpg,836944_1.jpg,836944_2.jpg,836944_3.jpg,836944_4.jpg', 836944, '2021-04-26 14:37:24', '2021-05-19 19:29:44', 1, 0, 53),
	(127, 'Samsung Galaxy A32 4/128GB (black)', 'Samsung', 'smartphones', 30542, '851259_0.jpg,851259_1.jpg,851259_2.jpg,851259_3.jpg,851259_4.jpg,851259_5.jpg,851259_6.jpg', 851259, '2021-04-26 14:37:32', '2021-05-19 19:29:44', 1, 0, 28),
	(128, 'Xiaomi Redmi 9T 4/64GB (blue twilight)', 'Xiaomi', 'smartphones', 20819, '852982_0.jpg,852982_1.jpg,852982_2.jpg,852982_3.jpg,852982_4.jpg,852982_5.jpg,852982_6.jpg,852982_7.jpg,852982_8.jpg,852982_9.jpg,852982_10.jpg', 852982, '2021-04-26 14:37:40', '2021-05-19 19:29:44', 1, 0, 21),
	(129, 'Apple iPhone 12 Pro Max 128GB (graphite)', 'Apple', 'smartphones', 140542, '835305_0.jpg,835305_1.jpg,835305_2.jpg,835305_3.jpg,835305_4.jpg,835305_5.jpg,835305_6.jpg,835305_7.jpg,835305_8.jpg', 835305, '2021-04-26 14:37:49', '2021-05-19 19:29:44', 1, 0, 40),
	(130, 'Apple iPhone 12 128GB (white)', 'Apple', 'smartphones', 108597, '835244_0.jpg,835244_1.jpg,835244_2.jpg,835244_3.jpg,835244_4.jpg,835244_5.jpg,835244_6.jpg,835244_7.jpg', 835244, '2021-04-26 14:37:58', '2021-05-19 19:29:44', 1, 0, 98),
	(131, 'Xiaomi Redmi Note 8 Pro 6/64GB (blue)', 'Xiaomi', 'smartphones', 22208, '802899_0.jpg,802899_1.jpg,802899_2.jpg,802899_3.jpg,802899_4.jpg,802899_5.jpg,802899_6.jpg,802899_7.jpg,802899_8.jpg', 802899, '2021-04-26 14:38:05', '2021-05-19 19:29:44', 1, 0, 96),
	(132, 'Apple iPhone 11 256GB with new package (indigo)', 'Apple', 'smartphones', 89431, '836844_0.jpg,836844_1.jpg,836844_2.jpg,836844_3.jpg,836844_4.jpg,836844_5.jpg,836844_6.jpg', 836844, '2021-04-26 14:38:13', '2021-05-19 19:29:44', 1, 0, 74),
	(133, 'Apple iPhone 11 256GB with new package (black)', 'Apple', 'smartphones', 89431, '836953_0.jpg,836953_1.jpg,836953_2.jpg,836953_3.jpg,836953_4.jpg', 836953, '2021-04-26 14:38:21', '2021-05-19 19:29:44', 1, 0, 53),
	(134, 'vivo Y31 4/128GB (black)', 'Vivo', 'smartphones', 20819, '849433_0.jpg,849433_1.jpg,849433_2.jpg,849433_3.jpg,849433_4.jpg,849433_5.jpg,849433_6.jpg,849433_7.jpg,849433_8.jpg', 849433, '2021-04-26 14:38:28', '2021-05-19 19:29:44', 1, 0, 49),
	(135, 'POCO X3 Pro 6/128GB (black phantom)', 'POCO', 'smartphones', 31931, '856993_0.jpg,856993_1.jpg,856993_2.jpg,856993_3.jpg,856993_4.jpg,856993_5.jpg,856993_6.jpg,856993_7.jpg,856993_8.jpg', 856993, '2021-04-26 14:38:35', '2021-05-19 19:29:44', 1, 0, 52),
	(136, 'Samsung Galaxy S20 Ultra 12/128GB (black)', 'Samsung', 'smartphones', 97208, '811662_0.jpg,811662_1.jpg,811662_2.jpg,811662_3.jpg,811662_4.jpg,811662_5.jpg', 811662, '2021-04-26 14:38:43', '2021-05-19 19:29:44', 1, 0, 58),
	(137, 'Realme 6 Pro 8/128GB (blue)', 'Realme', 'smartphones', 31931, '816225_0.jpg,816225_1.jpg,816225_2.jpg,816225_3.jpg,816225_4.jpg,816225_5.jpg,816225_6.jpg,816225_7.jpg,816225_8.jpg', 816225, '2021-04-26 14:38:52', '2021-05-19 19:29:44', 1, 0, 39),
	(138, 'Apple iPhone 12 mini 128GB (black)', 'Apple', 'smartphones', 95819, '835186_0.jpg,835186_1.jpg,835186_2.jpg,835186_3.jpg,835186_4.jpg,835186_5.jpg,835186_6.jpg,835186_7.jpg', 835186, '2021-04-26 14:39:00', '2021-05-19 19:29:44', 1, 0, 39),
	(139, 'Apple iPhone 12 Pro 256GB (silver)', 'Apple', 'smartphones', 140542, '835290_0.jpg,835290_1.jpg,835290_2.jpg,835290_3.jpg,835290_4.jpg,835290_5.jpg,835290_6.jpg,835290_7.jpg,835290_8.jpg', 835290, '2021-04-26 14:39:09', '2021-05-19 19:29:44', 1, 0, 80),
	(140, 'Apple iPhone 12 Pro Max 512GB (Pacific blue)', 'Apple', 'smartphones', 178875, '835291_0.jpg,835291_1.jpg,835291_2.jpg,835291_3.jpg,835291_4.jpg,835291_5.jpg,835291_6.jpg,835291_7.jpg,835291_8.jpg', 835291, '2021-04-26 14:39:17', '2021-05-19 19:29:44', 1, 0, 32),
	(141, 'Apple iPhone 12 128GB (green)', 'Apple', 'smartphones', 108597, '835263_0.jpg,835263_1.jpg,835263_2.jpg,835263_3.jpg,835263_4.jpg,835263_5.jpg,835263_6.jpg,835263_7.jpg', 835263, '2021-04-26 14:39:25', '2021-05-19 19:29:44', 1, 0, 20),
	(142, 'Apple iPhone 12 Pro 256GB (gold)', 'Apple', 'smartphones', 140542, '835272_0.jpg,835272_1.jpg,835272_2.jpg,835272_3.jpg,835272_4.jpg,835272_5.jpg,835272_6.jpg,835272_7.jpg,835272_8.jpg', 835272, '2021-04-26 14:39:33', '2021-05-19 19:29:44', 1, 0, 84),
	(143, 'Apple iPhone 12 Pro Max 256GB (silver)', 'Apple', 'smartphones', 153319, '835270_0.jpg,835270_1.jpg,835270_2.jpg,835270_3.jpg,835270_4.jpg,835270_5.jpg,835270_6.jpg,835270_7.jpg,835270_8.jpg', 835270, '2021-04-26 14:39:42', '2021-05-19 19:29:44', 1, 0, 38),
	(144, 'Apple iPhone XR 64GB with new package (PRODUCT)RED', 'Apple', 'smartphones', 62486, '837032_0.jpg,837032_1.jpg,837032_2.jpg,837032_3.jpg,837032_4.jpg', 837032, '2021-04-26 14:39:49', '2021-05-19 19:29:44', 1, 0, 88),
	(145, 'Huawei P Smart (2021) 4/128GB (midnight black)', 'Huawei', 'smartphones', 20819, '845074_0.jpg,845074_1.jpg,845074_2.jpg,845074_3.jpg,845074_4.jpg,845074_5.jpg,845074_6.jpg,845074_7.jpg,845074_8.jpg', 845074, '2021-04-26 14:39:57', '2021-05-19 19:29:44', 1, 0, 82),
	(146, 'Xiaomi Redmi Note 10 4/64GB (white)', 'Xiaomi', 'smartphones', 22486, '855679_0.jpg,855679_1.jpg,855679_2.jpg,855679_3.jpg,855679_4.jpg,855679_5.jpg,855679_6.jpg,855679_7.jpg,855679_8.jpg,855679_9.jpg,855679_10.jpg', 855679, '2021-04-26 14:40:04', '2021-05-19 19:29:44', 1, 0, 80),
	(147, 'Samsung Galaxy M51 6/128GB (black)', 'Samsung', 'smartphones', 42347, '830799_0.jpg,830799_1.jpg,830799_2.jpg,830799_3.jpg,830799_4.jpg,830799_5.jpg', 830799, '2021-04-26 14:40:12', '2021-05-19 19:29:44', 1, 0, 59),
	(148, 'Samsung Galaxy M21 4/64GB (turquoise)', 'Samsung', 'smartphones', 22208, '818618_0.jpg,818618_1.jpg,818618_2.jpg,818618_3.jpg,818618_4.jpg,818618_5.jpg', 818618, '2021-04-26 14:40:19', '2021-05-19 19:29:44', 1, 0, 27),
	(149, 'Samsung Galaxy Note 10 Lite 6/128GB (black)', 'Samsung', 'smartphones', 48597, '809831_0.jpg,809831_1.jpg,809831_2.jpg,809831_3.jpg,809831_4.jpg,809831_5.jpg,809831_6.jpg,809831_7.jpg,809831_8.jpg', 809831, '2021-04-26 14:40:27', '2021-05-19 19:29:44', 1, 0, 88),
	(150, 'Samsung Galaxy A21s 4/64GB (black)', 'Samsung', 'smartphones', 20125, '819930_0.jpg,819930_1.jpg,819930_2.jpg,819930_3.jpg,819930_4.jpg,819930_5.jpg', 819930, '2021-04-26 14:40:34', '2021-05-19 19:29:44', 1, 0, 94),
	(151, 'Realme 7 Pro 8/128GB (blue)', 'Realme', 'smartphones', 34708, '834148_0.jpg,834148_1.jpg,834148_2.jpg,834148_3.jpg,834148_4.jpg,834148_5.jpg,834148_6.jpg,834148_7.jpg,834148_8.jpg,834148_9.jpg,834148_10.jpg,834148_11.jpg,834148_12.jpg,834148_13.jpg', 834148, '2021-04-26 14:40:42', '2021-05-19 19:29:44', 1, 0, 36),
	(152, 'Apple iPhone 11 256GB with new package (white)', 'Apple', 'smartphones', 89431, '836956_0.jpg,836956_1.jpg,836956_2.jpg,836956_3.jpg,836956_4.jpg', 836956, '2021-04-26 14:40:50', '2021-05-19 19:29:44', 1, 0, 20),
	(153, 'vivo Y31 4/128GB (light blue)', 'Vivo', 'smartphones', 20819, '849368_0.jpg,849368_1.jpg,849368_2.jpg,849368_3.jpg,849368_4.jpg,849368_5.jpg,849368_6.jpg,849368_7.jpg,849368_8.jpg', 849368, '2021-04-26 14:40:57', '2021-05-19 19:29:44', 1, 0, 97),
	(154, 'Xiaomi Redmi 9T 4/64GB (sea wave)', 'Xiaomi', 'smartphones', 20819, '852919_0.jpg,852919_1.jpg,852919_2.jpg,852919_3.jpg,852919_4.jpg,852919_5.jpg,852919_6.jpg,852919_7.jpg,852919_8.jpg,852919_9.jpg,852919_10.jpg', 852919, '2021-04-26 14:41:05', '2021-05-19 19:29:44', 1, 0, 99),
	(155, 'POCO X3 Pro 6/128GB (sparkling bronze)', 'POCO', 'smartphones', 31931, '857018_0.jpg,857018_1.jpg,857018_2.jpg,857018_3.jpg,857018_4.jpg,857018_5.jpg,857018_6.jpg,857018_7.jpg,857018_8.jpg', 857018, '2021-04-26 14:41:13', '2021-05-19 19:29:44', 1, 0, 28),
	(156, 'Apple iPhone SE 2020 64GB with new package (white)', 'Apple', 'smartphones', 55542, '836999_0.jpg,836999_1.jpg,836999_2.jpg,836999_3.jpg,836999_4.jpg,836999_5.jpg,836999_6.jpg', 836999, '2021-04-26 14:41:21', '2021-05-19 19:29:44', 1, 0, 56),
	(157, 'Huawei P Smart (2021) 4/128GB (bright-green)', 'Huawei', 'smartphones', 20819, '845077_0.jpg,845077_1.jpg,845077_2.jpg,845077_3.jpg,845077_4.jpg,845077_5.jpg,845077_6.jpg,845077_7.jpg,845077_8.jpg,845077_9.jpg', 845077, '2021-04-26 14:41:28', '2021-05-19 19:29:44', 1, 0, 66),
	(158, 'Samsung Galaxy A52 8/256GB (lavender)', 'Samsung', 'smartphones', 45819, '851288_0.jpg,851288_1.jpg,851288_2.jpg,851288_3.jpg,851288_4.jpg,851288_5.jpg,851288_6.jpg,851288_7.jpg,851288_8.jpg', 851288, '2021-04-26 14:41:36', '2021-05-19 19:29:44', 1, 0, 92),
	(159, 'Samsung Galaxy A72 6/128GB (black)', 'Samsung', 'smartphones', 49986, '851264_0.jpg,851264_1.jpg,851264_2.jpg,851264_3.jpg,851264_4.jpg,851264_5.jpg,851264_6.jpg,851264_7.jpg,851264_8.jpg', 851264, '2021-04-26 14:41:44', '2021-05-19 19:29:44', 1, 0, 70),
	(160, 'Xiaomi Redmi 9C NFC 32GB (grey)', 'Xiaomi', 'smartphones', 13875, '829085_0.jpg,829085_1.jpg,829085_2.jpg,829085_3.jpg,829085_4.jpg', 829085, '2021-04-26 14:41:51', '2021-05-19 19:29:44', 1, 0, 60),
	(161, 'Honor 9X Lite 4/128GB (emerald green)', 'Honor', 'smartphones', 20819, '830496_0.jpg,830496_1.jpg,830496_2.jpg,830496_3.jpg,830496_4.jpg,830496_5.jpg,830496_6.jpg,830496_7.jpg,830496_8.jpg,830496_9.jpg,830496_10.jpg,830496_11.jpg', 830496, '2021-04-26 14:41:59', '2021-05-19 19:29:44', 1, 0, 94),
	(162, 'Realme 7 Pro 8/128GB (silver)', 'Realme', 'smartphones', 34708, '834190_0.jpg,834190_1.jpg,834190_2.jpg,834190_3.jpg,834190_4.jpg,834190_5.jpg,834190_6.jpg,834190_7.jpg,834190_8.jpg,834190_9.jpg,834190_10.jpg,834190_11.jpg,834190_12.jpg,834190_13.jpg', 834190, '2021-04-26 14:42:07', '2021-05-19 19:29:44', 1, 0, 23),
	(163, 'Realme C21 4/64GB (black)', 'Realme', 'smartphones', 15264, '852174_0.jpg,852174_1.jpg,852174_2.jpg,852174_3.jpg,852174_4.jpg,852174_5.jpg,852174_6.jpg,852174_7.jpg', 852174, '2021-04-26 14:42:14', '2021-05-19 19:29:44', 1, 0, 20),
	(164, 'Xiaomi Redmi 9T 4/128GB (sea wave)', 'Xiaomi', 'smartphones', 23597, '853011_0.jpg,853011_1.jpg,853011_2.jpg,853011_3.jpg,853011_4.jpg,853011_5.jpg,853011_6.jpg,853011_7.jpg,853011_8.jpg,853011_9.jpg,853011_10.jpg', 853011, '2021-04-26 14:42:22', '2021-05-19 19:29:45', 1, 0, 90),
	(165, 'Realme C11 32GB (grey)', 'Realme', 'smartphones', 11792, '828248_0.jpg,828248_1.jpg,828248_2.jpg,828248_3.jpg,828248_4.jpg,828248_5.jpg,828248_6.jpg,828248_7.jpg,828248_8.jpg,828248_9.jpg,828248_10.jpg,828248_11.jpg,828248_12.jpg,828248_13.jpg,828248_14.jpg,828248_15.jpg', 828248, '2021-04-26 14:42:29', '2021-05-19 19:29:45', 1, 0, 73),
	(166, 'Samsung Galaxy S20 FE G780F 6/128GB (mint)', 'Samsung', 'smartphones', 63875, '832684_0.jpg,832684_1.jpg,832684_2.jpg,832684_3.jpg,832684_4.jpg,832684_5.jpg', 832684, '2021-04-26 14:42:37', '2021-05-19 19:29:45', 1, 0, 83),
	(167, 'Samsung Galaxy A12 32GB (black)', 'Samsung', 'smartphones', 16653, '842704_0.jpg,842704_1.jpg,842704_2.jpg,842704_3.jpg,842704_4.jpg,842704_5.jpg,842704_6.jpg,842704_7.jpg', 842704, '2021-04-26 14:42:45', '2021-05-19 19:29:45', 1, 0, 69),
	(168, 'Xiaomi Redmi Note 8 Pro 6/128GB (grey)', 'Xiaomi', 'smartphones', 24986, '795327_0.jpg,795327_1.jpg,795327_2.jpg,795327_3.jpg,795327_4.jpg,795327_5.jpg,795327_6.jpg,795327_7.jpg,795327_8.jpg,795327_9.jpg', 795327, '2021-04-26 14:42:52', '2021-05-19 19:29:45', 1, 0, 96),
	(169, 'Honor 9A 64GB (black)', 'Honor', 'smartphones', 15264, '818841_0.jpg,818841_1.jpg,818841_2.jpg,818841_3.jpg,818841_4.jpg,818841_5.jpg,818841_6.jpg,818841_7.jpg,818841_8.jpg,818841_9.jpg,818841_10.jpg,818841_11.jpg', 818841, '2021-04-26 14:43:00', '2021-05-19 19:29:45', 1, 1, 86),
	(170, 'Xiaomi Redmi 9 4/64GB (grey)', 'Xiaomi', 'smartphones', 18736, '822981_0.jpg,822981_1.jpg,822981_2.jpg,822981_3.jpg,822981_4.jpg,822981_5.jpg,822981_6.jpg,822981_7.jpg', 822981, '2021-04-26 14:43:07', '2021-05-19 19:29:45', 1, 0, 68),
	(171, 'Samsung Galaxy A12 4/64GB (black)', 'Samsung', 'smartphones', 19431, '842693_0.jpg,842693_1.jpg,842693_2.jpg,842693_3.jpg,842693_4.jpg,842693_5.jpg,842693_6.jpg,842693_7.jpg', 842693, '2021-04-26 14:43:15', '2021-05-19 19:29:45', 1, 0, 65),
	(172, 'Apple iPhone 12 64GB (black)', 'Apple', 'smartphones', 102208, '835285_0.jpg,835285_1.jpg,835285_2.jpg,835285_3.jpg,835285_4.jpg,835285_5.jpg,835285_6.jpg,835285_7.jpg', 835285, '2021-04-26 14:43:24', '2021-05-19 19:29:45', 1, 0, 86),
	(173, 'Samsung Galaxy Note 10 Lite 6/128GB (аура)', 'Samsung', 'smartphones', 48597, '809837_0.jpg,809837_1.jpg,809837_2.jpg,809837_3.jpg,809837_4.jpg,809837_5.jpg,809837_6.jpg,809837_7.jpg,809837_8.jpg,809837_9.jpg,809837_10.jpg,809837_11.jpg,809837_12.jpg', 809837, '2021-04-26 14:43:31', '2021-05-19 19:29:45', 1, 0, 40),
	(174, 'Xiaomi Redmi Note 9 Pro 6/128GB (grey)', 'Xiaomi', 'smartphones', 33319, '821236_0.jpg,821236_1.jpg,821236_2.jpg,821236_3.jpg,821236_4.jpg,821236_5.jpg,821236_6.jpg,821236_7.jpg,821236_8.jpg,821236_9.jpg,821236_10.jpg', 821236, '2021-04-26 14:43:39', '2021-05-19 19:29:45', 1, 0, 62),
	(175, 'Samsung Galaxy Note20 Ultra 8/256GB (bronze)', 'Samsung', 'smartphones', 111097, '826707_0.jpg,826707_1.jpg,826707_2.jpg,826707_3.jpg,826707_4.jpg,826707_5.jpg,826707_6.jpg,826707_7.jpg,826707_8.jpg,826707_9.jpg,826707_10.jpg,826707_11.jpg,826707_12.jpg', 826707, '2021-04-26 14:43:46', '2021-05-19 19:29:45', 1, 0, 38),
	(176, 'Apple iPhone 12 64GB (green)', 'Apple', 'smartphones', 102208, '835331_0.jpg,835331_1.jpg,835331_2.jpg,835331_3.jpg,835331_4.jpg,835331_5.jpg,835331_6.jpg,835331_7.jpg', 835331, '2021-04-26 14:43:55', '2021-05-19 19:29:45', 1, 0, 36),
	(177, 'Xiaomi Mi 10T Pro 8/256GB (silver)', 'Xiaomi', 'smartphones', 63875, '840732_0.jpg,840732_1.jpg,840732_2.jpg,840732_3.jpg,840732_4.jpg,840732_5.jpg,840732_6.jpg,840732_7.jpg,840732_8.jpg,840732_9.jpg,840732_10.jpg', 840732, '2021-04-26 14:44:03', '2021-05-19 19:29:45', 1, 0, 49),
	(178, 'Samsung Galaxy A72 8/256GB (black)', 'Samsung', 'smartphones', 55542, '851283_0.jpg,851283_1.jpg,851283_2.jpg,851283_3.jpg,851283_4.jpg,851283_5.jpg,851283_6.jpg,851283_7.jpg,851283_8.jpg', 851283, '2021-04-26 14:44:10', '2021-05-19 19:29:45', 1, 0, 29),
	(179, 'Xiaomi Redmi Note 9 4/128GB (midnight grey)', 'Xiaomi', 'smartphones', 24986, '821398_0.jpg,821398_1.jpg,821398_2.jpg,821398_3.jpg,821398_4.jpg,821398_5.jpg,821398_6.jpg,821398_7.jpg,821398_8.jpg,821398_9.jpg,821398_10.jpg', 821398, '2021-04-26 14:44:18', '2021-05-19 19:29:45', 1, 0, 35),
	(180, 'Xiaomi Redmi 9 4/64GB (green)', 'Xiaomi', 'smartphones', 18736, '822949_0.jpg,822949_1.jpg,822949_2.jpg,822949_3.jpg,822949_4.jpg,822949_5.jpg,822949_6.jpg,822949_7.jpg,822949_8.jpg', 822949, '2021-04-26 14:44:30', '2021-05-19 19:29:45', 1, 0, 23),
	(181, 'Samsung Galaxy A51 4/64GB (light blue)', 'Samsung', 'smartphones', 27069, '828253_0.jpg,828253_1.jpg,828253_2.jpg,828253_3.jpg,828253_4.jpg,828253_5.jpg', 828253, '2021-04-26 14:44:38', '2021-05-19 19:29:45', 1, 0, 84),
	(182, 'Apple iPhone 12 64GB (blue)', 'Apple', 'smartphones', 102208, '835286_0.jpg,835286_1.jpg,835286_2.jpg,835286_3.jpg,835286_4.jpg,835286_5.jpg,835286_6.jpg,835286_7.jpg', 835286, '2021-04-26 14:44:46', '2021-05-19 19:29:45', 1, 0, 95),
	(183, 'Apple iPhone 12 mini 64GB (blue)', 'Apple', 'smartphones', 89431, '835307_0.jpg,835307_1.jpg,835307_2.jpg,835307_3.jpg,835307_4.jpg,835307_5.jpg,835307_6.jpg,835307_7.jpg', 835307, '2021-04-26 14:44:54', '2021-05-19 19:29:45', 1, 0, 20),
	(184, 'Apple iPhone 12 mini 128GB (green)', 'Apple', 'smartphones', 95819, '835271_0.jpg,835271_1.jpg,835271_2.jpg,835271_3.jpg,835271_4.jpg,835271_5.jpg,835271_6.jpg,835271_7.jpg', 835271, '2021-04-26 14:45:02', '2021-05-19 19:29:45', 1, 0, 81),
	(185, 'Samsung Galaxy A12 32GB (red)', 'Samsung', 'smartphones', 16653, '842706_0.jpg,842706_1.jpg,842706_2.jpg,842706_3.jpg,842706_4.jpg,842706_5.jpg,842706_6.jpg,842706_7.jpg', 842706, '2021-04-26 14:45:10', '2021-05-19 19:29:45', 1, 0, 51),
	(186, 'Samsung Galaxy A02 32GB (black)', 'Samsung', 'smartphones', 12486, '846935_0.jpg,846935_1.jpg,846935_2.jpg,846935_3.jpg,846935_4.jpg,846935_5.jpg,846935_6.jpg,846935_7.jpg', 846935, '2021-04-26 14:45:17', '2021-05-19 19:29:45', 1, 0, 30),
	(187, 'Samsung Galaxy A32 4/128GB (blue)', 'Samsung', 'smartphones', 30542, '851286_0.jpg,851286_1.jpg,851286_2.jpg,851286_3.jpg,851286_4.jpg,851286_5.jpg,851286_6.jpg,851286_7.jpg,851286_8.jpg', 851286, '2021-04-26 14:45:25', '2021-05-19 19:29:45', 1, 0, 85),
	(188, 'Realme C21 4/64GB (light blue)', 'Realme', 'smartphones', 15264, '852163_0.jpg,852163_1.jpg,852163_2.jpg,852163_3.jpg,852163_4.jpg,852163_5.jpg,852163_6.jpg,852163_7.jpg', 852163, '2021-04-26 14:45:32', '2021-05-19 19:29:45', 1, 0, 27),
	(189, 'Samsung Galaxy A72 6/128GB (lavender)', 'Samsung', 'smartphones', 49986, '851282_0.jpg,851282_1.jpg,851282_2.jpg,851282_3.jpg,851282_4.jpg,851282_5.jpg,851282_6.jpg,851282_7.jpg,851282_8.jpg', 851282, '2021-04-26 14:45:40', '2021-05-19 19:29:45', 1, 0, 28),
	(190, 'ZTE Blade A3 2020 NFC 32GB (dark-grey)', 'ZTE', 'smartphones', 8319, '822194_0.jpg,822194_1.jpg,822194_2.jpg,822194_3.jpg,822194_4.jpg,822194_5.jpg,822194_6.jpg,822194_7.jpg', 822194, '2021-04-26 14:45:48', '2021-05-19 19:29:45', 1, 0, 35),
	(191, 'Honor 30i 4/128GB (midnight black)', 'Honor', 'smartphones', 23597, '830495_0.jpg,830495_1.jpg,830495_2.jpg,830495_3.jpg,830495_4.jpg,830495_5.jpg,830495_6.jpg,830495_7.jpg,830495_8.jpg,830495_9.jpg,830495_10.jpg,830495_11.jpg', 830495, '2021-04-26 14:45:56', '2021-05-19 19:29:45', 1, 0, 31),
	(192, 'POCO X3 Pro 8/256GB (sparkling bronze)', 'POCO', 'smartphones', 36097, '856995_0.jpg,856995_1.jpg,856995_2.jpg,856995_3.jpg,856995_4.jpg,856995_5.jpg,856995_6.jpg,856995_7.jpg,856995_8.jpg', 856995, '2021-04-26 14:46:04', '2021-05-19 19:29:45', 1, 0, 23),
	(193, 'Xiaomi Redmi 9A 32GB (green)', 'Xiaomi', 'smartphones', 12486, '826117_0.jpg,826117_1.jpg,826117_2.jpg,826117_3.jpg,826117_4.jpg,826117_5.jpg,826117_6.jpg,826117_7.jpg,826117_8.jpg,826117_9.jpg', 826117, '2021-04-26 14:46:11', '2021-05-19 19:29:45', 1, 0, 59),
	(194, 'Xiaomi Redmi 9A 32GB (grey)', 'Xiaomi', 'smartphones', 12486, '826119_0.jpg,826119_1.jpg,826119_2.jpg,826119_3.jpg,826119_4.jpg,826119_5.jpg,826119_6.jpg,826119_7.jpg,826119_8.jpg,826119_9.jpg', 826119, '2021-04-26 14:46:19', '2021-05-19 19:29:45', 1, 0, 93),
	(195, 'Apple iPhone XR 64GB with new package (blue)', 'Apple', 'smartphones', 62486, '837037_0.jpg,837037_1.jpg,837037_2.jpg,837037_3.jpg,837037_4.jpg', 837037, '2021-04-26 14:46:27', '2021-05-19 19:29:45', 1, 0, 84),
	(196, 'Apple iPhone SE 2020 64GB with new package (PRODUCT)RED', 'Apple', 'smartphones', 55542, '837020_0.jpg,837020_1.jpg,837020_2.jpg,837020_3.jpg,837020_4.jpg,837020_5.jpg,837020_6.jpg', 837020, '2021-04-26 14:46:35', '2021-05-19 19:29:45', 1, 0, 67),
	(197, 'Samsung Galaxy A52 4/128GB (blue)', 'Samsung', 'smartphones', 37486, '851300_0.jpg,851300_1.jpg,851300_2.jpg,851300_3.jpg,851300_4.jpg,851300_5.jpg,851300_6.jpg,851300_7.jpg,851300_8.jpg', 851300, '2021-04-26 14:46:43', '2021-05-19 19:29:45', 1, 0, 66),
	(198, 'Samsung Galaxy A41 4/64GB (red)', 'Samsung', 'smartphones', 23597, '818756_0.jpg,818756_1.jpg,818756_2.jpg,818756_3.jpg,818756_4.jpg,818756_5.jpg', 818756, '2021-04-26 14:46:51', '2021-05-19 19:29:45', 1, 0, 75),
	(199, 'Honor 8A Prime 64GB (green)', 'Honor', 'smartphones', 13181, '822857_0.jpg,822857_1.jpg,822857_2.jpg,822857_3.jpg,822857_4.jpg', 822857, '2021-04-26 14:46:58', '2021-05-19 19:29:45', 1, 0, 27),
	(200, 'Apple iPhone 12 64GB (white)', 'Apple', 'smartphones', 102208, '835289_0.jpg,835289_1.jpg,835289_2.jpg,835289_3.jpg,835289_4.jpg,835289_5.jpg,835289_6.jpg,835289_7.jpg', 835289, '2021-04-26 14:47:07', '2021-05-19 19:29:45', 1, 0, 86),
	(201, 'Xiaomi Mi 10T Pro 8/256GB (black)', 'Xiaomi', 'smartphones', 63875, '840730_0.jpg,840730_1.jpg,840730_2.jpg,840730_3.jpg', 840730, '2021-04-26 14:47:15', '2021-05-19 19:29:45', 1, 0, 59),
	(202, 'Samsung Galaxy A12 32GB (blue)', 'Samsung', 'smartphones', 16653, '842705_0.jpg,842705_1.jpg,842705_2.jpg,842705_3.jpg,842705_4.jpg,842705_5.jpg,842705_6.jpg,842705_7.jpg', 842705, '2021-04-26 14:47:23', '2022-11-17 10:57:32', 1, 1, 71),
	(203, 'Samsung Galaxy A12 4/64GB (red)', 'Samsung', 'smartphones', 19431, '842697_0.jpg,842697_1.jpg,842697_2.jpg,842697_3.jpg,842697_4.jpg,842697_5.jpg,842697_6.jpg,842697_7.jpg', 842697, '2021-04-26 14:47:31', '2021-05-19 19:29:45', 1, 0, 36),
	(204, 'Xiaomi Redmi 9C NFC 64GB (blue)', 'Xiaomi', 'smartphones', 15264, '829281_0.jpg,829281_1.jpg', 829281, '2021-04-26 14:47:39', '2021-05-19 19:29:45', 1, 0, 52),
	(205, 'ZTE Blade L8 32GB (black)', 'ZTE', 'smartphones', 6236, '797194_0.jpg,797194_1.jpg,797194_2.jpg,797194_3.jpg,797194_4.jpg,797194_5.jpg,797194_6.jpg,797194_7.jpg,797194_8.jpg,797194_9.jpg', 797194, '2021-04-26 14:56:41', '2021-05-19 19:29:45', 1, 0, 73),
	(206, 'Samsung Galaxy S20 Ultra 12/128GB (grey)', 'Samsung', 'smartphones', 97208, '811663_0.jpg', 811663, '2021-04-26 14:56:48', '2021-05-19 19:29:45', 1, 0, 70),
	(207, 'Xiaomi Redmi 9 4/64GB (indigo)', 'Xiaomi', 'smartphones', 18736, '822947_0.jpg,822947_1.jpg,822947_2.jpg,822947_3.jpg,822947_4.jpg,822947_5.jpg,822947_6.jpg,822947_7.jpg,822947_8.jpg,822947_9.jpg', 822947, '2021-04-26 14:56:56', '2021-05-19 19:29:45', 1, 0, 100),
	(208, 'Honor 30i 4/128GB (shimmer blue)', 'Honor', 'smartphones', 23597, '830498_0.jpg,830498_1.jpg,830498_2.jpg,830498_3.jpg,830498_4.jpg,830498_5.jpg,830498_6.jpg,830498_7.jpg,830498_8.jpg,830498_9.jpg,830498_10.jpg,830498_11.jpg', 830498, '2021-04-26 14:57:03', '2021-05-19 19:29:45', 1, 0, 78),
	(209, 'Samsung Galaxy S20 FE G780F 6/128GB (red)', 'Samsung', 'smartphones', 69431, '832700_0.jpg,832700_1.jpg,832700_2.jpg,832700_3.jpg,832700_4.jpg,832700_5.jpg', 832700, '2021-04-26 14:57:11', '2021-05-19 19:29:45', 1, 0, 44),
	(210, 'Apple iPhone 12 Pro Max 128GB (silver)', 'Apple', 'smartphones', 140542, '835188_0.jpg,835188_1.jpg,835188_2.jpg,835188_3.jpg,835188_4.jpg,835188_5.jpg,835188_6.jpg,835188_7.jpg,835188_8.jpg', 835188, '2021-04-26 14:57:20', '2021-05-19 19:29:45', 1, 0, 88),
	(211, 'Samsung Galaxy A12 4/64GB (blue)', 'Samsung', 'smartphones', 19431, '842695_0.jpg,842695_1.jpg,842695_2.jpg,842695_3.jpg,842695_4.jpg,842695_5.jpg,842695_6.jpg,842695_7.jpg', 842695, '2021-04-26 14:57:28', '2021-05-19 19:29:45', 1, 0, 84),
	(212, 'Xiaomi Redmi 9T 4/128GB (blue twilight)', 'Xiaomi', 'smartphones', 23597, '852984_0.jpg,852984_1.jpg,852984_2.jpg,852984_3.jpg,852984_4.jpg,852984_5.jpg,852984_6.jpg,852984_7.jpg,852984_8.jpg,852984_9.jpg,852984_10.jpg', 852984, '2021-04-26 14:57:35', '2021-05-19 19:29:45', 1, 1, 25),
	(213, 'POCO X3 Pro 6/128GB (blue иней)', 'POCO', 'smartphones', 31931, '857017_0.jpg,857017_1.jpg,857017_2.jpg,857017_3.jpg,857017_4.jpg,857017_5.jpg,857017_6.jpg,857017_7.jpg,857017_8.jpg', 857017, '2021-04-26 14:57:45', '2021-05-19 19:29:45', 1, 0, 65),
	(214, 'Samsung Galaxy A01 Core 16GB (black)', 'Samsung', 'smartphones', 9014, '826417_0.jpg,826417_1.jpg,826417_2.jpg,826417_3.jpg,826417_4.jpg,826417_5.jpg', 826417, '2021-04-26 14:57:52', '2021-05-19 19:29:45', 1, 0, 86),
	(215, 'Xiaomi Redmi 9C NFC 64GB (orange)', 'Xiaomi', 'smartphones', 15264, '829089_0.jpg,829089_1.jpg', 829089, '2021-04-26 14:58:00', '2021-05-19 19:29:45', 1, 0, 30),
	(216, 'Apple iPhone 11 256GB with new package (green)', 'Apple', 'smartphones', 89431, '836996_0.jpg,836996_1.jpg,836996_2.jpg,836996_3.jpg,836996_4.jpg', 836996, '2021-04-26 14:58:08', '2021-05-19 19:29:45', 1, 0, 76),
	(217, 'Samsung Galaxy Z Flip 8/256GB (сияющий аметист)', 'Samsung', 'smartphones', 97208, '811904_0.jpg,811904_1.jpg,811904_2.jpg,811904_3.jpg,811904_4.jpg,811904_5.jpg,811904_6.jpg,811904_7.jpg,811904_8.jpg', 811904, '2021-04-26 14:58:15', '2021-05-19 19:29:45', 1, 0, 30),
	(218, 'Realme 6 Pro 8/128GB (red)', 'Realme', 'smartphones', 31931, '816226_0.jpg,816226_1.jpg,816226_2.jpg,816226_3.jpg,816226_4.jpg,816226_5.jpg,816226_6.jpg', 816226, '2021-04-26 14:58:23', '2021-05-19 19:29:45', 1, 0, 96),
	(219, 'Samsung Galaxy M51 6/128GB (white)', 'Samsung', 'smartphones', 42347, '830811_0.jpg,830811_1.jpg,830811_2.jpg,830811_3.jpg,830811_4.jpg,830811_5.jpg', 830811, '2021-04-26 14:58:30', '2021-05-19 19:29:45', 1, 0, 41),
	(220, 'Samsung Galaxy S20 FE G780F 8/256GB (dark-blue)', 'Samsung', 'smartphones', 72208, '834431_0.jpg,834431_1.jpg,834431_2.jpg,834431_3.jpg,834431_4.jpg,834431_5.jpg', 834431, '2021-04-26 14:58:38', '2021-05-19 19:29:45', 1, 0, 36),
	(221, 'Apple iPhone 12 128GB (PRODUCT)RED', 'Apple', 'smartphones', 108597, '835248_0.jpg,835248_1.jpg,835248_2.jpg,835248_3.jpg,835248_4.jpg,835248_5.jpg,835248_6.jpg,835248_7.jpg', 835248, '2021-04-26 14:58:46', '2021-05-19 19:29:45', 1, 0, 52),
	(222, 'Apple iPhone 12 mini 128GB (white)', 'Apple', 'smartphones', 95819, '835232_0.jpg,835232_1.jpg,835232_2.jpg,835232_3.jpg,835232_4.jpg,835232_5.jpg,835232_6.jpg,835232_7.jpg', 835232, '2021-04-26 14:58:55', '2021-05-19 19:29:45', 1, 0, 87),
	(223, 'Apple iPhone 12 Pro 512GB (Pacific blue)', 'Apple', 'smartphones', 166097, '835302_0.jpg,835302_1.jpg,835302_2.jpg,835302_3.jpg,835302_4.jpg,835302_5.jpg,835302_6.jpg,835302_7.jpg,835302_8.jpg', 835302, '2021-04-26 14:59:03', '2021-05-19 19:29:45', 1, 0, 34),
	(224, 'Apple iPhone 12 Pro Max 512GB (silver)', 'Apple', 'smartphones', 178875, '835296_0.jpg,835296_1.jpg,835296_2.jpg,835296_3.jpg,835296_4.jpg,835296_5.jpg,835296_6.jpg,835296_7.jpg,835296_8.jpg', 835296, '2021-04-26 14:59:11', '2021-05-19 19:29:45', 1, 0, 58),
	(225, 'Apple iPhone SE 2020 128GB with new package (black)', 'Apple', 'smartphones', 62486, '837022_0.jpg,837022_1.jpg,837022_2.jpg,837022_3.jpg,837022_4.jpg,837022_5.jpg,837022_6.jpg', 837022, '2021-04-26 14:59:19', '2021-05-19 19:29:45', 1, 0, 36),
	(226, 'Xiaomi Mi 10T 8/128GB (black)', 'Xiaomi', 'smartphones', 56931, '840706_0.jpg,840706_1.jpg,840706_2.jpg,840706_3.jpg,840706_4.jpg,840706_5.jpg', 840706, '2021-04-26 14:59:26', '2021-05-19 19:29:45', 1, 0, 62),
	(227, 'Samsung Galaxy A72 8/256GB (lavender)', 'Samsung', 'smartphones', 55542, '851287_0.jpg,851287_1.jpg,851287_2.jpg,851287_3.jpg,851287_4.jpg,851287_5.jpg,851287_6.jpg,851287_7.jpg,851287_8.jpg', 851287, '2021-04-26 14:59:34', '2021-07-02 09:24:06', 1, 1, 34),
	(228, 'POCO X3 Pro 8/256GB (blue иней)', 'POCO', 'smartphones', 36097, '857019_0.jpg,857019_1.jpg,857019_2.jpg,857019_3.jpg,857019_4.jpg,857019_5.jpg,857019_6.jpg,857019_7.jpg,857019_8.jpg', 857019, '2021-04-26 14:59:42', '2021-05-19 19:29:45', 1, 0, 45),
	(229, 'Motorola razr 5G 8/256GB (graphite чёрный)', 'Motorola', 'smartphones', 166653, '841634_0.jpg,841634_1.jpg,841634_2.jpg,841634_3.jpg,841634_4.jpg,841634_5.jpg,841634_6.jpg,841634_7.jpg,841634_8.jpg,841634_9.jpg,841634_10.jpg,841634_11.jpg,841634_12.jpg,841634_13.jpg,841634_14.jpg,841634_15.jpg,841634_16.jpg,841634_17.jpg,841634_18.jpg', 841634, '2021-04-26 14:59:54', '2021-05-19 19:29:45', 1, 0, 47),
	(230, 'Samsung Galaxy S20 8/128GB (grey)', 'Samsung', 'smartphones', 97208, '811696_0.jpg,811696_1.jpg,811696_2.jpg,811696_3.jpg,811696_4.jpg,811696_5.jpg', 811696, '2021-04-26 15:00:03', '2021-05-19 19:29:45', 1, 0, 53),
	(231, 'Samsung Galaxy A21s 4/64GB (red)', 'Samsung', 'smartphones', 24292, '819931_0.jpg', 819931, '2021-04-26 15:00:10', '2021-05-19 19:29:45', 1, 0, 53),
	(232, 'Xiaomi Redmi Note 9 4/128GB (green)', 'Xiaomi', 'smartphones', 24986, '821399_0.jpg,821399_1.jpg,821399_2.jpg,821399_3.jpg,821399_4.jpg,821399_5.jpg,821399_6.jpg,821399_7.jpg,821399_8.jpg,821399_9.jpg,821399_10.jpg,821399_11.jpg', 821399, '2021-04-26 15:00:18', '2021-05-19 19:29:45', 1, 0, 85),
	(233, 'Xiaomi Redmi 9A 32GB (blue)', 'Xiaomi', 'smartphones', 12486, '826116_0.jpg,826116_1.jpg,826116_2.jpg,826116_3.jpg,826116_4.jpg,826116_5.jpg,826116_6.jpg,826116_7.jpg,826116_8.jpg', 826116, '2021-04-26 15:00:25', '2021-05-19 19:29:45', 1, 0, 53),
	(234, 'Samsung Galaxy Note20 8/256GB (graphite)', 'Samsung', 'smartphones', 90264, '826690_0.jpg,826690_1.jpg,826690_2.jpg,826690_3.jpg,826690_4.jpg,826690_5.jpg,826690_6.jpg,826690_7.jpg,826690_8.jpg,826690_9.jpg,826690_10.jpg,826690_11.jpg,826690_12.jpg', 826690, '2021-04-26 15:00:33', '2021-05-19 19:29:45', 1, 0, 93),
	(235, 'Xiaomi Redmi 9C NFC 32GB (blue)', 'Xiaomi', 'smartphones', 13875, '829280_0.jpg,829280_1.jpg', 829280, '2021-04-26 15:00:41', '2021-05-19 19:29:45', 1, 0, 47),
	(236, 'Samsung Galaxy Z Fold2 12/256GB (black)', 'Samsung', 'smartphones', 222208, '830493_0.jpg,830493_1.jpg,830493_2.jpg,830493_3.jpg,830493_4.jpg,830493_5.jpg,830493_6.jpg,830493_7.jpg,830493_8.jpg', 830493, '2021-04-26 15:00:48', '2021-05-19 19:29:45', 1, 0, 41),
	(237, 'Honor 9X Lite 4/128GB (midnight black)', 'Honor', 'smartphones', 20819, '830563_0.jpg,830563_1.jpg,830563_2.jpg,830563_3.jpg,830563_4.jpg,830563_5.jpg,830563_6.jpg,830563_7.jpg,830563_8.jpg,830563_9.jpg,830563_10.jpg,830563_11.jpg', 830563, '2021-04-26 15:01:14', '2021-05-19 19:29:45', 1, 0, 53),
	(238, 'Realme C15 4/64GB (blue)', 'Realme', 'smartphones', 16653, '830569_0.jpg,830569_1.jpg,830569_2.jpg,830569_3.jpg,830569_4.jpg,830569_5.jpg,830569_6.jpg,830569_7.jpg,830569_8.jpg,830569_9.jpg,830569_10.jpg,830569_11.jpg,830569_12.jpg,830569_13.jpg,830569_14.jpg,830569_15.jpg', 830569, '2021-04-26 15:01:22', '2021-05-19 19:29:45', 1, 0, 85),
	(239, 'Apple iPhone 11 64GB with new package (yellow)', 'Apple', 'smartphones', 71653, '836932_0.jpg,836932_1.jpg,836932_2.jpg,836932_3.jpg,836932_4.jpg', 836932, '2021-04-26 15:01:30', '2021-05-19 19:29:45', 1, 0, 72),
	(240, 'Samsung Galaxy A02s 32GB (black)', 'Samsung', 'smartphones', 14569, '842689_0.jpg,842689_1.jpg,842689_2.jpg,842689_3.jpg,842689_4.jpg,842689_5.jpg,842689_6.jpg,842689_7.jpg', 842689, '2021-04-26 15:01:38', '2021-05-19 19:29:45', 1, 0, 37),
	(241, 'Samsung Galaxy A32 4/64GB (blue)', 'Samsung', 'smartphones', 27764, '851291_0.jpg,851291_1.jpg,851291_2.jpg,851291_3.jpg,851291_4.jpg,851291_5.jpg,851291_6.jpg,851291_7.jpg,851291_8.jpg', 851291, '2021-04-26 15:01:45', '2021-05-19 19:29:45', 1, 0, 86),
	(242, 'Blackview BV4900 Pro 4/64GB (black-orange)', 'Blackview', 'smartphones', 16653, '852242_0.jpg', 852242, '2021-04-26 15:01:53', '2021-05-19 19:29:45', 1, 0, 42),
	(243, 'Xiaomi Redmi 9T 4/64GB (orange sunrise)', 'Xiaomi', 'smartphones', 20819, '853010_0.jpg,853010_1.jpg,853010_2.jpg,853010_3.jpg,853010_4.jpg,853010_5.jpg,853010_6.jpg,853010_7.jpg,853010_8.jpg,853010_9.jpg,853010_10.jpg', 853010, '2021-04-26 15:02:00', '2021-05-19 19:29:45', 1, 0, 96),
	(244, 'Huawei Y8p 4/128GB (midnight black)', 'Huawei', 'smartphones', 18035, '822626_0.jpg,822626_1.jpg,822626_2.jpg,822626_3.jpg', 822626, '2021-04-26 15:02:08', '2021-06-13 10:22:50', 1, 1, 39),
	(245, 'Haier Alpha A4 Lite 8GB (red)', 'Haier', 'smartphones', 5549, '786392_0.jpg,786392_1.jpg,786392_2.jpg,786392_3.jpg,786392_4.jpg,786392_5.jpg', 786392, '2021-04-26 15:02:15', '2021-05-19 19:29:45', 1, 0, 90),
	(246, 'Xiaomi Redmi Note 8 Pro 6/64GB (grey)', 'Xiaomi', 'smartphones', 22208, '797039_0.jpg,797039_1.jpg,797039_2.jpg,797039_3.jpg,797039_4.jpg,797039_5.jpg,797039_6.jpg,797039_7.jpg,797039_8.jpg,797039_9.jpg', 797039, '2021-04-26 15:02:23', '2021-05-19 19:29:45', 1, 0, 36),
	(247, 'itel A16 Plus 8GB (blue)', 'Itel', 'smartphones', 5264, '797229_0.jpg,797229_1.jpg,797229_2.jpg,797229_3.jpg,797229_4.jpg,797229_5.jpg,797229_6.jpg,797229_7.jpg', 797229, '2021-04-26 15:02:31', '2021-05-19 19:29:45', 1, 0, 44),
	(248, 'ZTE Blade 20 Smart 4/128GB (green)', 'ZTE', 'smartphones', 18736, '802166_0.jpg,802166_1.jpg,802166_2.jpg,802166_3.jpg,802166_4.jpg,802166_5.jpg', 802166, '2021-04-26 15:02:38', '2021-05-19 19:29:46', 1, 0, 69),
	(249, 'Honor 30 8/128GB (emerald green)', 'Honor', 'smartphones', 44431, '821390_0.jpg,821390_1.jpg,821390_2.jpg,821390_3.jpg,821390_4.jpg,821390_5.jpg,821390_6.jpg,821390_7.jpg,821390_8.jpg,821390_9.jpg,821390_10.jpg', 821390, '2021-04-26 15:02:46', '2021-05-19 19:29:46', 1, 0, 55),
	(250, 'Honor 30 Pro+ 8/256GB (midnight black)', 'Honor', 'smartphones', 68736, '821339_0.jpg,821339_1.jpg,821339_2.jpg,821339_3.jpg,821339_4.jpg,821339_5.jpg,821339_6.jpg,821339_7.jpg,821339_8.jpg,821339_9.jpg,821339_10.jpg', 821339, '2021-04-26 15:02:54', '2021-05-19 19:29:46', 1, 0, 70),
	(251, 'Samsung Galaxy A21s 32GB (black)', 'Samsung', 'smartphones', 18736, '819935_0.jpg,819935_1.jpg,819935_2.jpg,819935_3.jpg,819935_4.jpg,819935_5.jpg', 819935, '2021-04-26 15:03:02', '2021-05-19 19:29:46', 1, 0, 61),
	(252, 'Xiaomi Redmi 9 32GB (indigo)', 'Xiaomi', 'smartphones', 15958, '826460_0.jpg,826460_1.jpg,826460_2.jpg,826460_3.jpg,826460_4.jpg,826460_5.jpg,826460_6.jpg,826460_7.jpg,826460_8.jpg,826460_9.jpg', 826460, '2021-04-26 15:03:10', '2021-05-19 19:29:46', 1, 0, 41),
	(253, 'Xiaomi Redmi 9 32GB (green)', 'Xiaomi', 'smartphones', 15958, '826427_0.jpg,826427_1.jpg,826427_2.jpg,826427_3.jpg,826427_4.jpg,826427_5.jpg,826427_6.jpg,826427_7.jpg,826427_8.jpg', 826427, '2021-04-26 15:03:17', '2021-05-19 19:29:46', 1, 0, 68),
	(254, 'Samsung Galaxy Note20 Ultra 8/256GB (black)', 'Samsung', 'smartphones', 138875, '826701_0.jpg', 826701, '2021-04-26 15:03:25', '2021-05-19 19:29:46', 1, 0, 30),
	(255, 'Realme C11 32GB (green)', 'Realme', 'smartphones', 11792, '828245_0.jpg,828245_1.jpg,828245_2.jpg,828245_3.jpg,828245_4.jpg,828245_5.jpg,828245_6.jpg,828245_7.jpg,828245_8.jpg,828245_9.jpg,828245_10.jpg,828245_11.jpg,828245_12.jpg,828245_13.jpg,828245_14.jpg', 828245, '2021-04-26 15:03:33', '2021-05-19 19:29:46', 1, 0, 45),
	(256, 'Apple iPhone XR 128GB with new package (white)', 'Apple', 'smartphones', 68042, '837005_0.jpg,837005_1.jpg,837005_2.jpg,837005_3.jpg', 837005, '2021-04-26 15:03:40', '2021-05-19 19:29:46', 1, 0, 49),
	(257, 'Apple iPhone XR 128GB with new package (blue)', 'Apple', 'smartphones', 68042, '837034_0.jpg,837034_1.jpg,837034_2.jpg,837034_3.jpg,837034_4.jpg', 837034, '2021-04-26 15:03:48', '2021-05-19 19:29:46', 1, 0, 32),
	(258, 'Apple iPhone XR 64GB with new package (yellow)', 'Apple', 'smartphones', 62486, '837035_0.jpg,837035_1.jpg,837035_2.jpg,837035_3.jpg,837035_4.jpg', 837035, '2021-04-26 15:03:56', '2021-05-19 19:29:46', 1, 0, 61),
	(259, 'Samsung Galaxy A02 32GB (red)', 'Samsung', 'smartphones', 12486, '846867_0.jpg,846867_1.jpg,846867_2.jpg,846867_3.jpg,846867_4.jpg,846867_5.jpg,846867_6.jpg,846867_7.jpg', 846867, '2021-04-26 15:04:04', '2021-05-19 19:29:46', 1, 0, 83),
	(260, 'Samsung Galaxy S10+ 8/128GB (onyx)', 'Samsung', 'smartphones', 69424, '742449_0.jpg,742449_1.jpg,742449_2.jpg,742449_3.jpg,742449_4.jpg,742449_5.jpg', 742449, '2021-04-26 15:04:12', '2021-05-19 19:29:46', 1, 0, 49),
	(261, 'Samsung Galaxy S10+ 8/128GB (aquamarine)', 'Samsung', 'smartphones', 69424, '742458_0.jpg,742458_1.jpg,742458_2.jpg,742458_3.jpg,742458_4.jpg,742458_5.jpg', 742458, '2021-04-26 15:04:20', '2021-05-19 19:29:46', 1, 0, 39),
	(262, 'ZTE Blade 20 Smart 4/128GB (black-red)', 'ZTE', 'smartphones', 18736, '802168_0.jpg,802168_1.jpg,802168_2.jpg,802168_3.jpg,802168_4.jpg,802168_5.jpg', 802168, '2021-04-26 15:04:28', '2021-05-19 19:29:46', 1, 0, 67),
	(263, 'Honor 20 Lite 4/128GB (midnight black)', 'Honor', 'smartphones', 22208, '810366_0.jpg,810366_1.jpg,810366_2.jpg,810366_3.jpg,810366_4.jpg,810366_5.jpg,810366_6.jpg,810366_7.jpg', 810366, '2021-04-26 15:04:36', '2021-05-19 19:29:46', 1, 0, 43),
	(264, 'Honor 9C 4/64GB (bright-light blue)', 'Honor', 'smartphones', 16646, '818845_0.jpg', 818845, '2021-04-26 15:04:43', '2021-05-19 19:29:46', 1, 0, 90),
	(265, 'itel A25 16GB (морской blue)', 'Itel', 'smartphones', 6653, '819237_0.jpg,819237_1.jpg,819237_2.jpg,819237_3.jpg,819237_4.jpg,819237_5.jpg,819237_6.jpg,819237_7.jpg,819237_8.jpg', 819237, '2021-04-26 15:04:51', '2021-05-19 19:29:46', 1, 0, 93),
	(266, 'Samsung Galaxy A21s 4/64GB (blue)', 'Samsung', 'smartphones', 20125, '819932_0.jpg,819932_1.jpg,819932_2.jpg,819932_3.jpg,819932_4.jpg,819932_5.jpg', 819932, '2021-04-26 15:04:58', '2021-05-19 19:29:46', 1, 1, 72),
	(267, 'ZTE Blade A3 2020 NFC 32GB (violet)', 'ZTE', 'smartphones', 8319, '822195_0.jpg,822195_1.jpg,822195_2.jpg,822195_3.jpg,822195_4.jpg,822195_5.jpg,822195_6.jpg,822195_7.jpg', 822195, '2021-04-26 15:05:06', '2021-05-19 19:29:46', 1, 0, 30),
	(268, 'Samsung Galaxy A01 Core 16GB (blue)', 'Samsung', 'smartphones', 9014, '826421_0.jpg,826421_1.jpg,826421_2.jpg,826421_3.jpg,826421_4.jpg,826421_5.jpg', 826421, '2021-04-26 15:05:14', '2021-05-19 19:29:46', 1, 0, 74),
	(269, 'Xiaomi Redmi 9 32GB (grey)', 'Xiaomi', 'smartphones', 15958, '826428_0.jpg,826428_1.jpg,826428_2.jpg,826428_3.jpg,826428_4.jpg,826428_5.jpg,826428_6.jpg,826428_7.jpg', 826428, '2021-04-26 15:05:22', '2021-05-19 19:29:46', 1, 0, 23),
	(270, 'Realme C15 4/64GB (silver)', 'Realme', 'smartphones', 16653, '830593_0.jpg,830593_1.jpg,830593_2.jpg,830593_3.jpg,830593_4.jpg,830593_5.jpg,830593_6.jpg,830593_7.jpg,830593_8.jpg,830593_9.jpg,830593_10.jpg,830593_11.jpg,830593_12.jpg,830593_13.jpg', 830593, '2021-04-26 15:05:30', '2021-05-19 19:29:46', 1, 0, 60),
	(271, 'Apple iPhone 12 64GB (PRODUCT)RED', 'Apple', 'smartphones', 102208, '835330_0.jpg,835330_1.jpg,835330_2.jpg,835330_3.jpg,835330_4.jpg,835330_5.jpg,835330_6.jpg,835330_7.jpg', 835330, '2021-04-26 15:05:39', '2021-05-19 19:29:46', 1, 0, 88),
	(272, 'Apple iPhone 12 256GB (blue)', 'Apple', 'smartphones', 121375, '835283_0.jpg,835283_1.jpg,835283_2.jpg,835283_3.jpg,835283_4.jpg,835283_5.jpg,835283_6.jpg,835283_7.jpg', 835283, '2021-04-26 15:05:48', '2021-05-19 19:29:46', 1, 0, 98),
	(273, 'Apple iPhone 12 Pro 512GB (gold)', 'Apple', 'smartphones', 166097, '835299_0.jpg,835299_1.jpg,835299_2.jpg,835299_3.jpg,835299_4.jpg,835299_5.jpg,835299_6.jpg,835299_7.jpg,835299_8.jpg', 835299, '2021-04-26 15:05:56', '2021-05-19 19:29:46', 1, 0, 20),
	(274, 'Apple iPhone 12 Pro Max 512GB (gold)', 'Apple', 'smartphones', 194431, '835276_0.jpg,835276_1.jpg,835276_2.jpg,835276_3.jpg,835276_4.jpg,835276_5.jpg,835276_6.jpg,835276_7.jpg,835276_8.jpg', 835276, '2021-04-26 15:06:04', '2021-05-19 19:29:46', 1, 0, 34),
	(275, 'ZTE Blade L210 32GB (dark-blue)', 'ZTE', 'smartphones', 7347, '835107_0.jpg,835107_1.jpg,835107_2.jpg,835107_3.jpg,835107_4.jpg,835107_5.jpg,835107_6.jpg', 835107, '2021-04-26 15:06:12', '2021-05-19 19:29:46', 1, 0, 86),
	(276, 'Samsung Galaxy A02s 32GB (white)', 'Samsung', 'smartphones', 14569, '842696_0.jpg,842696_1.jpg,842696_2.jpg,842696_3.jpg,842696_4.jpg,842696_5.jpg,842696_6.jpg,842696_7.jpg', 842696, '2021-04-26 15:06:20', '2021-05-19 19:29:46', 1, 0, 42),
	(277, 'Samsung Galaxy S20 FE G780F 6/128GB (orange)', 'Samsung', 'smartphones', 69431, '832687_0.jpg,832687_1.jpg,832687_2.jpg,832687_3.jpg,832687_4.jpg,832687_5.jpg', 832687, '2021-04-26 15:06:28', '2021-05-19 19:29:46', 1, 0, 97),
	(278, 'Apple iPhone 12 Pro Max 512GB (graphite)', 'Apple', 'smartphones', 178875, '835273_0.jpg,835273_1.jpg,835273_2.jpg,835273_3.jpg,835273_4.jpg,835273_5.jpg,835273_6.jpg,835273_7.jpg,835273_8.jpg', 835273, '2021-04-26 15:06:37', '2021-05-19 19:29:46', 1, 0, 92),
	(279, 'itel A16 Plus 8GB (black)', 'Itel', 'smartphones', 5264, '757640_0.jpg,757640_1.jpg,757640_2.jpg,757640_3.jpg,757640_4.jpg,757640_5.jpg', 757640, '2021-04-26 15:06:44', '2021-05-19 19:29:46', 1, 0, 20),
	(280, 'ZTE Blade L8 32GB (blue)', 'ZTE', 'smartphones', 6236, '797220_0.jpg,797220_1.jpg,797220_2.jpg,797220_3.jpg,797220_4.jpg,797220_5.jpg,797220_6.jpg,797220_7.jpg', 797220, '2021-04-26 15:06:52', '2021-05-19 19:29:46', 1, 0, 36),
	(281, 'itel A16 Plus 8GB (orange)', 'Itel', 'smartphones', 5264, '757648_0.jpg,757648_1.jpg,757648_2.jpg,757648_3.jpg,757648_4.jpg,757648_5.jpg,757648_6.jpg,757648_7.jpg', 757648, '2021-04-26 15:07:00', '2021-05-19 19:29:46', 1, 0, 81),
	(282, 'HTC Wildfire E 32GB (gold)', 'HTC', 'smartphones', 9292, '802897_0.jpg,802897_1.jpg,802897_2.jpg,802897_3.jpg', 802897, '2021-04-26 15:07:07', '2021-05-19 19:29:46', 1, 0, 63),
	(283, 'Huawei P40 Lite 6/128GB (bright-green)', 'Huawei', 'smartphones', 27764, '822617_0.jpg,822617_1.jpg,822617_2.jpg,822617_3.jpg,822617_4.jpg', 822617, '2021-04-26 15:07:15', '2021-05-19 19:29:46', 1, 0, 32),
	(284, 'Samsung Galaxy A21s 32GB (blue)', 'Samsung', 'smartphones', 18736, '819939_0.jpg,819939_1.jpg,819939_2.jpg,819939_3.jpg,819939_4.jpg,819939_5.jpg', 819939, '2021-04-26 15:07:23', '2021-05-19 19:29:46', 1, 0, 55),
	(285, 'Xiaomi Redmi Note 9 4/128GB (white)', 'Xiaomi', 'smartphones', 24986, '821410_0.jpg,821410_1.jpg,821410_2.jpg,821410_3.jpg,821410_4.jpg,821410_5.jpg,821410_6.jpg,821410_7.jpg,821410_8.jpg,821410_9.jpg', 821410, '2021-04-26 15:07:30', '2021-05-19 19:29:46', 1, 0, 58),
	(286, 'itel Vision1 32GB (blue)', 'Itel', 'smartphones', 9708, '828604_0.jpg,828604_1.jpg,828604_2.jpg,828604_3.jpg,828604_4.jpg,828604_5.jpg,828604_6.jpg', 828604, '2021-04-26 15:07:38', '2021-05-19 19:29:46', 1, 0, 75),
	(287, 'Xiaomi Redmi 9C NFC 32GB (orange)', 'Xiaomi', 'smartphones', 13875, '829088_0.jpg,829088_1.jpg', 829088, '2021-04-26 15:07:46', '2021-05-19 19:29:46', 1, 0, 27),
	(288, 'Samsung Galaxy Z Fold2 12/256GB (bronze)', 'Samsung', 'smartphones', 222208, '830494_0.jpg,830494_1.jpg,830494_2.jpg,830494_3.jpg,830494_4.jpg,830494_5.jpg,830494_6.jpg,830494_7.jpg,830494_8.jpg', 830494, '2021-04-26 15:07:54', '2021-05-19 19:29:46', 1, 0, 80),
	(289, 'Nokia 3.4 Dual SIM 64GB (blue)', 'Nokia', 'smartphones', 15264, '833245_0.jpg,833245_1.jpg,833245_2.jpg,833245_3.jpg,833245_4.jpg,833245_5.jpg', 833245, '2021-04-26 15:08:02', '2021-05-19 19:29:46', 1, 0, 20),
	(290, 'Apple iPhone 12 mini 256GB (black)', 'Apple', 'smartphones', 108597, '835275_0.jpg,835275_1.jpg,835275_2.jpg,835275_3.jpg,835275_4.jpg,835275_5.jpg,835275_6.jpg,835275_7.jpg', 835275, '2021-04-26 15:08:10', '2021-05-19 19:29:46', 1, 0, 38),
	(291, 'Nokia 5.4 Dual SIM 4/128GB (polar night)', 'Nokia', 'smartphones', 23597, '843964_0.jpg,843964_1.jpg,843964_2.jpg,843964_3.jpg,843964_4.jpg,843964_5.jpg', 843964, '2021-04-26 15:08:18', '2021-05-19 19:29:46', 1, 0, 93),
	(292, 'Samsung Galaxy A01 Core 16GB (red)', 'Samsung', 'smartphones', 9014, '826418_0.jpg,826418_1.jpg,826418_2.jpg,826418_3.jpg,826418_4.jpg,826418_5.jpg', 826418, '2021-04-26 15:08:26', '2021-05-19 19:29:46', 1, 0, 47),
	(293, 'Nokia C1 Plus Dual SIM 16GB (blue)', 'Nokia', 'smartphones', 8319, '843962_0.jpg,843962_1.jpg,843962_2.jpg,843962_3.jpg,843962_4.jpg,843962_5.jpg', 843962, '2021-04-26 15:08:34', '2021-05-19 19:29:46', 1, 0, 26),
	(294, 'Honor 10i 4/128GB (red)', 'Honor', 'smartphones', 18042, '762331_0.jpg', 762331, '2021-04-26 15:08:41', '2021-05-19 19:29:46', 1, 0, 67),
	(295, 'ZTE Blade A5 2020 32GB (blue)', 'ZTE', 'smartphones', 11097, '801205_0.jpg,801205_1.jpg,801205_2.jpg', 801205, '2021-04-26 15:08:49', '2021-05-19 19:29:46', 1, 0, 62),
	(296, 'ZTE Blade 20 Smart 4/128GB (black)', 'ZTE', 'smartphones', 18736, '802220_0.jpg,802220_1.jpg,802220_2.jpg,802220_3.jpg,802220_4.jpg,802220_5.jpg', 802220, '2021-04-26 15:08:57', '2021-05-19 19:29:46', 1, 0, 20),
	(297, 'Huawei P40 Lite E NFC 4/64GB (midnight black)', 'Huawei', 'smartphones', 16653, '822618_0.jpg,822618_1.jpg,822618_2.jpg,822618_3.jpg,822618_4.jpg', 822618, '2021-04-26 15:09:04', '2021-05-19 19:29:46', 1, 0, 30),
	(298, 'Realme C3 64GB (red)', 'Realme', 'smartphones', 15264, '816182_0.jpg', 816182, '2021-04-26 15:09:12', '2021-05-19 19:29:46', 1, 0, 81),
	(299, 'ZTE Blade V2020 4/128GB (black)', 'ZTE', 'smartphones', 19438, '821392_0.jpg,821392_1.jpg,821392_2.jpg,821392_3.jpg,821392_4.jpg,821392_5.jpg,821392_6.jpg', 821392, '2021-04-26 15:09:20', '2021-05-19 19:29:46', 1, 0, 100),
	(300, 'Samsung Galaxy Note20 8/256GB (bronze)', 'Samsung', 'smartphones', 90264, '826693_0.jpg,826693_1.jpg,826693_2.jpg,826693_3.jpg,826693_4.jpg,826693_5.jpg,826693_6.jpg,826693_7.jpg,826693_8.jpg,826693_9.jpg,826693_10.jpg,826693_11.jpg,826693_12.jpg', 826693, '2021-04-26 15:09:28', '2021-05-19 19:29:46', 1, 0, 89),
	(301, 'Tecno Pouvoir 4 32GB (indigo)', 'Tecno', 'smartphones', 13181, '830314_0.jpg,830314_1.jpg,830314_2.jpg,830314_3.jpg,830314_4.jpg,830314_5.jpg,830314_6.jpg,830314_7.jpg', 830314, '2021-04-26 15:09:35', '2021-05-19 19:29:46', 1, 1, 91),
	(302, 'vivo Y20 4/64GB (blue)', 'Vivo', 'smartphones', 16653, '831529_0.jpg,831529_1.jpg,831529_2.jpg,831529_3.jpg,831529_4.jpg,831529_5.jpg,831529_6.jpg', 831529, '2021-04-26 15:09:43', '2021-05-19 19:29:46', 1, 0, 96),
	(303, 'vivo Y20 4/64GB (black)', 'Vivo', 'smartphones', 16653, '831527_0.jpg,831527_1.jpg,831527_2.jpg,831527_3.jpg,831527_4.jpg,831527_5.jpg,831527_6.jpg', 831527, '2021-04-26 15:09:51', '2021-05-19 19:29:46', 1, 0, 68),
	(304, 'Apple iPhone 12 256GB (green)', 'Apple', 'smartphones', 121375, '835284_0.jpg,835284_1.jpg,835284_2.jpg,835284_3.jpg,835284_4.jpg,835284_5.jpg,835284_6.jpg,835284_7.jpg', 835284, '2021-04-26 15:10:00', '2021-05-19 19:29:46', 1, 0, 60),
	(305, 'Apple iPhone 12 mini 64GB (white)', 'Apple', 'smartphones', 89431, '835303_0.jpg,835303_1.jpg,835303_2.jpg,835303_3.jpg,835303_4.jpg,835303_5.jpg,835303_6.jpg,835303_7.jpg', 835303, '2021-04-26 15:10:09', '2021-05-19 19:29:46', 1, 0, 46),
	(306, 'Apple iPhone 12 Pro 512GB (graphite)', 'Apple', 'smartphones', 166097, '835295_0.jpg,835295_1.jpg,835295_2.jpg,835295_3.jpg,835295_4.jpg,835295_5.jpg,835295_6.jpg,835295_7.jpg,835295_8.jpg', 835295, '2021-04-26 15:10:18', '2021-05-19 19:29:46', 1, 0, 29),
	(307, 'ZTE Blade A7s 64GB (dark-blue)', 'ZTE', 'smartphones', 13875, '835130_0.jpg,835130_1.jpg,835130_2.jpg,835130_3.jpg,835130_4.jpg,835130_5.jpg', 835130, '2021-04-26 15:10:25', '2021-05-19 19:29:46', 1, 0, 89),
	(308, 'Vsmart Joy 3+ 4/64GB (indigo)', 'Vsmart', 'smartphones', 13875, '843818_0.jpg,843818_1.jpg,843818_2.jpg,843818_3.jpg,843818_4.jpg,843818_5.jpg,843818_6.jpg,843818_7.jpg,843818_8.jpg,843818_9.jpg', 843818, '2021-04-26 15:10:33', '2021-05-19 19:29:46', 1, 0, 52),
	(309, 'Samsung Galaxy A02s 32GB (blue)', 'Samsung', 'smartphones', 14569, '842694_0.jpg,842694_1.jpg,842694_2.jpg,842694_3.jpg,842694_4.jpg,842694_5.jpg,842694_6.jpg,842694_7.jpg', 842694, '2021-04-26 15:10:41', '2021-05-19 19:29:46', 1, 1, 61),
	(310, 'Samsung Galaxy A02 32GB (blue)', 'Samsung', 'smartphones', 12486, '846866_0.jpg,846866_1.jpg,846866_2.jpg,846866_3.jpg,846866_4.jpg,846866_5.jpg,846866_6.jpg,846866_7.jpg', 846866, '2021-04-26 15:10:49', '2021-05-19 19:29:46', 1, 0, 75),
	(311, 'Apple iPhone 12 256GB (white)', 'Apple', 'smartphones', 121375, '835280_0.jpg,835280_1.jpg,835280_2.jpg,835280_3.jpg,835280_4.jpg,835280_5.jpg,835280_6.jpg,835280_7.jpg', 835280, '2021-04-26 15:10:57', '2021-05-19 19:29:46', 1, 0, 50),
	(312, 'Apple iPhone 12 mini 64GB (green)', 'Apple', 'smartphones', 89431, '835309_0.jpg,835309_1.jpg,835309_2.jpg,835309_3.jpg,835309_4.jpg,835309_5.jpg,835309_6.jpg,835309_7.jpg', 835309, '2021-04-26 15:11:06', '2021-05-19 19:29:46', 1, 0, 37),
	(313, 'itel A16 Plus 8GB (grey)', 'Itel', 'smartphones', 5264, '757666_0.jpg,757666_1.jpg,757666_2.jpg,757666_3.jpg,757666_4.jpg,757666_5.jpg', 757666, '2021-04-26 15:11:13', '2021-05-19 19:29:46', 1, 0, 86),
	(314, 'vivo Y11 32GB (blue)', 'Vvo', 'smartphones', 13875, '803302_0.jpg,803302_1.jpg,803302_2.jpg', 803302, '2021-04-26 15:11:21', '2021-05-19 19:29:46', 1, 0, 33),
	(315, 'Tecno Spark 5 Air 32GB (green)', 'Tecno', 'smartphones', 11097, '830311_0.jpg,830311_1.jpg,830311_2.jpg,830311_3.jpg,830311_4.jpg,830311_5.jpg,830311_6.jpg,830311_7.jpg', 830311, '2021-04-26 15:11:30', '2021-05-19 19:29:46', 1, 0, 78),
	(316, 'Apple iPhone 12 mini 128GB (PRODUCT)RED', 'Apple', 'smartphones', 95819, '835253_0.jpg,835253_1.jpg,835253_2.jpg,835253_3.jpg,835253_4.jpg,835253_5.jpg,835253_6.jpg,835253_7.jpg', 835253, '2021-04-26 15:11:39', '2021-05-19 19:29:46', 1, 0, 56),
	(317, 'Apple iPhone 11 Pro 256GB (silver)', 'Apple', 'smartphones', 134708, '791669_0.jpg,791669_1.jpg,791669_2.jpg,791669_3.jpg,791669_4.jpg', 791669, '2021-04-26 15:11:46', '2021-05-19 19:29:46', 1, 1, 61),
	(318, 'ZTE Blade A5 2019 32GB (blue)', 'ZTE', 'smartphones', 9014, '797222_0.jpg,797222_1.jpg,797222_2.jpg,797222_3.jpg', 797222, '2021-04-26 15:11:54', '2021-05-19 19:29:46', 1, 0, 87),
	(319, 'Huawei P40 Lite E NFC 4/64GB (bright-light blue)', 'Huawei', 'smartphones', 16653, '822619_0.jpg', 822619, '2021-04-26 15:12:02', '2021-05-19 19:29:46', 1, 0, 85),
	(320, 'itel A25 16GB (indigo gradient)', 'Itel', 'smartphones', 6653, '819236_0.jpg,819236_1.jpg,819236_2.jpg,819236_3.jpg,819236_4.jpg,819236_5.jpg,819236_6.jpg,819236_7.jpg,819236_8.jpg', 819236, '2021-04-26 15:12:10', '2021-05-19 19:29:46', 1, 0, 49),
	(321, 'Xiaomi Redmi Note 9 64GB (green)', 'Xiaomi', 'smartphones', 22208, '821395_0.jpg,821395_1.jpg,821395_2.jpg,821395_3.jpg,821395_4.jpg,821395_5.jpg,821395_6.jpg,821395_7.jpg,821395_8.jpg,821395_9.jpg,821395_10.jpg,821395_11.jpg', 821395, '2021-04-26 15:12:19', '2021-05-19 19:29:46', 1, 0, 95),
	(322, 'Honor 7A Prime 32GB (blue)', 'Honor', 'smartphones', 11097, '822503_0.jpg,822503_1.jpg,822503_2.jpg,822503_3.jpg,822503_4.jpg,822503_5.jpg,822503_6.jpg,822503_7.jpg,822503_8.jpg,822503_9.jpg,822503_10.jpg,822503_11.jpg', 822503, '2021-04-26 15:12:27', '2021-05-19 19:29:46', 1, 0, 68),
	(323, 'Honor 7A Prime 32GB (green)', 'Honor', 'smartphones', 11097, '822505_0.jpg,822505_1.jpg,822505_2.jpg,822505_3.jpg', 822505, '2021-04-26 15:12:34', '2021-05-19 19:29:46', 1, 0, 72),
	(324, 'Samsung Galaxy S10+ Ceramic 8/128GB (white)', 'Samsung', 'smartphones', 69424, '822788_0.jpg,822788_1.jpg,822788_2.jpg,822788_3.jpg,822788_4.jpg,822788_5.jpg', 822788, '2021-04-26 15:12:43', '2021-05-19 19:29:46', 1, 0, 59),
	(325, 'Honor 30 Pro+ 8/256GB (emerald green)', 'Honor', 'smartphones', 68736, '825677_0.jpg,825677_1.jpg,825677_2.jpg,825677_3.jpg,825677_4.jpg,825677_5.jpg,825677_6.jpg,825677_7.jpg,825677_8.jpg,825677_9.jpg,825677_10.jpg', 825677, '2021-04-26 15:12:51', '2021-05-19 19:29:46', 1, 0, 87),
	(326, 'Blackview BV5900 32GB (black-orange)', 'Blackview', 'smartphones', 16653, '827109_0.jpg,827109_1.jpg,827109_2.jpg,827109_3.jpg,827109_4.jpg', 827109, '2021-04-26 15:12:59', '2021-05-19 19:29:46', 1, 0, 55),
	(327, 'itel Vision1 32GB (indigo)', 'Itel', 'smartphones', 9708, '828605_0.jpg,828605_1.jpg,828605_2.jpg,828605_3.jpg,828605_4.jpg,828605_5.jpg,828605_6.jpg', 828605, '2021-04-26 15:13:07', '2021-05-19 19:29:46', 1, 0, 75),
	(328, 'Tecno Spark 5 Air 32GB (orange)', 'Tecno', 'smartphones', 11097, '830318_0.jpg,830318_1.jpg,830318_2.jpg,830318_3.jpg,830318_4.jpg,830318_5.jpg,830318_6.jpg,830318_7.jpg,830318_8.jpg', 830318, '2021-04-26 15:13:15', '2021-05-19 19:29:46', 1, 0, 89),
	(329, 'Tecno Spark 5 Air 32GB (grey)', 'Tecno', 'smartphones', 11097, '830316_0.jpg,830316_1.jpg,830316_2.jpg,830316_3.jpg,830316_4.jpg,830316_5.jpg,830316_6.jpg,830316_7.jpg', 830316, '2021-04-26 15:13:23', '2021-05-19 19:29:46', 1, 0, 76),
	(330, 'Tecno Spark 5 Air 32GB (blue)', 'Tecno', 'smartphones', 11097, '830315_0.jpg,830315_1.jpg,830315_2.jpg,830315_3.jpg,830315_4.jpg,830315_5.jpg,830315_6.jpg,830315_7.jpg', 830315, '2021-04-26 15:13:31', '2021-05-19 19:29:46', 1, 0, 65),
	(331, 'Nokia 3.4 Dual SIM 64GB (purple)', 'Nokia', 'smartphones', 15264, '833241_0.jpg,833241_1.jpg,833241_2.jpg,833241_3.jpg,833241_4.jpg,833241_5.jpg', 833241, '2021-04-26 15:13:38', '2021-05-19 19:29:47', 1, 0, 84),
	(332, 'Nokia 8.3 5G 8/128GB (polar night)', 'Nokia', 'smartphones', 55542, '833219_0.jpg,833219_1.jpg,833219_2.jpg,833219_3.jpg,833219_4.jpg,833219_5.jpg,833219_6.jpg,833219_7.jpg,833219_8.jpg', 833219, '2021-04-26 15:13:46', '2021-05-19 19:29:47', 1, 0, 93),
	(333, 'vivo Y1S 32GB (black)', 'Vivo', 'smartphones', 11792, '833880_0.jpg,833880_1.jpg,833880_2.jpg,833880_3.jpg,833880_4.jpg,833880_5.jpg,833880_6.jpg', 833880, '2021-04-26 15:13:53', '2021-05-19 19:29:47', 1, 0, 35),
	(334, 'Apple iPhone 12 mini 256GB (blue)', 'Apple', 'smartphones', 108597, '835298_0.jpg,835298_1.jpg,835298_2.jpg,835298_3.jpg,835298_4.jpg,835298_5.jpg,835298_6.jpg,835298_7.jpg', 835298, '2021-04-26 15:14:02', '2021-05-19 19:29:47', 1, 0, 87),
	(335, 'Apple iPhone 12 mini 256GB (green)', 'Apple', 'smartphones', 108597, '835300_0.jpg,835300_1.jpg,835300_2.jpg,835300_3.jpg,835300_4.jpg,835300_5.jpg,835300_6.jpg,835300_7.jpg', 835300, '2021-04-26 15:14:11', '2021-05-19 19:29:47', 1, 0, 96),
	(336, 'Apple iPhone 12 mini 256GB (white)', 'Apple', 'smartphones', 118042, '835279_0.jpg,835279_1.jpg,835279_2.jpg,835279_3.jpg,835279_4.jpg,835279_5.jpg,835279_6.jpg,835279_7.jpg', 835279, '2021-04-26 15:14:19', '2021-07-06 13:31:41', 1, 1, 99),
	(337, 'ZTE Blade L210 32GB (black)', 'ZTE', 'smartphones', 7347, '835104_0.jpg,835104_1.jpg,835104_2.jpg,835104_3.jpg,835104_4.jpg,835104_5.jpg,835104_6.jpg', 835104, '2021-04-26 15:14:27', '2021-05-19 19:29:47', 1, 0, 63),
	(338, 'Oukitel WP5 32GB (orange)', 'Oukitel', 'smartphones', 15958, '835452_0.jpg', 835452, '2021-04-26 15:14:34', '2021-05-19 19:29:47', 1, 0, 76),
	(339, 'Apple iPhone XR 128GB with new package (PRODUCT)RED', 'Apple', 'smartphones', 68042, '837007_0.jpg,837007_1.jpg,837007_2.jpg,837007_3.jpg,837007_4.jpg', 837007, '2021-04-26 15:14:42', '2021-05-19 19:29:47', 1, 0, 30),
	(340, 'Apple iPhone XR 128GB with new package (yellow)', 'Apple', 'smartphones', 68042, '837009_0.jpg,837009_1.jpg,837009_2.jpg,837009_3.jpg,837009_4.jpg', 837009, '2021-04-26 15:14:50', '2021-05-19 19:29:47', 1, 0, 29),
	(341, 'Apple iPhone SE 2020 128GB with new package (white)', 'Apple', 'smartphones', 62486, '837024_0.jpg,837024_1.jpg,837024_2.jpg,837024_3.jpg,837024_4.jpg,837024_5.jpg,837024_6.jpg', 837024, '2021-04-26 15:14:58', '2021-05-19 19:29:47', 1, 0, 28),
	(342, 'Nokia 5.4 Dual SIM 4/128GB (purple)', 'Nokia', 'smartphones', 23597, '843966_0.jpg,843966_1.jpg,843966_2.jpg,843966_3.jpg,843966_4.jpg,843966_5.jpg', 843966, '2021-04-26 15:15:06', '2021-05-19 19:29:47', 1, 0, 30),
	(343, 'Xiaomi Redmi Note 9 4/128GB (black)', 'Xiaomi', 'smartphones', 24986, '855306_0.jpg,855306_1.jpg,855306_2.jpg,855306_3.jpg,855306_4.jpg,855306_5.jpg', 855306, '2021-04-26 15:15:14', '2021-05-19 19:29:47', 1, 0, 54),
	(344, 'Samsung Galaxy A52 8/256GB (blue)', 'Samsung', 'smartphones', 45819, '851301_0.jpg,851301_1.jpg,851301_2.jpg,851301_3.jpg,851301_4.jpg,851301_5.jpg,851301_6.jpg,851301_7.jpg,851301_8.jpg', 851301, '2021-04-26 15:15:22', '2021-05-19 19:29:47', 1, 0, 61),
	(345, 'Apple iPhone 11 256GB with new package (PRODUCT)RED', 'Apple', 'smartphones', 97208, '836949_0.jpg,836949_1.jpg,836949_2.jpg,836949_3.jpg,836949_4.jpg', 836949, '2021-04-26 15:15:30', '2021-05-19 19:29:47', 1, 0, 71),
	(346, 'Honor 9X 4/128GB (midnight black)', 'Honor', 'smartphones', 22208, '797296_0.jpg,797296_1.jpg,797296_2.jpg,797296_3.jpg,797296_4.jpg,797296_5.jpg,797296_6.jpg,797296_7.jpg,797296_8.jpg,797296_9.jpg,797296_10.jpg,797296_11.jpg,797296_12.jpg,797296_13.jpg,797296_14.jpg,797296_15.jpg,797296_16.jpg,797296_17.jpg', 797296, '2021-04-26 15:15:38', '2021-05-19 19:29:47', 1, 0, 41),
	(347, 'Samsung Galaxy S20 8/128GB (light blue)', 'Samsung', 'smartphones', 97208, '811699_0.jpg,811699_1.jpg,811699_2.jpg,811699_3.jpg,811699_4.jpg,811699_5.jpg', 811699, '2021-04-26 15:15:45', '2021-05-19 19:29:47', 1, 0, 49),
	(348, 'Samsung Galaxy A21s 32GB (red)', 'Samsung', 'smartphones', 18736, '819937_0.jpg,819937_1.jpg,819937_2.jpg,819937_3.jpg,819937_4.jpg,819937_5.jpg', 819937, '2021-04-26 15:15:53', '2021-05-19 19:29:47', 1, 0, 80),
	(349, 'Haier Alpha A2 8GB (graphite)', 'Haier', 'smartphones', 4847, '833043_0.jpg,833043_1.jpg,833043_2.jpg,833043_3.jpg,833043_4.jpg', 833043, '2021-04-26 15:16:00', '2021-05-19 19:29:47', 1, 0, 81),
	(350, 'Blackview BV4900 32GB (black-yellow)', 'Blackview', 'smartphones', 13875, '844784_0.jpg,844784_1.jpg,844784_2.jpg', 844784, '2021-04-26 15:16:08', '2021-05-19 19:29:47', 1, 0, 61),
	(351, 'Samsung Galaxy S10+ 8/128GB (nacre)', 'Samsung', 'smartphones', 69424, '742477_0.jpg,742477_1.jpg,742477_2.jpg,742477_3.jpg,742477_4.jpg,742477_5.jpg', 742477, '2021-04-26 15:16:15', '2021-05-19 19:29:47', 1, 0, 82),
	(352, 'Samsung Galaxy S10 8/128GB (nacre)', 'Samsung', 'smartphones', 62493, '742490_0.jpg,742490_1.jpg,742490_2.jpg,742490_3.jpg,742490_4.jpg,742490_5.jpg', 742490, '2021-04-26 15:16:23', '2021-05-19 19:29:47', 1, 0, 64),
	(353, 'Samsung Galaxy S10 8/128GB (aquamarine)', 'Samsung', 'smartphones', 62493, '742483_0.jpg,742483_1.jpg,742483_2.jpg,742483_3.jpg,742483_4.jpg,742483_5.jpg', 742483, '2021-04-26 15:16:30', '2021-05-19 19:29:47', 1, 0, 49),
	(354, 'Xiaomi Redmi Note 8T 4/64GB (grey)', 'Xiaomi', 'smartphones', 19424, '800969_0.jpg,800969_1.jpg,800969_2.jpg,800969_3.jpg,800969_4.jpg,800969_5.jpg,800969_6.jpg,800969_7.jpg,800969_8.jpg,800969_9.jpg,800969_10.jpg', 800969, '2021-04-26 15:16:38', '2021-05-19 19:29:47', 1, 0, 32),
	(355, 'Haier Alpha A4 Lite 8GB (blue)', 'Haier', 'smartphones', 5549, '804251_0.jpg,804251_1.jpg,804251_2.jpg,804251_3.jpg,804251_4.jpg,804251_5.jpg', 804251, '2021-04-26 15:16:45', '2021-05-19 19:29:47', 1, 0, 30),
	(356, 'Samsung Galaxy Note 10 Lite 6/128GB (red)', 'Samsung', 'smartphones', 48597, '809834_0.jpg,809834_1.jpg,809834_2.jpg,809834_3.jpg,809834_4.jpg,809834_5.jpg,809834_6.jpg,809834_7.jpg,809834_8.jpg,809834_9.jpg,809834_10.jpg,809834_11.jpg,809834_12.jpg', 809834, '2021-04-26 15:16:53', '2021-05-19 19:29:47', 1, 0, 42),
	(357, 'Huawei P40 Lite 6/128GB (midnight black)', 'Huawei', 'smartphones', 27764, '822615_0.jpg', 822615, '2021-04-26 15:17:01', '2021-05-19 19:29:47', 1, 0, 97),
	(358, 'Ulefone Armor X5 32GB (black)', 'Ulefone', 'smartphones', 15264, '818079_0.jpg,818079_1.jpg,818079_2.jpg,818079_3.jpg,818079_4.jpg,818079_5.jpg,818079_6.jpg,818079_7.jpg', 818079, '2021-04-26 15:17:15', '2021-05-19 19:29:47', 1, 0, 40),
	(359, 'Ulefone S11 16GB (indigo)', 'Ulefone', 'smartphones', 6938, '818095_0.jpg', 818095, '2021-04-26 15:17:23', '2021-06-11 14:28:02', 1, 1, 31),
	(360, 'Apple iPhone SE 2020 128GB (black)', 'Apple', 'smartphones', 62486, '818443_0.jpg,818443_1.jpg,818443_2.jpg,818443_3.jpg,818443_4.jpg,818443_5.jpg,818443_6.jpg', 818443, '2021-04-26 15:17:31', '2021-05-19 19:29:47', 1, 0, 73),
	(361, 'itel A25 16GB (light blue gradient)', 'Itel', 'smartphones', 6653, '819235_0.jpg,819235_1.jpg,819235_2.jpg,819235_3.jpg,819235_4.jpg,819235_5.jpg,819235_6.jpg,819235_7.jpg,819235_8.jpg', 819235, '2021-04-26 15:17:38', '2021-05-19 19:29:47', 1, 0, 61),
	(362, 'Honor 30 8/128GB (midnight black)', 'Honor', 'smartphones', 44431, '821337_0.jpg,821337_1.jpg,821337_2.jpg,821337_3.jpg,821337_4.jpg,821337_5.jpg,821337_6.jpg,821337_7.jpg,821337_8.jpg,821337_9.jpg,821337_10.jpg', 821337, '2021-04-26 15:17:46', '2021-05-19 19:29:47', 1, 0, 78),
	(363, 'Honor 30 Premium 8/256GB (midnight black)', 'Honor', 'smartphones', 49986, '821394_0.jpg,821394_1.jpg,821394_2.jpg,821394_3.jpg,821394_4.jpg,821394_5.jpg,821394_6.jpg,821394_7.jpg,821394_8.jpg,821394_9.jpg,821394_10.jpg', 821394, '2021-04-26 15:17:53', '2021-05-19 19:29:47', 1, 0, 78),
	(364, 'Honor 30S 6/128GB (неоновый indigo)', 'Honor', 'smartphones', 33319, '821381_0.jpg,821381_1.jpg,821381_2.jpg,821381_3.jpg,821381_4.jpg,821381_5.jpg,821381_6.jpg,821381_7.jpg', 821381, '2021-04-26 15:18:01', '2021-05-19 19:29:47', 1, 0, 30),
	(365, 'Xiaomi Redmi Note 9 64GB (полуночный grey)', 'Xiaomi', 'smartphones', 22208, '821391_0.jpg,821391_1.jpg,821391_2.jpg,821391_3.jpg,821391_4.jpg,821391_5.jpg,821391_6.jpg,821391_7.jpg,821391_8.jpg,821391_9.jpg,821391_10.jpg', 821391, '2021-04-26 15:18:09', '2021-05-19 19:29:47', 1, 0, 67),
	(366, 'ZTE Blade V2020 4/128GB (white)', 'ZTE', 'smartphones', 19438, '821396_0.jpg,821396_1.jpg,821396_2.jpg,821396_3.jpg,821396_4.jpg,821396_5.jpg,821396_6.jpg', 821396, '2021-04-26 15:18:16', '2021-05-19 19:29:47', 1, 0, 80),
	(367, 'Realme 6s 6/128GB (black)', 'Realme', 'smartphones', 24979, '830590_0.jpg', 830590, '2021-04-26 15:18:24', '2021-05-19 19:29:47', 1, 0, 34),
	(368, 'Samsung Galaxy S20 FE G780F 8/256GB (mint)', 'Samsung', 'smartphones', 77764, '834434_0.jpg,834434_1.jpg,834434_2.jpg,834434_3.jpg,834434_4.jpg,834434_5.jpg', 834434, '2021-04-26 15:18:31', '2021-05-19 19:29:47', 1, 0, 58),
	(369, 'Apple iPhone 12 mini 64GB (PRODUCT)RED', 'Apple', 'smartphones', 89431, '835304_0.jpg,835304_1.jpg,835304_2.jpg,835304_3.jpg,835304_4.jpg,835304_5.jpg,835304_6.jpg,835304_7.jpg', 835304, '2021-04-26 15:18:40', '2021-05-19 19:29:47', 1, 0, 75),
	(370, 'Apple iPhone 12 mini 256GB (PRODUCT)RED', 'Apple', 'smartphones', 108597, '835293_0.jpg,835293_1.jpg,835293_2.jpg,835293_3.jpg,835293_4.jpg,835293_5.jpg,835293_6.jpg,835293_7.jpg', 835293, '2021-04-26 15:18:48', '2021-05-19 19:29:47', 1, 0, 97),
	(371, 'ZTE Blade A7s 64GB (blue)', 'ZTE', 'smartphones', 13875, '835132_0.jpg,835132_1.jpg,835132_2.jpg,835132_3.jpg,835132_4.jpg,835132_5.jpg,835132_6.jpg,835132_7.jpg,835132_8.jpg,835132_9.jpg,835132_10.jpg,835132_11.jpg', 835132, '2021-04-26 15:18:55', '2021-05-19 19:29:47', 1, 0, 87),
	(372, 'Apple iPhone SE 2020 128GB with new package (PRODUCT)RED', 'Apple', 'smartphones', 62486, '837026_0.jpg,837026_1.jpg,837026_2.jpg,837026_3.jpg,837026_4.jpg,837026_5.jpg,837026_6.jpg', 837026, '2021-04-26 15:19:03', '2021-05-19 19:29:47', 1, 0, 78),
	(373, 'Apple iPhone SE 2020 256GB with new package (black)', 'Apple', 'smartphones', 74986, '837003_0.jpg,837003_1.jpg,837003_2.jpg,837003_3.jpg,837003_4.jpg,837003_5.jpg,837003_6.jpg', 837003, '2021-04-26 15:19:11', '2021-05-19 19:29:47', 1, 0, 88),
	(374, 'Xiaomi Mi 10T 8/128GB (silver)', 'Xiaomi', 'smartphones', 56931, '840708_0.jpg,840708_1.jpg,840708_2.jpg,840708_3.jpg,840708_4.jpg,840708_5.jpg,840708_6.jpg,840708_7.jpg,840708_8.jpg,840708_9.jpg,840708_10.jpg', 840708, '2021-04-26 15:19:19', '2021-05-19 19:29:47', 1, 0, 22),
	(375, 'Doogee S68 Pro 6/128GB (black-yellow)', 'Doogee', 'smartphones', 29847, '842233_0.jpg', 842233, '2021-04-26 15:19:26', '2021-05-19 19:29:47', 1, 0, 89),
	(376, 'Doogee S88 Pro 6/128GB (black-grey)', 'Doogee', 'smartphones', 32625, '842237_0.jpg', 842237, '2021-04-26 15:19:33', '2021-05-19 19:29:47', 1, 0, 31),
	(377, 'Nokia C1 Plus Dual SIM 16GB (red)', 'Nokia', 'smartphones', 8319, '843963_0.jpg,843963_1.jpg,843963_2.jpg,843963_3.jpg,843963_4.jpg,843963_5.jpg', 843963, '2021-04-26 15:19:41', '2021-05-19 19:29:47', 1, 0, 87),
	(378, 'Vsmart Joy 3+ 4/64GB (white)', 'Vsmart', 'smartphones', 13875, '843861_0.jpg,843861_1.jpg,843861_2.jpg,843861_3.jpg,843861_4.jpg,843861_5.jpg,843861_6.jpg,843861_7.jpg,843861_8.jpg', 843861, '2021-04-26 15:19:49', '2021-05-19 19:29:47', 1, 0, 49),
	(379, 'Blackview BV5500 Plus 32GB (black)', 'Blackview', 'smartphones', 12486, '844757_0.jpg,844757_1.jpg,844757_2.jpg', 844757, '2021-04-26 15:19:56', '2021-05-19 19:29:47', 1, 0, 74),
	(380, 'Motorola Moto E7 plus 4/64GB (blue)', 'Motorola', 'smartphones', 15264, '846898_0.jpg,846898_1.jpg,846898_2.jpg,846898_3.jpg,846898_4.jpg,846898_5.jpg,846898_6.jpg,846898_7.jpg,846898_8.jpg,846898_9.jpg,846898_10.jpg', 846898, '2021-04-26 15:20:04', '2021-05-19 19:29:47', 1, 0, 98),
	(381, 'Blackview BV9900E 6/128GB (black-grey)', 'Blackview', 'smartphones', 40264, '852270_0.jpg,852270_1.jpg,852270_2.jpg,852270_3.jpg', 852270, '2021-04-26 15:20:12', '2021-05-19 19:29:47', 1, 0, 69),
	(382, 'Blackview BV6300 32GB (black)', 'Blackview', 'smartphones', 18042, '852243_0.jpg,852243_1.jpg,852243_2.jpg', 852243, '2021-04-26 15:20:19', '2021-05-19 19:29:47', 1, 0, 24),
	(383, 'ZTE Blade A5 2020 32GB (black)', 'ZTE', 'smartphones', 11097, '801202_0.jpg,801202_1.jpg,801202_2.jpg', 801202, '2021-04-26 15:20:27', '2021-05-19 19:29:47', 1, 0, 24),
	(384, 'Xiaomi Redmi Note 9 64GB (white)', 'Xiaomi', 'smartphones', 22208, '821397_0.jpg,821397_1.jpg,821397_2.jpg,821397_3.jpg,821397_4.jpg,821397_5.jpg,821397_6.jpg,821397_7.jpg,821397_8.jpg,821397_9.jpg', 821397, '2021-04-26 15:20:34', '2021-05-19 19:29:47', 1, 0, 26),
	(385, 'Samsung Galaxy S20 FE G780F 8/256GB (lavender)', 'Samsung', 'smartphones', 77764, '834433_0.jpg,834433_1.jpg,834433_2.jpg,834433_3.jpg,834433_4.jpg,834433_5.jpg', 834433, '2021-04-26 15:20:42', '2021-05-19 19:29:47', 1, 0, 65),
	(386, 'Apple iPhone 12 Pro 512GB (silver)', 'Apple', 'smartphones', 166097, '835297_0.jpg,835297_1.jpg,835297_2.jpg,835297_3.jpg,835297_4.jpg,835297_5.jpg,835297_6.jpg,835297_7.jpg,835297_8.jpg', 835297, '2021-04-26 15:20:50', '2021-05-19 19:29:47', 1, 0, 82),
	(387, 'Tecno Pouvoir 4 32GB (green)', 'Tecno', 'smartphones', 13181, '830312_0.jpg,830312_1.jpg,830312_2.jpg,830312_3.jpg,830312_4.jpg,830312_5.jpg,830312_6.jpg,830312_7.jpg,830312_8.jpg', 830312, '2021-04-26 15:20:58', '2021-05-19 19:29:47', 1, 0, 50),
	(388, 'Apple iPhone 12 256GB (black)', 'Apple', 'smartphones', 121375, '835267_0.jpg,835267_1.jpg,835267_2.jpg,835267_3.jpg,835267_4.jpg,835267_5.jpg,835267_6.jpg,835267_7.jpg', 835267, '2021-04-26 15:21:07', '2021-06-13 18:36:14', 1, 1, 88),
	(389, 'HTC Wildfire E 32GB (black)', 'HTC', 'smartphones', 9292, '792804_0.jpg,792804_1.jpg,792804_2.jpg,792804_3.jpg', 792804, '2021-04-26 15:21:14', '2021-05-19 19:29:47', 1, 0, 38),
	(390, 'Samsung Galaxy S20 8/128GB (red)', 'Samsung', 'smartphones', 97208, '811712_0.jpg,811712_1.jpg,811712_2.jpg,811712_3.jpg,811712_4.jpg,811712_5.jpg', 811712, '2021-04-26 15:21:22', '2021-05-19 19:29:47', 1, 0, 34),
	(391, 'Honor 8A Prime 64GB (blue)', 'Honor', 'smartphones', 13181, '815409_0.jpg', 815409, '2021-04-26 15:21:29', '2021-05-19 19:29:47', 1, 0, 97),
	(392, 'Ulefone Armor X3 32GB (black)', 'Ulefone', 'smartphones', 12486, '818077_0.jpg,818077_1.jpg,818077_2.jpg,818077_3.jpg,818077_4.jpg,818077_5.jpg', 818077, '2021-04-26 15:21:37', '2021-05-19 19:29:47', 1, 0, 100),
	(393, 'Apple iPhone SE 2020 256GB (black)', 'Apple', 'smartphones', 74986, '818404_0.jpg,818404_1.jpg,818404_2.jpg,818404_3.jpg,818404_4.jpg,818404_5.jpg,818404_6.jpg', 818404, '2021-04-26 15:21:45', '2021-05-19 19:29:47', 1, 0, 62),
	(394, 'Apple iPhone SE 2020 64GB (white)', 'Apple', 'smartphones', 55542, '818441_0.jpg,818441_1.jpg,818441_2.jpg,818441_3.jpg,818441_4.jpg,818441_5.jpg,818441_6.jpg', 818441, '2021-04-26 15:21:52', '2021-05-19 19:29:47', 1, 0, 93),
	(395, 'Apple iPhone SE 2020 128GB (white)', 'Apple', 'smartphones', 62486, '818444_0.jpg,818444_1.jpg,818444_2.jpg,818444_3.jpg,818444_4.jpg,818444_5.jpg,818444_6.jpg', 818444, '2021-04-26 15:22:03', '2021-05-19 19:29:47', 1, 0, 24),
	(396, 'Nokia 5.3 Dual Sim 3/64GB (graphite)', 'Nokia', 'smartphones', 20819, '819309_0.jpg,819309_1.jpg,819309_2.jpg,819309_3.jpg,819309_4.jpg,819309_5.jpg', 819309, '2021-04-26 15:22:11', '2021-05-19 19:29:47', 1, 0, 57),
	(397, 'Nokia 5.3 Dual Sim 4/64GB (turquoise)', 'Nokia', 'smartphones', 22208, '819360_0.jpg,819360_1.jpg,819360_2.jpg,819360_3.jpg,819360_4.jpg,819360_5.jpg', 819360, '2021-04-26 15:22:18', '2021-05-19 19:29:47', 1, 0, 62),
	(398, 'Honor 30 Premium 8/256GB (titan silver)', 'Honor', 'smartphones', 49986, '821338_0.jpg,821338_1.jpg,821338_2.jpg,821338_3.jpg,821338_4.jpg,821338_5.jpg,821338_6.jpg,821338_7.jpg,821338_8.jpg,821338_9.jpg,821338_10.jpg', 821338, '2021-04-26 15:22:26', '2021-05-19 19:29:47', 1, 0, 88),
	(399, 'Blackview BV9800 Pro 6/128GB (black)', 'Blackview', 'smartphones', 59708, '828006_0.jpg,828006_1.jpg,828006_2.jpg,828006_3.jpg,828006_4.jpg', 828006, '2021-04-26 15:22:34', '2021-05-19 19:29:47', 1, 0, 24),
	(400, 'Blackview BV9900 Pro 8/128GB (black-grey)', 'Blackview', 'smartphones', 59708, '827679_0.jpg,827679_1.jpg,827679_2.jpg,827679_3.jpg', 827679, '2021-04-26 15:22:41', '2021-07-01 10:30:59', 1, 9, 83),
	(401, 'Haier Alpha S5 Silk 16GB (black)', 'Haier', 'smartphones', 6792, '828257_0.jpg', 828257, '2021-04-26 15:22:49', '2021-05-19 19:29:47', 1, 0, 50),
	(402, 'Tecno Pouvoir 4 32GB (blue)', 'Tecno', 'smartphones', 13181, '830342_0.jpg,830342_1.jpg,830342_2.jpg,830342_3.jpg,830342_4.jpg,830342_5.jpg,830342_6.jpg,830342_7.jpg,830342_8.jpg', 830342, '2021-04-26 15:22:57', '2021-05-19 19:29:47', 1, 1, 96),
	(403, 'Realme 6s 6/128GB (white)', 'Realme', 'smartphones', 24979, '830592_0.jpg,830592_1.jpg,830592_2.jpg,830592_3.jpg,830592_4.jpg,830592_5.jpg,830592_6.jpg,830592_7.jpg,830592_8.jpg,830592_9.jpg,830592_10.jpg,830592_11.jpg,830592_12.jpg,830592_13.jpg,830592_14.jpg,830592_15.jpg', 830592, '2021-04-26 15:23:04', '2021-05-19 19:29:47', 1, 0, 39),
	(404, 'Xiaomi Redmi Note 9 64GB (black)', 'Xiaomi', 'smartphones', 22208, '830490_0.jpg', 830490, '2021-04-26 15:23:12', '2021-05-19 19:29:47', 1, 0, 30),
	(405, 'Nokia 2.4 Dual SIM 64GB (blue)', 'Nokia', 'smartphones', 13875, '833145_0.jpg,833145_1.jpg,833145_2.jpg,833145_3.jpg,833145_4.jpg,833145_5.jpg', 833145, '2021-04-26 15:23:19', '2021-05-19 19:29:47', 1, 0, 91),
	(406, 'vivo Y1S 32GB (blue wave)', 'Vivo', 'smartphones', 11792, '833857_0.jpg,833857_1.jpg,833857_2.jpg,833857_3.jpg,833857_4.jpg,833857_5.jpg,833857_6.jpg', 833857, '2021-04-26 15:23:27', '2021-05-19 19:29:47', 1, 0, 43),
	(407, 'Haier Alpha A2 8GB (blue)', 'Haier', 'smartphones', 4847, '833042_0.jpg,833042_1.jpg,833042_2.jpg,833042_3.jpg,833042_4.jpg', 833042, '2021-04-26 15:23:35', '2021-05-19 19:29:47', 1, 0, 95),
	(408, 'Doogee N20 Pro 6/128GB (green)', 'Doogee', 'smartphones', 20819, '842240_0.jpg,842240_1.jpg,842240_2.jpg,842240_3.jpg,842240_4.jpg,842240_5.jpg,842240_6.jpg,842240_7.jpg,842240_8.jpg,842240_9.jpg,842240_10.jpg', 842240, '2021-04-26 15:23:43', '2021-05-19 19:29:47', 1, 0, 79),
	(409, 'Doogee S40 Pro 4/64GB (black-green)', 'Doogee', 'smartphones', 20125, '842218_0.jpg', 842218, '2021-04-26 15:23:50', '2021-05-19 19:29:47', 1, 0, 74),
	(410, 'Blackview BV5500 Plus 32GB (black-yellow)', 'Blackview', 'smartphones', 12486, '852258_0.jpg', 852258, '2021-04-26 15:23:57', '2021-05-19 19:29:47', 1, 0, 27),
	(411, 'ZTE Blade A7 2020 32GB (blue)', 'ZTE', 'smartphones', 11097, '799655_0.jpg,799655_1.jpg,799655_2.jpg,799655_3.jpg,799655_4.jpg,799655_5.jpg', 799655, '2021-04-26 15:24:05', '2021-05-19 19:29:47', 1, 1, 41),
	(412, 'ZTE Blade A3 2020 NFC 32GB (red)', 'ZTE', 'smartphones', 8319, '822196_0.jpg,822196_1.jpg,822196_2.jpg,822196_3.jpg,822196_4.jpg,822196_5.jpg,822196_6.jpg,822196_7.jpg', 822196, '2021-04-26 15:24:12', '2021-05-19 19:29:47', 1, 0, 84),
	(413, 'Nubia Red Magic 5S 8/128GB (silver)', 'Nubia', 'smartphones', 69431, '833599_0.jpg', 833599, '2021-04-26 15:24:20', '2021-05-19 19:29:47', 1, 0, 25),
	(414, 'Apple iPhone 12 256GB (PRODUCT)RED', 'Apple', 'smartphones', 121375, '835282_0.jpg,835282_1.jpg,835282_2.jpg,835282_3.jpg,835282_4.jpg,835282_5.jpg,835282_6.jpg,835282_7.jpg', 835282, '2021-04-26 15:24:28', '2021-05-19 19:29:47', 1, 0, 36),
	(415, 'Blackview BV6300 32GB (black-orange)', 'Blackview', 'smartphones', 16792, '845022_0.jpg,845022_1.jpg,845022_2.jpg', 845022, '2021-04-26 15:24:36', '2021-05-19 19:29:48', 1, 0, 57),
	(416, 'Apple iPhone XR 64GB (coral)', 'Apple', 'smartphones', 62486, '708204_0.jpg,708204_1.jpg,708204_2.jpg,708204_3.jpg,708204_4.jpg', 708204, '2021-04-26 15:24:43', '2021-05-19 19:29:48', 1, 0, 54),
	(417, 'Samsung Galaxy S10 8/128GB (red)', 'Samsung', 'smartphones', 62493, '775254_0.jpg,775254_1.jpg,775254_2.jpg,775254_3.jpg,775254_4.jpg,775254_5.jpg', 775254, '2021-04-26 15:24:51', '2021-05-19 19:29:48', 1, 0, 89),
	(418, 'ZTE Blade A5 2020 32GB (green)', 'ZTE', 'smartphones', 11097, '801206_0.jpg,801206_1.jpg,801206_2.jpg', 801206, '2021-04-26 15:24:59', '2021-05-19 19:29:48', 1, 0, 45),
	(419, 'vivo Y12 64GB (blue)', 'Vivo', 'smartphones', 15264, '803501_0.jpg', 803501, '2021-04-26 15:25:06', '2021-05-19 19:29:48', 1, 0, 31),
	(420, 'Vertex Impress Lion Dual Cam 3G 8GB (sapphire)', 'Vertex', 'smartphones', 4993, '816043_0.jpg,816043_1.jpg,816043_2.jpg', 816043, '2021-04-26 15:25:13', '2021-05-19 19:29:48', 1, 0, 52),
	(421, 'Honor 9A 64GB (green)', 'Honor', 'smartphones', 15264, '818843_0.jpg,818843_1.jpg,818843_2.jpg,818843_3.jpg,818843_4.jpg,818843_5.jpg,818843_6.jpg,818843_7.jpg,818843_8.jpg,818843_9.jpg,818843_10.jpg,818843_11.jpg', 818843, '2021-04-26 15:25:21', '2021-05-19 19:29:48', 1, 0, 47),
	(422, 'Nokia 1.3 Dual SIM 16GB (turquoise)', 'Nokia', 'smartphones', 8319, '822151_0.jpg', 822151, '2021-04-26 15:25:28', '2021-05-19 19:29:48', 1, 0, 59),
	(423, 'Blackview BV9900 8/256GB (black-grey)', 'Blackview', 'smartphones', 55542, '827935_0.jpg,827935_1.jpg,827935_2.jpg,827935_3.jpg,827935_4.jpg,827935_5.jpg', 827935, '2021-04-26 15:25:36', '2021-05-19 19:29:48', 1, 0, 33),
	(424, 'Samsung Galaxy Note20 8/256GB (mint)', 'Samsung', 'smartphones', 90264, '826698_0.jpg,826698_1.jpg,826698_2.jpg,826698_3.jpg,826698_4.jpg,826698_5.jpg,826698_6.jpg,826698_7.jpg,826698_8.jpg,826698_9.jpg,826698_10.jpg,826698_11.jpg,826698_12.jpg', 826698, '2021-04-26 15:25:44', '2021-05-19 19:29:48', 1, 0, 84),
	(425, 'Samsung Galaxy Note20 Ultra 12/512GB (bronze)', 'Samsung', 'smartphones', 145819, '826744_0.jpg,826744_1.jpg,826744_2.jpg,826744_3.jpg,826744_4.jpg,826744_5.jpg,826744_6.jpg,826744_7.jpg,826744_8.jpg,826744_9.jpg,826744_10.jpg,826744_11.jpg,826744_12.jpg', 826744, '2021-04-26 15:25:51', '2021-05-19 19:29:48', 1, 0, 40),
	(426, 'Doogee S68 Pro 6/128GB (black-grey)', 'Doogee', 'smartphones', 29847, '842234_0.jpg', 842234, '2021-04-26 15:25:59', '2021-05-19 19:29:48', 1, 0, 22),
	(427, 'Doogee X90 16GB (gold)', 'Doogee', 'smartphones', 6931, '842247_0.jpg', 842247, '2021-04-26 15:26:06', '2021-05-19 19:29:48', 1, 0, 24),
	(428, 'Blackview BV4900 32GB (black)', 'Blackview', 'smartphones', 15264, '847957_0.jpg,847957_1.jpg,847957_2.jpg', 847957, '2021-04-26 15:26:14', '2021-05-19 19:29:48', 1, 0, 28),
	(429, 'Haier Titan T3 16GB (black)', 'Haier', 'smartphones', 11799, '786398_0.jpg,786398_1.jpg,786398_2.jpg,786398_3.jpg,786398_4.jpg', 786398, '2021-04-26 15:26:21', '2021-05-19 19:29:48', 1, 0, 28),
	(430, 'Inoi 2 Lite 2019 8GB (black)', 'Inoi', 'smartphones', 4438, '792914_0.jpg,792914_1.jpg,792914_2.jpg,792914_3.jpg,792914_4.jpg,792914_5.jpg,792914_6.jpg', 792914, '2021-04-26 15:26:29', '2021-05-19 19:29:48', 1, 0, 66),
	(431, 'Alcatel 5039D 3L 2019 16GB (blue)', 'Alcatel', 'smartphones', 12486, '802655_0.jpg,802655_1.jpg,802655_2.jpg,802655_3.jpg', 802655, '2021-04-26 15:26:37', '2021-05-19 19:29:48', 1, 0, 56),
	(432, 'Alcatel 5039D 3L 2019 16GB (black)', 'Alcatel', 'smartphones', 13319, '808141_0.jpg,808141_1.jpg,808141_2.jpg,808141_3.jpg,808141_4.jpg,808141_5.jpg', 808141, '2021-04-26 15:26:44', '2021-05-19 19:29:48', 1, 0, 99),
	(433, 'vivo Y12 64GB (dark-red)', 'Vivo', 'smartphones', 15264, '804347_0.jpg', 804347, '2021-04-26 15:26:52', '2021-05-19 19:29:48', 1, 0, 46),
	(434, 'Nubia Red Magic 3s 8/128GB (grey)', 'Nubia', 'smartphones', 58403, '807695_0.jpg,807695_1.jpg,807695_2.jpg,807695_3.jpg', 807695, '2021-04-26 15:26:59', '2021-05-19 19:29:48', 1, 0, 82),
	(435, 'Honor 20 Lite 4/128GB (ultramarine)', 'Honor', 'smartphones', 22208, '815977_0.jpg,815977_1.jpg,815977_2.jpg,815977_3.jpg,815977_4.jpg,815977_5.jpg,815977_6.jpg,815977_7.jpg,815977_8.jpg,815977_9.jpg,815977_10.jpg', 815977, '2021-04-26 15:27:07', '2021-05-19 19:29:48', 1, 0, 91),
	(436, 'Ulefone Armor 6E 4/64GB (black-red)', 'Ulefone', 'smartphones', 29153, '818110_0.jpg,818110_1.jpg,818110_2.jpg,818110_3.jpg,818110_4.jpg,818110_5.jpg,818110_6.jpg', 818110, '2021-04-26 15:27:14', '2021-05-19 19:29:48', 1, 0, 90),
	(437, 'Ulefone Note 7P 32GB (black)', 'Ulefone', 'smartphones', 9708, '818106_0.jpg', 818106, '2021-04-26 15:27:22', '2021-05-19 19:29:48', 1, 0, 23),
	(438, 'Apple iPhone SE 2020 64GB (black)', 'Apple', 'smartphones', 55542, '818408_0.jpg,818408_1.jpg,818408_2.jpg,818408_3.jpg,818408_4.jpg,818408_5.jpg,818408_6.jpg', 818408, '2021-04-26 15:27:29', '2021-05-19 19:29:48', 1, 0, 74),
	(439, 'Apple iPhone SE 2020 64GB (PRODUCT)RED', 'Apple', 'smartphones', 55542, '818442_0.jpg,818442_1.jpg,818442_2.jpg,818442_3.jpg,818442_4.jpg,818442_5.jpg,818442_6.jpg', 818442, '2021-04-26 15:27:37', '2021-05-19 19:29:48', 1, 0, 79),
	(440, 'Apple iPhone SE 2020 128GB (PRODUCT)RED', 'Apple', 'smartphones', 62486, '818402_0.jpg,818402_1.jpg,818402_2.jpg,818402_3.jpg,818402_4.jpg,818402_5.jpg,818402_6.jpg', 818402, '2021-04-26 15:27:45', '2021-05-19 19:29:48', 1, 0, 50),
	(441, 'Apple iPhone SE 2020 256GB (PRODUCT)RED', 'Apple', 'smartphones', 74986, '818407_0.jpg,818407_1.jpg,818407_2.jpg,818407_3.jpg,818407_4.jpg,818407_5.jpg,818407_6.jpg', 818407, '2021-04-26 15:27:53', '2021-05-19 19:29:48', 1, 0, 77),
	(442, 'Apple iPhone SE 2020 256GB (white)', 'Apple', 'smartphones', 74986, '818405_0.jpg,818405_1.jpg,818405_2.jpg,818405_3.jpg,818405_4.jpg,818405_5.jpg,818405_6.jpg', 818405, '2021-04-26 15:28:00', '2021-05-19 19:29:48', 1, 0, 39),
	(443, 'Nokia 5.3 Dual Sim 4/64GB (graphite)', 'Nokia', 'smartphones', 22208, '819361_0.jpg,819361_1.jpg,819361_2.jpg,819361_3.jpg,819361_4.jpg,819361_5.jpg', 819361, '2021-04-26 15:28:08', '2021-05-19 19:29:48', 1, 0, 28),
	(444, 'Nubia Red Magic 5G 8/128GB (black)', 'Nubia', 'smartphones', 87486, '823579_0.jpg,823579_1.jpg,823579_2.jpg,823579_3.jpg,823579_4.jpg', 823579, '2021-04-26 15:28:15', '2021-05-19 19:29:48', 1, 0, 58),
	(445, 'Nubia Red Magic 5G 8/128GB (red)', 'Nubia', 'smartphones', 87486, '823655_0.jpg,823655_1.jpg', 823655, '2021-04-26 15:28:22', '2021-05-19 19:29:48', 1, 0, 33),
	(446, 'Tecno Spark 5 32GB (dark-green)', 'Tecno', 'smartphones', 11104, '830340_0.jpg,830340_1.jpg,830340_2.jpg,830340_3.jpg,830340_4.jpg,830340_5.jpg,830340_6.jpg,830340_7.jpg,830340_8.jpg', 830340, '2021-04-26 15:28:30', '2021-05-19 19:29:48', 1, 0, 83),
	(447, 'Tecno Spark 5 32GB (orange)', 'Tecno', 'smartphones', 11104, '830325_0.jpg,830325_1.jpg,830325_2.jpg,830325_3.jpg,830325_4.jpg,830325_5.jpg,830325_6.jpg,830325_7.jpg,830325_8.jpg', 830325, '2021-04-26 15:28:38', '2021-05-19 19:29:48', 1, 0, 21),
	(448, 'Tecno Spark 5 32GB (blue)', 'Tecno', 'smartphones', 11104, '830322_0.jpg,830322_1.jpg,830322_2.jpg,830322_3.jpg,830322_4.jpg,830322_5.jpg,830322_6.jpg,830322_7.jpg,830322_8.jpg', 830322, '2021-04-26 15:28:46', '2021-05-19 19:29:48', 1, 0, 70),
	(449, 'Nokia 5.3 Dual Sim 4/64GB (sand)', 'Nokia', 'smartphones', 22208, '830754_0.jpg,830754_1.jpg,830754_2.jpg,830754_3.jpg,830754_4.jpg', 830754, '2021-04-26 15:28:53', '2021-05-19 19:29:48', 1, 0, 57),
	(450, 'Apple iPhone XS Max 64GB (grey space)', 'Apple', 'smartphones', 69438, '833116_0.jpg,833116_1.jpg,833116_2.jpg,833116_3.jpg,833116_4.jpg', 833116, '2021-04-26 15:29:01', '2021-05-19 19:29:48', 1, 0, 65),
	(451, 'Apple iPhone 11 256GB with new package (yellow)', 'Apple', 'smartphones', 97208, '836971_0.jpg,836971_1.jpg,836971_2.jpg,836971_3.jpg,836971_4.jpg', 836971, '2021-04-26 15:29:08', '2021-05-19 19:29:48', 1, 0, 71),
	(452, 'Apple iPhone SE 2020 256GB with new package (PRODUCT)RED', 'Apple', 'smartphones', 74986, '837008_0.jpg,837008_1.jpg,837008_2.jpg,837008_3.jpg,837008_4.jpg,837008_5.jpg,837008_6.jpg', 837008, '2021-04-26 15:29:16', '2021-05-19 19:29:48', 1, 0, 29),
	(453, 'Doogee N20 Pro 6/128GB (grey)', 'Doogee', 'smartphones', 20819, '842238_0.jpg,842238_1.jpg,842238_2.jpg,842238_3.jpg,842238_4.jpg,842238_5.jpg,842238_6.jpg,842238_7.jpg,842238_8.jpg,842238_9.jpg,842238_10.jpg', 842238, '2021-04-26 15:29:24', '2021-05-19 19:29:48', 1, 0, 24),
	(454, 'Doogee N20 Pro 6/128GB (indigo)', 'Doogee', 'smartphones', 20819, '842239_0.jpg,842239_1.jpg,842239_2.jpg,842239_3.jpg,842239_4.jpg,842239_5.jpg,842239_6.jpg,842239_7.jpg,842239_8.jpg,842239_9.jpg,842239_10.jpg', 842239, '2021-04-26 15:29:31', '2021-05-19 19:29:48', 1, 0, 28),
	(455, 'Doogee S40 32GB (black-orange)', 'Doogee', 'smartphones', 15958, '842215_0.jpg,842215_1.jpg', 842215, '2021-04-26 15:29:39', '2021-05-19 19:29:48', 1, 0, 36),
	(456, 'Doogee S40 32GB (black-grey)', 'Doogee', 'smartphones', 15958, '842216_0.jpg,842216_1.jpg', 842216, '2021-04-26 15:29:46', '2021-05-19 19:29:48', 1, 0, 83),
	(457, 'Doogee S88 Pro 6/128GB (black-orange)', 'Doogee', 'smartphones', 32625, '842236_0.jpg', 842236, '2021-04-26 15:29:54', '2021-05-19 19:29:48', 1, 0, 94),
	(458, 'Doogee X95 16GB (green)', 'Doogee', 'smartphones', 9582, '842248_0.jpg,842248_1.jpg,842248_2.jpg,842248_3.jpg,842248_4.jpg', 842248, '2021-04-26 15:30:01', '2021-05-19 19:29:48', 1, 0, 31),
	(459, 'Doogee X95 16GB (blue)', 'Doogee', 'smartphones', 9582, '842249_0.jpg,842249_1.jpg,842249_2.jpg,842249_3.jpg,842249_4.jpg', 842249, '2021-04-26 15:30:09', '2021-05-19 19:29:48', 1, 0, 70),
	(460, 'Doogee X95 16GB (black)', 'Doogee', 'smartphones', 9582, '842250_0.jpg,842250_1.jpg,842250_2.jpg,842250_3.jpg,842250_4.jpg', 842250, '2021-04-26 15:30:16', '2021-05-19 19:29:48', 1, 0, 85),
	(461, 'Apple iPhone 12 64GB (indigo)', 'Apple', 'smartphones', 111097, '859094_0.jpg,859094_1.jpg,859094_2.jpg,859094_3.jpg,859094_4.jpg,859094_5.jpg,859094_6.jpg,859094_7.jpg,859094_8.jpg', 859094, '2021-04-26 15:30:24', '2021-05-19 19:29:48', 1, 0, 52),
	(462, 'Apple iPhone 12 128GB (indigo)', 'Apple', 'smartphones', 118042, '859105_0.jpg,859105_1.jpg,859105_2.jpg,859105_3.jpg,859105_4.jpg,859105_5.jpg,859105_6.jpg,859105_7.jpg,859105_8.jpg', 859105, '2021-04-26 15:30:32', '2021-05-19 19:29:48', 1, 0, 29),
	(463, 'Apple iPhone 12 mini 64GB (indigo)', 'Apple', 'smartphones', 97208, '859095_0.jpg,859095_1.jpg,859095_2.jpg,859095_3.jpg,859095_4.jpg,859095_5.jpg,859095_6.jpg,859095_7.jpg,859095_8.jpg', 859095, '2021-04-26 15:30:40', '2021-05-19 19:29:48', 1, 0, 57),
	(464, 'Apple iPhone 12 mini 128GB (indigo)', 'Apple', 'smartphones', 104153, '859107_0.jpg,859107_1.jpg,859107_2.jpg,859107_3.jpg,859107_4.jpg,859107_5.jpg,859107_6.jpg,859107_7.jpg,859107_8.jpg', 859107, '2021-04-26 15:30:48', '2021-05-19 19:29:48', 1, 0, 46),
	(465, 'Apple iPhone 12 mini 256GB (indigo)', 'Apple', 'smartphones', 118042, '859096_0.jpg,859096_1.jpg,859096_2.jpg,859096_3.jpg,859096_4.jpg,859096_5.jpg,859096_6.jpg,859096_7.jpg,859096_8.jpg', 859096, '2021-04-26 15:30:55', '2021-05-19 19:29:48', 1, 0, 64),
	(466, 'Nokia X20 8/128GB ( blue)', 'Nokia', 'smartphones', 38875, '6_0.jpg,6_1.jpg,6_2.jpg,6_3.jpg,6_4.jpg,6_5.jpg', 6, '2021-04-26 15:31:03', '2021-05-19 19:29:48', 1, 0, 28),
	(467, 'Nokia X20 8/128GB (the midnight sun)', 'Nokia', 'smartphones', 38875, '6_0.jpg,6_1.jpg,6_2.jpg,6_3.jpg,6_4.jpg,6_5.jpg', 6, '2021-04-26 15:31:10', '2021-05-19 19:29:48', 1, 0, 35),
	(468, 'Honor 9S 32GB (red)', 'Honor', 'smartphones', 9708, '818840_0.jpg', 818840, '2021-04-26 15:31:17', '2021-05-19 19:29:48', 1, 0, 22),
	(469, 'Xiaomi Mi Note 10 Lite 6/128GB (black)', 'Xiaomi', 'smartphones', 41660, '821415_0.jpg', 821415, '2021-04-26 15:31:25', '2021-05-19 19:29:48', 1, 0, 76),
	(470, 'Samsung Galaxy A51 6/128GB (white)', 'Samsung', 'smartphones', 29153, '807584_0.jpg,807584_1.jpg,807584_2.jpg,807584_3.jpg,807584_4.jpg,807584_5.jpg', 807584, '2021-04-26 15:31:32', '2021-05-19 19:29:48', 1, 0, 47),
	(471, 'Honor 20 Pro 8/256GB (black-indigo)', 'Honor', 'smartphones', 37486, '783919_0.jpg', 783919, '2021-04-26 15:31:40', '2021-05-19 19:29:48', 1, 0, 44),
	(472, 'Honor 20 6/128GB (blue)', 'Honor', 'smartphones', 31236, '778291_0.jpg', 778291, '2021-04-26 15:31:47', '2021-05-19 19:29:48', 1, 0, 65),
	(473, 'Honor 9X 4/128GB (sapphire blue)', 'Honor', 'smartphones', 22208, '797298_0.jpg', 797298, '2021-04-26 15:31:55', '2021-05-19 19:29:48', 1, 0, 53),
	(474, 'Samsung Galaxy S20+ 8/128GB (red)', 'Samsung', 'smartphones', 104153, '811695_0.jpg', 811695, '2021-04-26 15:32:02', '2021-05-19 19:29:48', 1, 0, 40),
	(475, 'Honor 10i 4/128GB (midnight black)', 'Honor', 'smartphones', 18042, '762267_0.jpg', 762267, '2021-04-26 15:32:09', '2021-05-19 19:29:48', 1, 0, 31),
	(476, 'Honor 10 Lite 64GB (sapphire blue)', 'Honor', 'smartphones', 15264, '735836_0.jpg', 735836, '2021-04-26 15:32:17', '2021-05-19 19:29:48', 1, 0, 52),
	(477, 'Honor 6X Premium (grey)', 'Honor', 'smartphones', 22208, '682048_0.jpg', 682048, '2021-04-26 15:32:24', '2021-05-19 19:29:48', 1, 0, 44),
	(478, 'Honor 9 Premium 128GB (light blue)', 'Honor', 'smartphones', 18465, '682110_0.jpg', 682110, '2021-04-26 15:32:31', '2021-05-19 19:29:48', 1, 0, 97),
	(479, 'Samsung Galaxy S20+ 8/128GB (black)', 'Samsung', 'smartphones', 104153, '811665_0.jpg', 811665, '2021-04-26 15:32:39', '2021-05-19 19:29:48', 1, 0, 94),
	(480, 'Samsung Galaxy S20+ 8/128GB (grey)', 'Samsung', 'smartphones', 104153, '811668_0.jpg', 811668, '2021-04-26 15:32:46', '2021-05-19 19:29:48', 1, 0, 79),
	(481, 'Xiaomi Redmi Note 10 4/64GB (grey onyx)', 'Xiaomi', 'smartphones', 22486, '855678_0.jpg', 855678, '2021-04-26 15:32:53', '2021-05-19 19:29:48', 1, 0, 24),
	(482, 'Samsung Galaxy M31 6/128GB (black)', 'Samsung', 'smartphones', 29847, '818623_0.jpg', 818623, '2021-04-26 15:33:00', '2021-05-19 19:29:48', 1, 0, 76),
	(483, 'Samsung Galaxy M31s 6/128GB (black)', 'Samsung', 'smartphones', 34708, '829000_0.jpg', 829000, '2021-04-26 15:33:08', '2021-05-19 19:29:48', 1, 0, 42),
	(484, 'Samsung Galaxy M31 6/128GB (red)', 'Samsung', 'smartphones', 29847, '818640_0.jpg', 818640, '2021-04-26 15:33:15', '2021-05-19 19:29:48', 1, 0, 89),
	(485, 'Xiaomi Redmi Note 10 4/64GB (Azure lake)', 'Xiaomi', 'smartphones', 22486, '855576_0.jpg', 855576, '2021-04-26 15:33:22', '2021-05-19 19:29:48', 1, 0, 60),
	(486, 'Realme C3 64GB (blue)', 'Realme', 'smartphones', 15264, '816180_0.jpg,816180_1.jpg,816180_2.jpg,816180_3.jpg,816180_4.jpg,816180_5.jpg,816180_6.jpg,816180_7.jpg,816180_8.jpg,816180_9.jpg,816180_10.jpg,816180_11.jpg,816180_12.jpg,816180_13.jpg,816180_14.jpg,816180_15.jpg,816180_16.jpg,816180_17.jpg,816180_18.jpg,816180_19.jpg,816180_20.jpg,816180_21.jpg,816180_22.jpg', 816180, '2021-04-26 15:33:30', '2021-05-19 19:29:48', 1, 0, 100),
	(487, 'Samsung Galaxy M31 6/128GB (blue)', 'Samsung', 'smartphones', 29847, '818625_0.jpg', 818625, '2021-04-26 15:33:37', '2021-05-19 19:29:48', 1, 0, 29),
	(488, 'Samsung Galaxy M31s 6/128GB (blue)', 'Samsung', 'smartphones', 34708, '828908_0.jpg', 828908, '2021-04-26 15:33:44', '2021-05-19 19:29:48', 1, 0, 32),
	(489, 'Samsung Galaxy M21 4/64GB (blue)', 'Samsung', 'smartphones', 24292, '818650_0.jpg', 818650, '2021-04-26 15:33:52', '2021-05-19 19:29:48', 1, 0, 87),
	(490, 'Samsung Galaxy A41 4/64GB (white)', 'Samsung', 'smartphones', 28458, '818757_0.jpg', 818757, '2021-04-26 15:33:59', '2021-05-19 19:29:48', 1, 0, 93),
	(491, 'Xiaomi Redmi Note 8 Pro 6/64GB (green)', 'Xiaomi', 'smartphones', 22208, '795523_0.jpg', 795523, '2021-04-26 15:34:07', '2021-05-19 19:29:48', 1, 0, 79),
	(492, 'Samsung Galaxy S10+ Ceramic 8/128GB (black ceramics)', 'Samsung', 'smartphones', 69424, '822787_0.jpg', 822787, '2021-04-26 15:34:14', '2021-05-19 19:29:48', 1, 0, 80),
	(493, 'Xiaomi Redmi Note 9 Pro 6/128GB (white)', 'Xiaomi', 'smartphones', 33319, '821238_0.jpg', 821238, '2021-04-26 15:34:39', '2021-06-12 14:13:31', 1, 2, 72),
	(494, 'Inoi 1 Lite 4GB (gold)', 'Inoi', 'smartphones', 2215, '729304_0.jpg', 729304, '2021-04-26 15:34:47', '2021-05-19 19:29:48', 1, 0, 62),
	(495, 'Samsung Galaxy S10 8/128GB (onyx)', 'Samsung', 'smartphones', 62493, '742497_0.jpg', 742497, '2021-04-26 15:34:54', '2021-05-19 19:29:48', 1, 0, 67),
	(496, 'Huawei Y5 Lite (2018) 16GB (янтарный brown)', 'Huawei', 'smartphones', 7618, '785234_0.jpg', 785234, '2021-04-26 15:35:02', '2021-05-19 19:29:48', 1, 0, 82),
	(497, 'Apple iPhone 11 Pro Max 256GB (gold)', 'Apple', 'smartphones', 136104, '791521_0.jpg', 791521, '2021-04-26 15:35:09', '2021-05-19 19:29:48', 1, 0, 49),
	(498, 'Xiaomi Redmi Note 8 Pro 6/128GB (blue)', 'Xiaomi', 'smartphones', 24986, '801792_0.jpg', 801792, '2021-04-26 15:35:16', '2021-05-19 19:29:48', 1, 0, 73),
	(499, 'Realme C3 64GB (grey)', 'Realme', 'smartphones', 15264, '819300_0.jpg', 819300, '2021-04-26 15:35:23', '2021-05-19 19:29:49', 1, 0, 45),
	(500, 'Honor 7A Prime 32GB (black)', 'Honor', 'smartphones', 11097, '822502_0.jpg', 822502, '2021-04-26 15:35:31', '2021-05-19 19:29:49', 1, 0, 48),
	(501, 'Huawei Y5 Lite (2018) 16GB (black )', 'Huawei', 'smartphones', 7618, '785233_0.jpg', 785233, '2021-04-26 15:35:38', '2021-05-19 19:29:49', 1, 0, 57),
	(502, 'Inoi 2 Lite 8GB (black)', 'Inoi', 'smartphones', 2021, '681829_0.jpg', 681829, '2021-04-26 15:35:45', '2021-05-19 19:29:49', 1, 0, 78),
	(503, 'Apple iPhone 11 Pro 256GB (dark-green)', 'Apple', 'smartphones', 134708, '791509_0.jpg', 791509, '2021-04-26 15:35:52', '2021-05-19 19:29:49', 1, 0, 46),
	(504, 'Blackview BV4900 Pro 4/64GB (black)', 'Blackview', 'smartphones', 16653, '852257_0.jpg', 852257, '2021-04-26 15:36:00', '2021-05-19 19:29:49', 1, 0, 95),
	(505, 'Honor 30 Pro+ 8/256GB (titan silver)', 'Honor', 'smartphones', 76375, '821393_0.jpg', 821393, '2021-04-26 15:36:07', '2021-05-19 19:29:49', 1, 0, 34),
	(506, 'Apple iPhone X 64GB  (grey space)', 'Apple', 'smartphones', 49993, '734444_0.jpg', 734444, '2021-04-26 15:36:14', '2021-05-19 19:29:49', 1, 0, 24),
	(507, 'Samsung Galaxy A20s 32GB (black)', 'Samsung', 'smartphones', 13868, '793876_0.jpg', 793876, '2021-04-26 15:36:21', '2021-05-19 19:29:49', 1, 0, 79),
	(508, 'Samsung Galaxy A20s 32GB (blue)', 'Samsung', 'smartphones', 13868, '793879_0.jpg', 793879, '2021-04-26 15:36:29', '2021-05-19 19:29:49', 1, 0, 78),
	(509, 'Xiaomi Redmi Note 8 Pro 6/64GB (white)', 'Xiaomi', 'smartphones', 22208, '794581_0.jpg', 794581, '2021-04-26 15:36:36', '2021-05-19 19:29:49', 1, 0, 38),
	(510, 'Huawei Y8p 4/128GB (светло-light blue)', 'Huawei', 'smartphones', 18035, '822589_0.jpg', 822589, '2021-04-26 15:36:43', '2021-05-19 19:29:49', 1, 0, 81),
	(511, 'Realme C20 32GB (серая сталь)', 'Realme', 'smartphones', 12486, '854796_0.jpg', 854796, '2021-04-26 15:36:51', '2021-05-19 19:29:49', 1, 0, 53),
	(512, 'Apple iPhone XR 64GB (PRODUCT)RED', 'Apple', 'smartphones', 62486, '708127_0.jpg', 708127, '2021-04-26 15:36:58', '2021-05-19 19:29:49', 1, 0, 55),
	(513, 'Digma Hit Q401 3G 8GB (red)', 'Digma', 'smartphones', 1938, '682464_0.jpg', 682464, '2021-04-26 15:37:05', '2021-05-19 19:29:49', 1, 0, 100),
	(514, 'Honor 10 Lite 64GB (black)', 'Honor', 'smartphones', 15264, '735835_0.jpg', 735835, '2021-04-26 15:37:13', '2021-05-19 19:29:49', 1, 0, 59),
	(515, 'Apple iPhone 11 Pro 64GB (silver)', 'Apple', 'smartphones', 111097, '791508_0.jpg', 791508, '2021-04-26 15:37:20', '2021-05-19 19:29:49', 1, 0, 65),
	(516, 'Apple iPhone 11 Pro 64GB (dark-green)', 'Apple', 'smartphones', 111097, '791546_0.jpg', 791546, '2021-04-26 15:37:28', '2021-05-19 19:29:49', 1, 0, 89),
	(517, 'Apple iPhone 8 Plus 128GB (grey space)', 'Apple', 'smartphones', 58326, '791666_0.jpg', 791666, '2021-04-26 15:37:35', '2021-05-19 19:29:49', 1, 0, 44),
	(518, 'Digma Linx Argo 3G (gold)', 'Digma', 'smartphones', 2486, '797975_0.jpg', 797975, '2021-04-26 15:37:42', '2021-05-19 19:29:49', 1, 0, 90),
	(519, 'ZTE Blade A7 2020 64GB (blue)', 'ZTE', 'smartphones', 11521, '802825_0.jpg', 802825, '2021-04-26 15:37:49', '2021-05-19 19:29:49', 1, 0, 56),
	(520, 'Samsung Galaxy S10 Lite 6/128GB (blue)', 'Samsung', 'smartphones', 48590, '809835_0.jpg', 809835, '2021-04-26 15:37:56', '2021-05-19 19:29:49', 1, 0, 88),
	(521, 'teXet TM-5081 8GB (black)', 'Texet', 'smartphones', 4021, '815338_0.jpg', 815338, '2021-04-26 15:38:03', '2021-05-19 19:29:49', 1, 0, 32),
	(522, 'Samsung Galaxy M11 32GB (black)', 'Samsung', 'smartphones', 15264, '818624_0.jpg', 818624, '2021-04-26 15:38:10', '2021-05-19 19:29:49', 1, 0, 24),
	(523, 'Honor 30S 6/128GB (titan silver)', 'Honor', 'smartphones', 33319, '821382_0.jpg', 821382, '2021-04-26 15:38:18', '2021-05-19 19:29:49', 1, 0, 90),
	(524, 'Samsung Galaxy A11 32GB (red)', 'Samsung', 'smartphones', 13875, '822623_0.jpg', 822623, '2021-04-26 15:38:25', '2021-05-19 19:29:49', 1, 0, 65),
	(525, 'Tecno Camon 15 4/64GB (dark-green)', 'Tecno', 'smartphones', 15264, '830324_0.jpg', 830324, '2021-04-26 15:38:32', '2021-05-19 19:29:49', 1, 0, 98),
	(526, 'Tecno Camon 15 Air 64GB (blue-green)', 'Tecno', 'smartphones', 13875, '830319_0.jpg', 830319, '2021-04-26 15:38:40', '2021-05-19 19:29:49', 1, 0, 51),
	(527, 'Samsung Galaxy S20 Ultra 12/128GB (white)', 'Samsung', 'smartphones', 131931, '834531_0.jpg', 834531, '2021-04-26 15:38:47', '2021-05-19 19:29:49', 1, 0, 75),
	(528, 'Samsung Galaxy M01 32GB (black)', 'Samsung', 'smartphones', 13875, '841790_0.jpg', 841790, '2021-04-26 15:38:54', '2021-05-19 19:29:49', 1, 0, 100),
	(529, 'Motorola Moto G9 plus 4/128GB (gold)', 'Motorola', 'smartphones', 27764, '846897_0.jpg,846897_1.jpg,846897_2.jpg,846897_3.jpg,846897_4.jpg,846897_5.jpg,846897_6.jpg', 846897, '2021-04-26 15:39:02', '2021-05-19 19:29:49', 1, 0, 25),
	(530, 'Samsung Galaxy A11 32GB (white)', 'Samsung', 'smartphones', 13875, '822624_0.jpg', 822624, '2021-04-26 15:39:09', '2021-06-14 13:52:31', 1, 1, 33),
	(531, 'Nokia 2.4 Dual SIM 64GB (indigo)', 'Nokia', 'smartphones', 15264, '833144_0.jpg', 833144, '2021-04-26 15:39:16', '2021-05-19 19:29:49', 1, 0, 50),
	(532, 'Tecno Spark 6 GO 32GB (green)', 'Tecno', 'smartphones', 10403, '836933_0.jpg', 836933, '2021-04-26 15:39:24', '2021-05-19 19:29:49', 1, 0, 88),
	(533, 'Doogee S58 Pro 6/64GB (black-grey)', 'Doogee', 'smartphones', 22903, '842232_0.jpg', 842232, '2021-04-26 15:39:31', '2021-05-19 19:29:49', 1, 0, 20),
	(534, 'Apple iPhone 7 32GB (pink gold)', 'Apple', 'smartphones', 33743, '624309_0.jpg', 624309, '2021-04-26 15:39:38', '2021-05-19 19:29:49', 1, 0, 20),
	(535, 'Apple iPhone XR 64GB (black)', 'Apple', 'smartphones', 62486, '708122_0.jpg', 708122, '2021-04-26 15:39:45', '2021-05-19 19:29:49', 1, 0, 29),
	(536, 'Inoi 1 Lite 4GB (black)', 'Inoi', 'smartphones', 2215, '729267_0.jpg', 729267, '2021-04-26 15:39:53', '2021-05-19 19:29:49', 1, 0, 60),
	(537, 'Xiaomi Redmi Note 8 Pro 6/128GB (green)', 'Xiaomi', 'smartphones', 24986, '795528_0.jpg', 795528, '2021-04-26 15:40:00', '2021-05-19 19:29:49', 1, 0, 27),
	(538, 'ZTE Blade A7 2020 32GB (black)', 'ZTE', 'smartphones', 11097, '799653_0.jpg', 799653, '2021-04-26 15:40:07', '2021-05-19 19:29:49', 1, 0, 40),
	(539, 'teXet TM-5081 8GB (blue)', 'Texet', 'smartphones', 4438, '815400_0.jpg', 815400, '2021-04-26 15:40:14', '2021-05-19 19:29:49', 1, 0, 89),
	(540, 'Samsung Galaxy M11 32GB (blue)', 'Samsung', 'smartphones', 15264, '818627_0.jpg', 818627, '2021-04-26 15:40:22', '2021-05-19 19:29:49', 1, 0, 61),
	(541, 'Samsung Galaxy A11 32GB (black)', 'Samsung', 'smartphones', 13875, '822620_0.jpg', 822620, '2021-04-26 15:40:29', '2021-05-19 19:29:49', 1, 0, 98),
	(542, 'Apple iPhone 7 Plus 128GB (black)', 'Apple', 'smartphones', 47493, '624308_0.jpg', 624308, '2021-04-26 15:40:36', '2021-05-19 19:29:49', 1, 0, 28),
	(543, 'Apple iPhone 8 Plus 64GB (grey space)', 'Apple', 'smartphones', 52771, '652928_0.jpg', 652928, '2021-04-26 15:40:43', '2021-05-19 19:29:49', 1, 0, 72),
	(544, 'Irbis SP510 (black)', 'Irbis', 'smartphones', 2479, '681927_0.jpg', 681927, '2021-04-26 15:40:50', '2021-05-19 19:29:49', 1, 0, 95),
	(545, 'Prestigio Grace P5 (PSP 5515) 8GB (gold)', 'Prestigio', 'smartphones', 3188, '682503_0.jpg', 682503, '2021-04-26 15:40:58', '2021-05-19 19:29:49', 1, 0, 77),
	(546, 'Samsung Galaxy J2 (2018) 16GB (black)', 'Samsung', 'smartphones', 3743, '672274_0.jpg', 672274, '2021-04-26 15:41:05', '2021-05-19 19:29:49', 1, 0, 21),
	(547, 'Fly Life Compact 8GB (blue)', 'Fly', 'smartphones', 868, '676389_0.jpg', 676389, '2021-04-26 15:41:13', '2021-05-19 19:29:49', 1, 0, 46),
	(548, 'Samsung Galaxy J4 (2018) 32GB (black)', 'Samsung', 'smartphones', 3465, '679427_0.jpg', 679427, '2021-04-26 15:41:20', '2021-05-19 19:29:49', 1, 0, 83),
	(549, 'Inoi 2 8GB (black)', 'Inoi', 'smartphones', 1201, '722335_0.jpg', 722335, '2021-04-26 15:41:27', '2021-05-19 19:29:49', 1, 0, 42),
	(550, 'Apple iPhone XS 256GB (grey space)', 'Apple', 'smartphones', 81243, '708550_0.jpg', 708550, '2021-04-26 15:41:35', '2021-05-19 19:29:49', 1, 0, 50),
	(551, 'Digma Linx Atom 3G 4GB (black)', 'Digma', 'smartphones', 1271, '714652_0.jpg', 714652, '2021-04-26 15:41:43', '2021-05-19 19:29:49', 1, 0, 31),
	(552, 'Micromax Q4151 8GB ', 'Micromax', 'smartphones', 2479, '734132_0.jpg', 734132, '2021-04-26 15:41:50', '2021-05-19 19:29:49', 1, 0, 90),
	(553, 'Honor 10i 4/128GB (shimmer blue)', 'Honor', 'smartphones', 18042, '762330_0.jpg', 762330, '2021-04-26 15:41:57', '2021-05-19 19:29:49', 1, 0, 24),
	(554, 'Honor 8S 32GB (gold)', 'Honor', 'smartphones', 8319, '771825_0.jpg', 771825, '2021-04-26 15:42:05', '2021-05-19 19:29:49', 1, 0, 31),
	(555, 'Digma First XS350 2G 0,5GB (black)', 'Digma', 'smartphones', 396, '625383_0.jpg', 625383, '2021-04-26 15:42:12', '2021-05-19 19:29:49', 1, 0, 100),
	(556, 'Irbis SP517 8GB (black)', 'Irbis', 'smartphones', 2243, '779327_0.jpg', 779327, '2021-04-26 15:42:19', '2021-05-19 19:29:49', 1, 0, 33),
	(557, 'Haier I6 Infinity 16GB (nacre gradient)', 'Haier', 'smartphones', 7493, '786395_0.jpg', 786395, '2021-04-26 15:42:26', '2021-05-19 19:29:49', 1, 0, 83),
	(558, 'Haier Titan T3 16GB (black-red)', 'Haier', 'smartphones', 11799, '786440_0.jpg', 786440, '2021-04-26 15:42:34', '2021-05-19 19:29:49', 1, 0, 41),
	(559, 'Samsung Galaxy A30s 32GB (black)', 'Samsung', 'smartphones', 16653, '789074_0.jpg', 789074, '2021-04-26 15:42:41', '2021-05-19 19:29:49', 1, 0, 59),
	(560, 'Apple iPhone 11 64GB (PRODUCT)RED', 'Apple', 'smartphones', 71653, '791548_0.jpg', 791548, '2021-04-26 15:42:48', '2021-05-19 19:29:49', 1, 0, 71),
	(561, 'Apple iPhone 11 Pro 256GB (grey space)', 'Apple', 'smartphones', 134708, '791557_0.jpg', 791557, '2021-04-26 15:42:56', '2021-05-19 19:29:49', 1, 0, 70),
	(562, 'Apple iPhone 11 Pro 64GB (gold)', 'Apple', 'smartphones', 111097, '791523_0.jpg', 791523, '2021-04-26 15:43:03', '2021-05-19 19:29:49', 1, 0, 60),
	(563, 'Apple iPhone 11 Pro 256GB (gold)', 'Apple', 'smartphones', 134708, '791720_0.jpg', 791720, '2021-04-26 15:43:10', '2021-05-19 19:29:49', 1, 0, 90),
	(564, 'Apple iPhone 11 Pro Max 256GB (grey space)', 'Apple', 'smartphones', 136104, '791603_0.jpg', 791603, '2021-04-26 15:43:18', '2021-05-19 19:29:49', 1, 0, 43),
	(565, 'Apple iPhone 11 Pro Max 256GB (dark-green)', 'Apple', 'smartphones', 136104, '791529_0.jpg', 791529, '2021-04-26 15:43:26', '2021-05-19 19:29:49', 1, 0, 90),
	(566, 'Apple iPhone 8 128GB (grey space)', 'Apple', 'smartphones', 44993, '791526_0.jpg', 791526, '2021-04-26 15:43:33', '2021-05-19 19:29:49', 1, 0, 31),
	(567, 'Apple iPhone 8 Plus 128GB (gold)', 'Apple', 'smartphones', 58326, '791729_0.jpg', 791729, '2021-04-26 15:43:41', '2021-05-19 19:29:49', 1, 0, 22),
	(568, 'Samsung Galaxy A20s 32GB (red)', 'Samsung', 'smartphones', 13868, '794021_0.jpg', 794021, '2021-04-26 15:43:48', '2021-05-19 19:29:49', 1, 0, 86),
	(569, 'Alcatel 1V 5001D 16GB (blue)', 'Alcatel', 'smartphones', 6097, '804368_0.jpg', 804368, '2021-04-26 15:43:55', '2021-05-19 19:29:49', 1, 0, 62),
	(570, 'ZTE Blade A5 2019 32GB (black)', 'ZTE', 'smartphones', 9014, '797221_0.jpg', 797221, '2021-04-26 15:44:02', '2021-05-19 19:29:49', 1, 0, 83),
	(571, 'Doogee X90 16GB (black)', 'Doogee', 'smartphones', 6931, '835516_0.jpg', 835516, '2021-04-26 15:44:10', '2021-05-19 19:29:49', 1, 0, 96),
	(572, 'Philips S260 8GB (black)', 'Philips', 'smartphones', 4160, '798568_0.jpg', 798568, '2021-04-26 15:44:17', '2021-05-19 19:29:49', 1, 0, 45),
	(573, 'Oukitel C17 Pro 4/64GB (black)', 'Oukitel', 'smartphones', 12819, '804659_0.jpg', 804659, '2021-04-26 15:44:24', '2021-05-19 19:29:49', 1, 0, 99),
	(574, 'Nokia 2.3 Dual SIM 32GB (carbonic)', 'Nokia', 'smartphones', 9715, '804867_0.jpg', 804867, '2021-04-26 15:44:32', '2021-05-19 19:29:49', 1, 0, 74),
	(575, 'Xiaomi Redmi 8 4/64GB (black)', 'Xiaomi', 'smartphones', 13882, '800866_0.jpg', 800866, '2021-04-26 15:44:39', '2021-05-19 19:29:49', 1, 0, 88),
	(576, 'Nokia 2.3 Dual SIM 32GB (sand)', 'Nokia', 'smartphones', 9715, '807075_0.jpg', 807075, '2021-04-26 15:44:46', '2021-05-19 19:29:49', 1, 0, 58),
	(577, 'Honor 7S 16GB (black)', 'Honor', 'smartphones', 7347, '811596_0.jpg', 811596, '2021-04-26 15:44:54', '2021-05-19 19:29:49', 1, 0, 57),
	(578, 'Honor View 30 Pro 8/256GB (light blue)', 'Honor', 'smartphones', 36104, '814876_0.jpg', 814876, '2021-04-26 15:45:01', '2021-05-19 19:29:49', 1, 0, 71),
	(579, 'Realme 6 8/128GB (blue)', 'Realme', 'smartphones', 26375, '816223_0.jpg', 816223, '2021-04-26 15:45:08', '2021-05-19 19:29:49', 1, 0, 43),
	(580, 'Realme 6 8/128GB (white)', 'Realme', 'smartphones', 26375, '816224_0.jpg', 816224, '2021-04-26 15:45:16', '2021-05-19 19:29:49', 1, 0, 31),
	(581, 'Huawei P40 Pro 8/256GB (black)', 'Huawei', 'smartphones', 83313, '822613_0.jpg', 822613, '2021-04-26 15:45:23', '2021-05-19 19:29:49', 1, 0, 77),
	(582, 'Xiaomi Mi Note 10 Lite 6/128GB (white)', 'Xiaomi', 'smartphones', 41660, '821413_0.jpg', 821413, '2021-04-26 15:45:31', '2021-05-19 19:29:49', 1, 0, 96),
	(583, 'Xiaomi Mi 10 8/256GB (green)', 'Xiaomi', 'smartphones', 83326, '821640_0.jpg', 821640, '2021-04-26 15:45:38', '2021-05-19 19:29:49', 1, 0, 33),
	(584, 'Honor 8S Prime 64GB (blue)', 'Honor', 'smartphones', 11097, '822507_0.jpg', 822507, '2021-04-26 15:45:45', '2021-05-19 19:29:49', 1, 0, 20),
	(585, 'Huawei P40 Pro 8/256GB (shimmer silver)', 'Huawei', 'smartphones', 83313, '822614_0.jpg', 822614, '2021-04-26 15:45:53', '2021-05-19 19:29:50', 1, 0, 24),
	(586, 'Samsung Galaxy S20+ BTS Edition 8/128GB (indigo)', 'Samsung', 'smartphones', 118042, '823450_0.jpg', 823450, '2021-04-26 15:46:00', '2021-05-19 19:29:50', 1, 0, 77),
	(587, 'Nubia Red Magic 5G 12/128GB (black)', 'Nubia', 'smartphones', 79431, '826170_0.jpg', 826170, '2021-04-26 15:46:08', '2021-05-19 19:29:50', 1, 0, 72),
	(588, 'Samsung Galaxy Note20 Ultra 12/512GB (black)', 'Samsung', 'smartphones', 166653, '826727_0.jpg', 826727, '2021-04-26 15:46:15', '2021-05-19 19:29:50', 1, 0, 27),
	(589, 'Samsung Galaxy Note20 Ultra 8/256GB (white)', 'Samsung', 'smartphones', 138875, '826722_0.jpg', 826722, '2021-04-26 15:46:23', '2021-05-19 19:29:50', 1, 0, 67),
	(590, 'Tecno Camon 15 Air 64GB (grey)', 'Tecno', 'smartphones', 13875, '830317_0.jpg', 830317, '2021-04-26 15:46:30', '2021-05-19 19:29:50', 1, 0, 30),
	(591, 'Tecno Camon 15 Pro 6/128GB (white)', 'Tecno', 'smartphones', 22208, '830327_0.jpg', 830327, '2021-04-26 15:46:37', '2021-05-19 19:29:50', 1, 0, 23),
	(592, 'Honor 20e 4/64GB (shimmer blue)', 'Honor', 'smartphones', 17069, '830497_0.jpg', 830497, '2021-04-26 15:46:45', '2021-05-19 19:29:50', 1, 0, 38),
	(593, 'Apple iPhone XS Max 256GB  (grey space)', 'Apple', 'smartphones', 76243, '833115_0.jpg', 833115, '2021-04-26 15:46:52', '2021-05-19 19:29:50', 1, 0, 57),
	(594, 'Nokia 2.4 Dual SIM 64GB (grey)', 'Nokia', 'smartphones', 15264, '833143_0.jpg', 833143, '2021-04-26 15:46:59', '2021-05-19 19:29:50', 1, 0, 68),
	(595, 'Nokia 2.4 Dual SIM 32GB (indigo)', 'Nokia', 'smartphones', 13875, '833183_0.jpg', 833183, '2021-04-26 15:47:06', '2021-05-19 19:29:50', 1, 0, 31),
	(596, 'Realme 7 8/128GB (white)', 'Realme', 'smartphones', 30542, '834240_0.jpg', 834240, '2021-04-26 15:47:14', '2021-05-19 19:29:50', 1, 0, 33),
	(597, 'HTC Wildfire E2 4/64GB (blue)', 'HTC', 'smartphones', 13597, '841848_0.jpg', 841848, '2021-04-26 15:47:21', '2021-05-19 19:29:50', 1, 0, 94),
	(598, 'Vsmart Joy 3+ 4/64GB (black)', 'Vsmart', 'smartphones', 13875, '843815_0.jpg', 843815, '2021-04-26 15:47:29', '2021-05-19 19:29:50', 1, 0, 82),
	(599, 'Xiaomi Redmi Note 9T 4/64GB (black)', 'Xiaomi', 'smartphones', 26097, '849874_0.jpg', 849874, '2021-04-26 15:47:36', '2021-05-19 19:29:50', 1, 0, 50),
	(600, 'Haier Alpha A1 8GB (black)', 'Haier', 'smartphones', 2632, '735696_0.jpg', 735696, '2021-04-26 15:47:43', '2021-05-19 19:29:50', 1, 0, 59),
	(601, 'Wileyfox Swift 2 16GB (dark-blue)', 'Wileyfox', 'smartphones', 1243, '625755_0.jpg', 625755, '2021-04-26 15:47:51', '2021-05-19 19:29:50', 1, 0, 50),
	(602, 'Apple iPhone 11 Pro 64GB (grey space)', 'Apple', 'smartphones', 111097, '791715_0.jpg', 791715, '2021-04-26 15:47:58', '2021-05-19 19:29:50', 1, 0, 36),
	(603, 'Vsmart Bee 16GB (black)', 'Vsmart', 'smartphones', 5549, '799858_0.jpg', 799858, '2021-04-26 15:48:05', '2021-05-19 19:29:50', 1, 0, 53),
	(604, 'ZTE Blade A7 2020 64GB (black)', 'ZTE', 'smartphones', 11521, '802823_0.jpg', 802823, '2021-04-26 15:48:12', '2021-05-19 19:29:50', 1, 0, 44),
	(605, 'Vertex Impress Luck L120 4G 16GB (black)', 'Vertex', 'smartphones', 4576, '806656_0.jpg', 806656, '2021-04-26 15:48:20', '2021-06-05 14:17:21', 1, 5, 20),
	(606, 'Honor 20 Lite 4/128GB ( white)', 'Honor', 'smartphones', 22208, '810468_0.jpg', 810468, '2021-04-26 15:48:27', '2021-05-19 19:29:50', 1, 0, 26),
	(607, 'Honor 8A Prime 64GB (black)', 'Honor', 'smartphones', 13181, '815407_0.jpg', 815407, '2021-04-26 15:48:34', '2021-05-19 19:29:50', 1, 0, 56),
	(608, 'Nokia 5.3 Dual Sim 3/64GB (turquoise)', 'Nokia', 'smartphones', 20819, '819308_0.jpg', 819308, '2021-04-26 15:48:42', '2021-05-19 19:29:50', 1, 0, 95),
	(609, 'Xiaomi Redmi 9T 4/128GB (orange )', 'Xiaomi', 'smartphones', 23597, '853012_0.jpg,853012_1.jpg,853012_2.jpg,853012_3.jpg,853012_4.jpg,853012_5.jpg,853012_6.jpg,853012_7.jpg,853012_8.jpg,853012_9.jpg,853012_10.jpg', 853012, '2021-04-26 15:48:49', '2021-05-19 19:29:50', 1, 0, 21),
	(610, 'Apple iPhone 5s 16GB (grey space)', 'Apple', 'smartphones', 4854, '536301_0.jpg', 536301, '2021-04-26 15:48:57', '2021-05-19 19:29:50', 1, 0, 61),
	(611, 'ZTE Blade L5 Plus 8GB (gold)', 'ZTE', 'smartphones', 1451, '620691_0.jpg', 620691, '2021-04-26 15:49:05', '2021-05-19 19:29:50', 1, 0, 86),
	(612, 'ZTE Blade L5 Plus 8GB (black)', 'ZTE', 'smartphones', 2021, '619408_0.jpg', 619408, '2021-04-26 15:49:13', '2021-05-19 19:29:50', 1, 0, 29),
	(613, 'Apple iPhone 7 32GB (black)', 'Apple', 'smartphones', 33743, '624314_0.jpg', 624314, '2021-04-26 15:49:20', '2021-05-19 19:29:50', 1, 0, 85),
	(614, 'Apple iPhone 7 Plus 32GB (black)', 'Apple', 'smartphones', 41243, '624318_0.jpg', 624318, '2021-04-26 15:49:27', '2021-05-19 19:29:50', 1, 0, 73),
	(615, 'Apple iPhone 7 128GB (black)', 'Apple', 'smartphones', 39993, '624311_0.jpg', 624311, '2021-04-26 15:49:35', '2021-05-19 19:29:50', 1, 0, 38),
	(616, 'Apple iPhone 6s 32GB (grey space)', 'Apple', 'smartphones', 15826, '624563_0.jpg', 624563, '2021-04-26 15:49:42', '2021-05-19 19:29:50', 1, 0, 58),
	(617, 'Apple iPhone SE 32GB (grey space)', 'Apple', 'smartphones', 8743, '631712_0.jpg', 631712, '2021-04-26 15:49:49', '2021-05-19 19:29:50', 1, 0, 76),
	(618, 'Apple iPhone 8 Plus 64GB (gold)', 'Apple', 'smartphones', 52771, '652933_0.jpg', 652933, '2021-04-26 15:49:56', '2021-05-19 19:29:50', 1, 0, 23),
	(619, 'Sony Xperia XZ1 Compact (black)', 'Sony', 'smartphones', 7910, '657701_0.jpg', 657701, '2021-04-26 15:50:04', '2021-05-19 19:29:50', 1, 0, 95),
	(620, 'Nokia 2 Dual SIM 8GB (copper)', 'Nokia', 'smartphones', 3049, '672483_0.jpg', 672483, '2021-04-26 15:50:12', '2021-05-19 19:29:50', 1, 0, 24),
	(621, 'Digma Hit Q401 3G 8GB (black)', 'Digma', 'smartphones', 1938, '682982_0.jpg', 682982, '2021-04-26 15:50:19', '2021-05-19 19:29:50', 1, 0, 24),
	(622, 'ASUS ZenFone Max (M1) ZB555KL 32GB (black)', 'ASUS', 'smartphones', 4854, '677550_0.jpg', 677550, '2021-04-26 15:50:26', '2021-05-19 19:29:50', 1, 0, 79),
	(623, 'Honor 7A 16GB (gold)', 'Honor', 'smartphones', 7632, '679823_0.jpg', 679823, '2021-04-26 15:50:33', '2021-05-19 19:29:50', 1, 0, 88),
	(624, 'Vertex Impress Click 8GB (gold)', 'Vertex', 'smartphones', 2243, '722041_0.jpg', 722041, '2021-04-26 15:50:41', '2021-05-19 19:29:50', 1, 0, 28),
	(625, 'Nokia 5.1 16GB (медный)', 'Nokia', 'smartphones', 3743, '683158_0.jpg', 683158, '2021-04-26 15:50:49', '2021-05-19 19:29:50', 1, 0, 80),
	(626, 'Apple iPhone XS Max 256GB (gold)', 'Apple', 'smartphones', 66938, '711078_0.jpg', 711078, '2021-04-26 15:50:56', '2021-05-19 19:29:50', 1, 0, 30),
	(627, 'Apple iPhone XR 128GB (PRODUCT)RED', 'Apple', 'smartphones', 68042, '708266_0.jpg', 708266, '2021-04-26 15:51:03', '2021-05-19 19:29:50', 1, 0, 74),
	(628, 'Honor 8X 4/64GB (red)', 'Honor', 'smartphones', 9993, '714175_0.jpg', 714175, '2021-04-26 15:51:11', '2021-05-19 19:29:50', 1, 0, 48),
	(629, 'Apple iPhone X 256GB  (grey space)', 'Apple', 'smartphones', 56243, '734450_0.jpg', 734450, '2021-04-26 15:51:18', '2021-05-19 19:29:50', 1, 0, 41),
	(630, 'Jinga Neon 4GB (black)', 'Jinga', 'smartphones', 1340, '738174_0.jpg', 738174, '2021-04-26 15:51:25', '2021-05-19 19:29:50', 1, 0, 42),
	(631, 'Honor 8A 32GB (black)', 'Honor', 'smartphones', 9708, '762336_0.jpg', 762336, '2021-04-26 15:51:32', '2021-05-19 19:29:50', 1, 0, 37),
	(632, 'Samsung Galaxy A30 32GB (blue)', 'Samsung', 'smartphones', 8188, '762437_0.jpg', 762437, '2021-04-26 15:51:40', '2021-05-19 19:29:50', 1, 0, 41),
	(633, 'Samsung Galaxy A10 32GB (black)', 'Samsung', 'smartphones', 11097, '765116_0.jpg', 765116, '2021-04-26 15:51:47', '2021-05-19 19:29:50', 1, 0, 65),
	(634, 'Samsung Galaxy A10 32GB (red)', 'Samsung', 'smartphones', 11097, '765042_0.jpg', 765042, '2021-04-26 15:51:54', '2021-05-19 19:29:50', 1, 0, 98),
	(635, 'Digma First XS350 2G 0,5GB (white)', 'Digma', 'smartphones', 396, '625385_0.jpg', 625385, '2021-04-26 15:52:02', '2021-05-19 19:29:50', 1, 0, 37),
	(636, 'Hisense F25 16GB (grey)', 'Hisense', 'smartphones', 4160, '772993_0.jpg', 772993, '2021-04-26 15:52:09', '2021-05-19 19:29:50', 1, 0, 80),
	(637, 'ZTE Blade L8 16GB (black)', 'ZTE', 'smartphones', 4160, '771108_0.jpg', 771108, '2021-04-26 15:52:16', '2021-05-19 19:29:50', 1, 0, 36),
	(638, 'Fly Life Sky 8GB (dark-blue)', 'Fly', 'smartphones', 4021, '783918_0.jpg', 783918, '2021-04-26 15:52:23', '2021-05-19 19:29:50', 1, 0, 20),
	(639, 'Haier Alpha A4 Lite 8GB (black)', 'Haier', 'smartphones', 5549, '786069_0.jpg', 786069, '2021-04-26 15:52:31', '2021-05-19 19:29:50', 1, 0, 53),
	(640, 'Haier Titan T1 16GB (black-red)', 'Haier', 'smartphones', 9993, '786442_0.jpg', 786442, '2021-04-26 15:52:39', '2021-05-19 19:29:50', 1, 0, 96),
	(641, 'Apple iPhone 11 64GB (black)', 'Apple', 'smartphones', 71653, '791506_0.jpg', 791506, '2021-04-26 15:52:46', '2021-05-19 19:29:50', 1, 0, 85),
	(642, 'Apple iPhone 11 128GB (black)', 'Apple', 'smartphones', 79431, '791728_0.jpg', 791728, '2021-04-26 15:52:53', '2021-05-19 19:29:50', 1, 0, 30),
	(643, 'Apple iPhone 11 Pro Max 64GB (silver)', 'Apple', 'smartphones', 124986, '791520_0.jpg', 791520, '2021-04-26 15:53:00', '2021-05-19 19:29:50', 1, 0, 31),
	(644, 'Alcatel 1V 5001D 16GB (black)', 'Alcatel', 'smartphones', 6097, '802036_0.jpg', 802036, '2021-04-26 15:53:15', '2021-05-19 19:29:50', 1, 0, 85),
	(645, 'Xiaomi Redmi 8 32GB (blue)', 'Xiaomi', 'smartphones', 13875, '797556_0.jpg', 797556, '2021-04-26 15:53:22', '2021-05-19 19:29:50', 1, 0, 29),
	(646, 'Vsmart Bee 16GB (blue)', 'Vsmart', 'smartphones', 5549, '799900_0.jpg', 799900, '2021-04-26 15:53:30', '2021-05-19 19:29:50', 1, 0, 40),
	(647, 'Xiaomi Redmi Note 8T 4/64GB (blue)', 'Xiaomi', 'smartphones', 19424, '800966_0.jpg', 800966, '2021-04-26 15:53:37', '2021-05-19 19:29:50', 1, 0, 62),
	(648, 'TP-LINK Neffos C9 Max 32GB (black-blue)', 'TP', 'smartphones', 6938, '805682_0.jpg', 805682, '2021-04-26 15:53:44', '2021-05-19 19:29:50', 1, 0, 46),
	(649, 'Vertex Impress Luck L100 3G 8GB (sapphire)', 'Vertex', 'smartphones', 3049, '806665_0.jpg', 806665, '2021-04-26 15:53:52', '2021-05-19 19:29:50', 1, 0, 72),
	(650, 'Inoi 3 8GB (gold)', 'Inoi', 'smartphones', 3326, '813270_0.jpg', 813270, '2021-04-26 15:53:59', '2021-05-19 19:29:50', 1, 0, 66),
	(651, 'Realme 6i 4/128GB (green)', 'Realme', 'smartphones', 18049, '816220_0.jpg', 816220, '2021-04-26 15:54:06', '2021-05-19 19:29:50', 1, 0, 47),
	(652, 'Honor 30S 6/128GB (midnight black)', 'Honor', 'smartphones', 33319, '821380_0.jpg', 821380, '2021-04-26 15:54:14', '2021-05-19 19:29:50', 1, 0, 40),
	(653, 'Xiaomi Mi Note 10 Lite 6/128GB (lilac)', 'Xiaomi', 'smartphones', 41660, '821411_0.jpg', 821411, '2021-04-26 15:54:21', '2021-05-19 19:29:50', 1, 0, 98),
	(654, 'Nokia 1.3 Dual SIM 16GB (graphite)', 'Nokia', 'smartphones', 8319, '822150_0.jpg', 822150, '2021-04-26 15:54:28', '2021-05-19 19:29:50', 1, 0, 37),
	(655, 'Tecno Camon 15 4/64GB (indigo)', 'Tecno', 'smartphones', 15264, '830329_0.jpg', 830329, '2021-04-26 15:54:36', '2021-05-19 19:29:50', 1, 0, 32),
	(656, 'Honor 20e 4/64GB (midnight black)', 'Honor', 'smartphones', 17069, '830561_0.jpg', 830561, '2021-04-26 15:54:43', '2021-05-19 19:29:50', 1, 0, 62),
	(657, 'Nokia 3.4 Dual SIM 64GB (grey)', 'Nokia', 'smartphones', 18042, '833244_0.jpg', 833244, '2021-04-26 15:54:50', '2021-05-19 19:29:50', 1, 0, 62),
	(658, 'Tecno Spark 6 GO 32GB (white)', 'Tecno', 'smartphones', 10403, '836957_0.jpg', 836957, '2021-04-26 15:54:57', '2021-05-19 19:29:50', 1, 0, 76),
	(659, 'Motorola Moto G9 play 4/64GB (blue sapphire)', 'Motorola', 'smartphones', 18042, '846894_0.jpg', 846894, '2021-04-26 15:55:05', '2021-05-19 19:29:50', 1, 0, 35),
	(660, 'Motorola Moto G9 plus 4/128GB (blue)', 'Motorola', 'smartphones', 27764, '846896_0.jpg', 846896, '2021-04-26 15:55:12', '2021-05-19 19:29:50', 1, 1, 78),
	(661, 'Xiaomi Redmi Note 9T 4/128GB (black)', 'Xiaomi', 'smartphones', 27764, '849867_0.jpg', 849867, '2021-04-26 15:55:19', '2021-05-19 19:29:50', 1, 0, 53),
	(662, 'Blackview BV5100 4/128GB (grey)', 'Blackview', 'smartphones', 23597, '852259_0.jpg', 852259, '2021-04-26 15:55:27', '2021-05-19 19:29:50', 1, 0, 32),
	(663, 'Realme C20 32GB (blue lake)', 'Realme', 'smartphones', 12486, '854814_0.jpg', 854814, '2021-04-26 15:55:34', '2021-05-19 19:29:50', 1, 0, 72),
	(664, 'Amazfit Bip S Lite A1823 (black)', 'Amazfit', 'smartwatches', 5819, '829300_0.jpg,829300_1.jpg,829300_2.jpg', 829300, '2021-04-27 12:48:06', '2021-06-05 15:06:43', 2, 3, 43),
	(665, 'Honor Magic Watch 2 (black)', 'Honor', 'smartwatches', 18042, '809770_0.jpg,809770_1.jpg,809770_2.jpg', 809770, '2021-04-27 12:48:15', '2021-05-19 19:32:43', 2, 0, 66),
	(666, 'Amazfit GTS (black)', 'Amazfit', 'smartwatches', 10403, '793045_0.jpg,793045_1.jpg,793045_2.jpg,793045_3.jpg,793045_4.jpg', 793045, '2021-04-27 12:48:23', '2021-05-19 19:32:43', 2, 0, 31),
	(667, 'Samsung Galaxy Watch3 45mm (black)', 'Samsung', 'smartwatches', 35403, '827277_0.jpg,827277_1.jpg,827277_2.jpg,827277_3.jpg,827277_4.jpg,827277_5.jpg', 827277, '2021-04-27 12:48:31', '2021-05-19 19:32:43', 2, 0, 45),
	(668, 'Samsung Galaxy Watch Active2 aluminum 40 мм ', 'Samsung', 'smartwatches', 22486, '793071_0.jpg,793071_1.jpg,793071_2.jpg,793071_3.jpg,793071_4.jpg,793071_5.jpg', 793071, '2021-04-27 12:48:40', '2021-05-19 19:32:43', 2, 0, 48),
	(669, 'JET Sport SW-4C (black)', 'JET', 'smartwatches', 4153, '802262_0.jpg,802262_1.jpg,802262_2.jpg,802262_3.jpg,802262_4.jpg,802262_5.jpg', 802262, '2021-04-27 12:48:48', '2021-05-19 19:32:43', 2, 0, 74),
	(670, 'Huawei Watch GT 2 Pro VID-B19 (dark night)', 'Huawei', 'smartwatches', 26375, '834404_0.jpg,834404_1.jpg,834404_2.jpg,834404_3.jpg,834404_4.jpg', 834404, '2021-04-27 12:48:56', '2021-05-19 19:32:43', 2, 0, 49),
	(671, 'Huawei Watch Fit TIA-B09 (graphite чёрный)', 'Huawei', 'smartwatches', 9708, '830571_0.jpg,830571_1.jpg,830571_2.jpg,830571_3.jpg,830571_4.jpg,830571_5.jpg,830571_6.jpg,830571_7.jpg,830571_8.jpg', 830571, '2021-04-27 12:49:05', '2021-05-19 19:32:43', 2, 0, 99),
	(672, 'Samsung Galaxy Watch3 41mm ', 'Samsung', 'smartwatches', 31236, '827305_0.jpg,827305_1.jpg,827305_2.jpg,827305_3.jpg,827305_4.jpg,827305_5.jpg', 827305, '2021-04-27 12:49:14', '2021-05-19 19:32:43', 2, 0, 35),
	(673, 'Samsung Galaxy Watch Active2 aluminum 40 мм ', 'Samsung', 'smartwatches', 22486, '793049_0.jpg,793049_1.jpg,793049_2.jpg,793049_3.jpg,793049_4.jpg,793049_5.jpg', 793049, '2021-04-27 12:49:22', '2021-05-19 19:32:43', 2, 0, 90),
	(674, 'JET Sport SW-2 (black)', 'JET', 'smartwatches', 2764, '802229_0.jpg,802229_1.jpg,802229_2.jpg,802229_3.jpg', 802229, '2021-04-27 12:49:30', '2021-05-19 19:32:43', 2, 0, 23),
	(675, 'Honor Watch ES HES-B09S (black)', 'Honor', 'smartwatches', 11097, '833679_0.jpg,833679_1.jpg,833679_2.jpg,833679_3.jpg,833679_4.jpg,833679_5.jpg', 833679, '2021-04-27 12:49:39', '2021-05-19 19:32:43', 2, 0, 51),
	(676, 'Apple Watch SE, 40 мм, aluminum housing', 'Apple', 'smartwatches', 34708, '832225_0.jpg,832225_1.jpg,832225_2.jpg,832225_3.jpg,832225_4.jpg,832225_5.jpg,832225_6.jpg,832225_7.jpg,832225_8.jpg', 832225, '2021-04-27 12:49:50', '2021-05-19 19:32:43', 2, 0, 35),
	(677, 'Apple Watch Series 3, 38 мм', 'Apple', 'smartwatches', 24292, '708479_0.jpg,708479_1.jpg,708479_2.jpg,708479_3.jpg,708479_4.jpg,708479_5.jpg', 708479, '2021-04-27 12:49:58', '2021-05-19 19:32:43', 2, 0, 66),
	(678, 'Apple Watch SE, 44 мм, aluminum housing color «grey space»', 'Apple', 'smartwatches', 38181, '832302_0.jpg,832302_1.jpg,832302_2.jpg,832302_3.jpg,832302_4.jpg,832302_5.jpg,832302_6.jpg,832302_7.jpg,832302_8.jpg', 832302, '2021-04-27 12:50:07', '2021-05-19 19:32:43', 2, 0, 87),
	(679, 'Honor Watch GS Pro KAN-B19S (black)', 'Honor', 'smartwatches', 20819, '833742_0.jpg,833742_1.jpg,833742_2.jpg,833742_3.jpg,833742_4.jpg,833742_5.jpg,833742_6.jpg', 833742, '2021-04-27 12:50:16', '2021-05-19 19:32:43', 2, 0, 43),
	(680, 'Apple Watch Series 6, 44 мм, aluminum housing', 'Apple', 'smartwatches', 53458, '832252_0.jpg,832252_1.jpg,832252_2.jpg,832252_3.jpg,832252_4.jpg,832252_5.jpg,832252_6.jpg,832252_7.jpg', 832252, '2021-04-27 12:50:25', '2021-05-19 19:32:43', 2, 0, 84),
	(681, 'Apple Watch Series 3, 42 мм, aluminum housing «grey space»', 'Apple', 'smartwatches', 26375, '707397_0.jpg,707397_1.jpg,707397_2.jpg,707397_3.jpg,707397_4.jpg,707397_5.jpg', 707397, '2021-04-27 12:50:33', '2021-05-19 19:32:43', 2, 0, 95),
	(682, 'Apple Watch Series 6, 40 мм, aluminum housing RED', 'Apple', 'smartwatches', 47208, '832190_0.jpg,832190_1.jpg,832190_2.jpg,832190_3.jpg,832190_4.jpg,832190_5.jpg,832190_6.jpg,832190_7.jpg', 832190, '2021-04-27 12:50:42', '2021-05-19 19:32:43', 2, 2, 21),
	(683, 'Amazfit BIP U A2017 (black)', 'Amazfit', 'smartwatches', 6236, '838336_0.jpg,838336_1.jpg,838336_2.jpg', 838336, '2021-04-27 12:50:50', '2021-05-19 19:32:43', 2, 0, 94),
	(684, 'Amazfit BIP U A2017 (green)', 'Amazfit', 'smartwatches', 6236, '847858_0.jpg,847858_1.jpg,847858_2.jpg,847858_3.jpg', 847858, '2021-04-27 12:50:59', '2021-05-19 19:32:43', 2, 0, 41),
	(685, 'JET KID Vision 4G (розово-grey)', 'JET', 'smartwatches', 6931, '802720_0.jpg,802720_1.jpg,802720_2.jpg,802720_3.jpg,802720_4.jpg,802720_5.jpg,802720_6.jpg,802720_7.jpg,802720_8.jpg,802720_9.jpg', 802720, '2021-04-27 12:51:07', '2021-05-19 19:32:43', 2, 0, 79),
	(686, 'JET KID Vision 4G (black-grey)', 'JET', 'smartwatches', 6931, '830138_0.jpg,830138_1.jpg,830138_2.jpg,830138_3.jpg,830138_4.jpg,830138_5.jpg,830138_6.jpg,830138_7.jpg,830138_8.jpg,830138_9.jpg', 830138, '2021-04-27 12:51:16', '2021-05-19 19:32:43', 2, 0, 28),
	(687, 'JET KID TALK (grey, light blue)', 'JET', 'smartwatches', 2069, '824223_0.jpg,824223_1.jpg,824223_2.jpg,824223_3.jpg,824223_4.jpg', 824223, '2021-04-27 12:51:24', '2021-05-19 19:32:43', 2, 0, 89),
	(688, 'JET KID SWIMMER (pink)', 'JET', 'smartwatches', 3597, '698807_0.jpg,698807_1.jpg,698807_2.jpg,698807_3.jpg,698807_4.jpg', 698807, '2021-04-27 12:51:32', '2021-05-19 19:32:43', 2, 0, 21),
	(689, 'JET KID Buddy (black)', 'JET', 'smartwatches', 3181, '828314_0.jpg,828314_1.jpg,828314_2.jpg,828314_3.jpg,828314_4.jpg', 828314, '2021-04-27 12:51:41', '2021-05-19 19:32:43', 2, 0, 91),
	(690, 'JET KID Vision 4G (grey-light blue)', 'JET', 'smartwatches', 6931, '802706_0.jpg,802706_1.jpg,802706_2.jpg,802706_3.jpg,802706_4.jpg,802706_5.jpg,802706_6.jpg,802706_7.jpg,802706_8.jpg,802706_9.jpg', 802706, '2021-04-27 12:51:49', '2021-05-19 19:32:43', 2, 0, 55),
	(691, 'JET KID TINY (pink, white)', 'JET', 'smartwatches', 4153, '833045_0.jpg,833045_1.jpg,833045_2.jpg,833045_3.jpg,833045_4.jpg', 833045, '2021-04-27 12:51:58', '2021-05-19 19:32:43', 2, 0, 23),
	(692, 'JET KID NEXT (blue)', 'JET', 'smartwatches', 2069, '707903_0.jpg,707903_1.jpg,707903_2.jpg,707903_3.jpg', 707903, '2021-04-27 12:52:06', '2021-05-19 19:32:43', 2, 0, 49),
	(693, 'JET KID TALK (pink, grey)', 'JET', 'smartwatches', 2069, '824224_0.jpg,824224_1.jpg,824224_2.jpg,824224_3.jpg,824224_4.jpg', 824224, '2021-04-27 12:52:14', '2021-05-19 19:32:43', 2, 0, 91),
	(694, 'JET KID Buddy (pink)', 'JET', 'smartwatches', 3181, '828313_0.jpg,828313_1.jpg,828313_2.jpg,828313_3.jpg,828313_4.jpg', 828313, '2021-04-27 12:52:22', '2021-06-07 08:17:38', 2, 1, 53),
	(695, 'JET KID Power 4G (pink)', 'JET', 'smartwatches', 8319, '832989_0.jpg,832989_1.jpg,832989_2.jpg,832989_3.jpg,832989_4.jpg,832989_5.jpg', 832989, '2021-04-27 12:52:31', '2021-05-19 19:32:43', 2, 0, 78),
	(696, 'JET KID Power 4G (black)', 'JET', 'smartwatches', 8319, '833004_0.jpg,833004_1.jpg,833004_2.jpg,833004_3.jpg,833004_4.jpg,833004_5.jpg', 833004, '2021-04-27 12:52:39', '2021-05-19 19:32:43', 2, 0, 30),
	(697, 'Aimoto MARVEL (blue)', 'Aimoto', 'smartwatches', 5542, '788805_0.jpg,788805_1.jpg,788805_2.jpg,788805_3.jpg,788805_4.jpg,788805_5.jpg,788805_6.jpg,788805_7.jpg,788805_8.jpg,788805_9.jpg,788805_10.jpg,788805_11.jpg,788805_12.jpg', 788805, '2021-04-27 12:52:48', '2021-05-19 19:32:43', 2, 0, 99),
	(698, 'Aimoto Disney(light blue)', 'Aimoto', 'smartwatches', 5542, '801519_0.jpg,801519_1.jpg,801519_2.jpg,801519_3.jpg,801519_4.jpg,801519_5.jpg,801519_6.jpg,801519_7.jpg,801519_8.jpg,801519_9.jpg,801519_10.jpg,801519_11.jpg,801519_12.jpg,801519_13.jpg', 801519, '2021-04-27 12:52:57', '2021-05-19 19:32:43', 2, 1, 84),
	(699, 'Elari Kidphone 4GR (yellow)', 'Elari', 'smartwatches', 9708, '833717_0.jpg,833717_1.jpg,833717_2.jpg,833717_3.jpg', 833717, '2021-04-27 12:53:05', '2021-05-19 19:32:43', 2, 0, 36),
	(700, 'Aimoto Pro Indigo 4G (pink)', 'Aimoto', 'smartwatches', 8319, '830344_0.jpg,830344_1.jpg,830344_2.jpg,830344_3.jpg', 830344, '2021-04-27 12:53:13', '2021-05-19 19:32:43', 2, 0, 81),
	(701, 'JET KID NEXT (turquoise)', 'JET', 'smartwatches', 2069, '707907_0.jpg,707907_1.jpg,707907_2.jpg,707907_3.jpg', 707907, '2021-04-27 12:53:22', '2021-05-19 19:32:43', 2, 0, 53),
	(702, 'Aimoto Disney  (pink)', 'Aimoto', 'smartwatches', 5542, '788807_0.jpg,788807_1.jpg,788807_2.jpg,788807_3.jpg,788807_4.jpg,788807_5.jpg,788807_6.jpg,788807_7.jpg,788807_8.jpg,788807_9.jpg,788807_10.jpg,788807_11.jpg,788807_12.jpg,788807_13.jpg', 788807, '2021-04-27 12:53:30', '2021-05-19 19:32:43', 2, 0, 51),
	(703, 'Elari Kidphone Fresh (yellow)', 'Elari', 'smartwatches', 5542, '810751_0.jpg,810751_1.jpg,810751_2.jpg,810751_3.jpg,810751_4.jpg', 810751, '2021-04-27 12:53:38', '2021-05-19 19:32:43', 2, 0, 49),
	(704, 'Apple Watch Series 6, 44 мм, aluminum housing color «grey space», sport strap', 'Apple', 'smartwatches', 54847, '832232_0.jpg,832232_1.jpg,832232_2.jpg,832232_3.jpg,832232_4.jpg,832232_5.jpg,832232_6.jpg,832232_7.jpg', 832232, '2021-04-27 12:53:47', '2021-06-06 09:13:46', 2, 1, 39),
	(705, 'Apple Watch SE, 40 мм, aluminum housing color «grey space», sport strap', 'Apple', 'smartwatches', 34708, '832265_0.jpg,832265_1.jpg,832265_2.jpg,832265_3.jpg,832265_4.jpg,832265_5.jpg,832265_6.jpg,832265_7.jpg,832265_8.jpg', 832265, '2021-04-27 12:53:56', '2021-05-19 19:32:43', 2, 0, 46),
	(706, 'Apple Watch SE, 40 мм, aluminum housing silverго color, sport strap', 'Apple', 'smartwatches', 34708, '832206_0.jpg,832206_1.jpg,832206_2.jpg,832206_3.jpg,832206_4.jpg,832206_5.jpg,832206_6.jpg,832206_7.jpg,832206_8.jpg', 832206, '2021-04-27 12:54:06', '2021-05-19 19:32:43', 2, 0, 25),
	(707, 'Amazfit GTS 2 mini (black)', 'Amazfit', 'smartwatches', 9708, '846357_0.jpg,846357_1.jpg,846357_2.jpg,846357_3.jpg,846357_4.jpg,846357_5.jpg,846357_6.jpg,846357_7.jpg,846357_8.jpg,846357_9.jpg', 846357, '2021-04-27 12:54:14', '2021-05-19 19:32:43', 2, 0, 94),
	(708, 'Apple Watch Nike Series 6, 44 мм, aluminum housing color «grey space», sport strap Nike', 'Apple', 'smartwatches', 54847, '832328_0.jpg,832328_1.jpg,832328_2.jpg,832328_3.jpg,832328_4.jpg,832328_5.jpg,832328_6.jpg,832328_7.jpg', 832328, '2021-04-27 12:54:23', '2021-05-19 19:32:43', 2, 0, 97),
	(709, 'Apple Watch Series 6, 40 мм, aluminum housing silverго color, sport strap', 'Apple', 'smartwatches', 51375, '832200_0.jpg,832200_1.jpg,832200_2.jpg,832200_3.jpg,832200_4.jpg,832200_5.jpg,832200_6.jpg,832200_7.jpg', 832200, '2021-04-27 12:54:32', '2021-05-19 19:32:43', 2, 0, 53),
	(710, 'Apple Watch SE, 44 мм, aluminum housing золотого color, sport strap', 'Apple', 'smartwatches', 38181, '832288_0.jpg,832288_1.jpg,832288_2.jpg,832288_3.jpg,832288_4.jpg,832288_5.jpg,832288_6.jpg,832288_7.jpg,832288_8.jpg', 832288, '2021-04-27 12:54:42', '2021-05-19 19:32:43', 2, 0, 24),
	(711, 'Apple Watch Nike SE, 44 мм, aluminum housing color «grey space», sport strap Nike', 'Apple', 'smartwatches', 38181, '832261_0.jpg,832261_1.jpg,832261_2.jpg,832261_3.jpg,832261_4.jpg,832261_5.jpg,832261_6.jpg,832261_7.jpg,832261_8.jpg', 832261, '2021-04-27 12:54:51', '2021-05-19 19:32:43', 2, 0, 51),
	(712, 'Amazfit GTS (gold)', 'Amazfit', 'smartwatches', 10403, '793044_0.jpg,793044_1.jpg,793044_2.jpg,793044_3.jpg,793044_4.jpg', 793044, '2021-04-27 12:54:59', '2021-05-19 19:32:43', 2, 0, 83),
	(713, 'Apple Watch Series 6, 40 мм, aluminum housing золотого color, sport strap', 'Apple', 'smartwatches', 49986, '832278_0.jpg,832278_1.jpg,832278_2.jpg,832278_3.jpg,832278_4.jpg,832278_5.jpg,832278_6.jpg,832278_7.jpg', 832278, '2021-04-27 12:55:08', '2021-05-19 19:32:44', 2, 0, 64),
	(714, 'Samsung Galaxy Watch Active (нежная пудра)', 'Samsung', 'smartwatches', 19153, '762944_0.jpg,762944_1.jpg,762944_2.jpg,762944_3.jpg,762944_4.jpg', 762944, '2021-04-27 12:55:17', '2021-05-19 19:32:44', 2, 0, 92),
	(715, 'Amazfit GTR 2 sport A1952 aluminium', 'Amazfit', 'smartwatches', 18042, '838371_0.jpg,838371_1.jpg,838371_2.jpg,838371_3.jpg', 838371, '2021-04-27 12:55:26', '2021-05-19 19:32:44', 2, 0, 98),
	(716, 'Amazfit NEO A2001 (green)', 'Amazfit', 'smartwatches', 3458, '840147_0.jpg', 840147, '2021-04-27 12:55:34', '2021-05-19 19:32:44', 2, 0, 36),
	(717, 'Amazfit GTS 2 (gold)', 'Amazfit', 'smartwatches', 18042, '848485_0.jpg,848485_1.jpg,848485_2.jpg', 848485, '2021-04-27 12:55:42', '2021-05-19 19:32:44', 2, 0, 40),
	(718, 'Apple Watch Series 3, 38 мм, aluminum housing color «grey space», sport strap blackго color (MTF02RU/A)', 'Apple', 'smartwatches', 24292, '708551_0.jpg,708551_1.jpg,708551_2.jpg,708551_3.jpg,708551_4.jpg,708551_5.jpg', 708551, '2021-04-27 12:55:50', '2021-05-19 19:32:44', 2, 0, 87),
	(719, 'Apple Watch Series 6, 44 мм, aluminum housing золотого color, sport strap', 'Apple', 'smartwatches', 54847, '832215_0.jpg,832215_1.jpg,832215_2.jpg,832215_3.jpg,832215_4.jpg,832215_5.jpg,832215_6.jpg,832215_7.jpg', 832215, '2021-04-27 12:55:59', '2021-05-19 19:32:44', 2, 0, 90),
	(720, 'Amazfit NEO A2001 (black)', 'Amazfit', 'smartwatches', 3458, '836831_0.jpg,836831_1.jpg,836831_2.jpg', 836831, '2021-04-27 12:56:08', '2021-05-19 19:32:44', 2, 0, 79),
	(721, 'JET KID SWIMMER (light blue)', 'JET', 'smartwatches', 3597, '698805_0.jpg,698805_1.jpg,698805_2.jpg,698805_3.jpg,698805_4.jpg', 698805, '2021-04-27 12:56:16', '2021-05-19 19:32:44', 2, 0, 100),
	(722, 'JET Sport SW-4C (silver)', 'JET', 'smartwatches', 4153, '802251_0.jpg,802251_1.jpg,802251_2.jpg,802251_3.jpg,802251_4.jpg,802251_5.jpg,802251_6.jpg,802251_7.jpg', 802251, '2021-04-27 12:56:25', '2021-05-19 19:32:44', 2, 0, 48),
	(723, 'Amazfit Bip U PRO (black)', 'Amazfit', 'smartwatches', 6931, '845034_0.jpg,845034_1.jpg,845034_2.jpg,845034_3.jpg', 845034, '2021-04-27 12:56:33', '2021-05-19 19:32:44', 2, 0, 39),
	(724, 'Amazfit GTS 2 mini (pink)', 'Amazfit', 'smartwatches', 9708, '846358_0.jpg,846358_1.jpg,846358_2.jpg,846358_3.jpg,846358_4.jpg,846358_5.jpg,846358_6.jpg,846358_7.jpg,846358_8.jpg,846358_9.jpg', 846358, '2021-04-27 12:56:42', '2021-05-19 19:32:44', 2, 0, 65),
	(725, 'Xiaomi Mi Watch Lite REDMIWT02 (слоновая кость)', 'Xiaomi', 'smartwatches', 6236, '849241_0.jpg', 849241, '2021-04-27 12:56:50', '2021-05-19 19:32:44', 2, 0, 30),
	(726, 'Amazfit T-Rex Pro A2013 (black)', 'Amazfit', 'smartwatches', 19431, '856796_0.jpg,856796_1.jpg,856796_2.jpg,856796_3.jpg,856796_4.jpg,856796_5.jpg,856796_6.jpg', 856796, '2021-04-27 12:56:59', '2021-05-19 19:32:44', 2, 0, 99),
	(727, 'Apple Watch Series 6, 44 мм, aluminum housing color (PRODUCT)RED, sport strap', 'Apple', 'smartwatches', 54847, '832271_0.jpg,832271_1.jpg,832271_2.jpg,832271_3.jpg,832271_4.jpg,832271_5.jpg,832271_6.jpg,832271_7.jpg', 832271, '2021-04-27 12:57:08', '2021-05-19 19:32:44', 2, 0, 77),
	(728, 'Apple Watch Series 6, 40 мм, aluminum housing color «grey space», sport strap', 'Apple', 'smartwatches', 51375, '832297_0.jpg,832297_1.jpg,832297_2.jpg,832297_3.jpg,832297_4.jpg,832297_5.jpg,832297_6.jpg,832297_7.jpg', 832297, '2021-04-27 12:57:17', '2021-05-19 19:32:44', 2, 0, 21),
	(729, 'Apple Watch Series 3, 42 мм (MTF22RU/A)', 'Apple', 'smartwatches', 26375, '708553_0.jpg,708553_1.jpg,708553_2.jpg,708553_3.jpg,708553_4.jpg,708553_5.jpg', 708553, '2021-04-27 12:57:25', '2021-05-19 19:32:44', 2, 0, 35),
	(730, 'Apple Watch Series 6, 44 мм, aluminum housing silverго color, sport strap', 'Apple', 'smartwatches', 54847, '832196_0.jpg,832196_1.jpg,832196_2.jpg,832196_3.jpg,832196_4.jpg,832196_5.jpg,832196_6.jpg,832196_7.jpg', 832196, '2021-04-27 12:57:34', '2021-05-19 19:32:44', 2, 0, 23),
	(731, 'Samsung Galaxy Watch3 41mm (silver)', 'Samsung', 'smartwatches', 31236, '827308_0.jpg,827308_1.jpg,827308_2.jpg,827308_3.jpg,827308_4.jpg,827308_5.jpg', 827308, '2021-04-27 12:57:42', '2021-05-19 19:32:44', 2, 0, 76),
	(732, 'Huawei Watch Fit TIA-B09 (розовая сакура)', 'Huawei', 'smartwatches', 9708, '830572_0.jpg,830572_1.jpg,830572_2.jpg,830572_3.jpg,830572_4.jpg,830572_5.jpg,830572_6.jpg,830572_7.jpg,830572_8.jpg', 830572, '2021-04-27 12:57:50', '2021-05-19 19:32:44', 2, 0, 57),
	(733, 'Apple Watch SE, 44 мм, aluminum housing silverго color, sport strap', 'Apple', 'smartwatches', 38181, '832282_0.jpg,832282_1.jpg,832282_2.jpg,832282_3.jpg,832282_4.jpg,832282_5.jpg,832282_6.jpg,832282_7.jpg,832282_8.jpg', 832282, '2021-04-27 12:58:00', '2021-05-19 19:32:44', 2, 0, 88),
	(734, 'Amazfit T-Rex A1919 (black)', 'Amazfit', 'smartwatches', 12486, '832987_0.jpg,832987_1.jpg', 832987, '2021-04-27 12:58:08', '2021-05-19 19:32:44', 2, 0, 100),
	(735, 'Aimoto Pro Tempo 4G (blue)', 'Aimoto', 'smartwatches', 7625, '840180_0.jpg,840180_1.jpg,840180_2.jpg,840180_3.jpg,840180_4.jpg', 840180, '2021-04-27 12:58:16', '2021-05-19 19:32:44', 2, 0, 62),
	(736, 'Amazfit NEO A2001 (red)', 'Amazfit', 'smartwatches', 3458, '841760_0.jpg,841760_1.jpg,841760_2.jpg', 841760, '2021-04-27 12:58:24', '2021-05-19 19:32:44', 2, 0, 58),
	(737, 'Amazfit Bip U PRO (pink)', 'Amazfit', 'smartwatches', 6931, '846352_0.jpg,846352_1.jpg,846352_2.jpg,846352_3.jpg', 846352, '2021-04-27 12:58:32', '2021-05-19 19:32:44', 2, 0, 45),
	(738, 'Amazfit GTS 2 (grey)', 'Amazfit', 'smartwatches', 18042, '848492_0.jpg,848492_1.jpg,848492_2.jpg', 848492, '2021-04-27 12:58:40', '2021-05-19 19:32:44', 2, 0, 86),
	(739, 'Apple Watch Nike SE, 44 мм, aluminum housing silverго color, sport strap Nike', 'Apple', 'smartwatches', 38181, '832223_0.jpg,832223_1.jpg,832223_2.jpg,832223_3.jpg,832223_4.jpg,832223_5.jpg,832223_6.jpg,832223_7.jpg,832223_8.jpg', 832223, '2021-04-27 12:58:50', '2021-05-19 19:32:44', 2, 0, 51),
	(740, 'Apple Watch Series 6, 40 мм, aluminum housing синего color, sport strap', 'Apple', 'smartwatches', 47903, '832134_0.jpg,832134_1.jpg,832134_2.jpg,832134_3.jpg,832134_4.jpg,832134_5.jpg,832134_6.jpg,832134_7.jpg', 832134, '2021-04-27 12:58:58', '2021-05-19 19:32:44', 2, 0, 81),
	(741, 'Amazfit GTR 2 classic A1952 steel', 'Amazfit', 'smartwatches', 19431, '838339_0.jpg,838339_1.jpg,838339_2.jpg,838339_3.jpg', 838339, '2021-04-27 12:59:06', '2021-05-19 19:32:44', 2, 0, 47),
	(742, 'Amazfit GTS (pink)', 'Amazfit', 'smartwatches', 10403, '793072_0.jpg,793072_1.jpg,793072_2.jpg,793072_3.jpg', 793072, '2021-04-27 12:59:15', '2021-05-19 19:32:44', 2, 0, 41),
	(743, 'Samsung Galaxy Watch3 45mm (black титан)', 'Samsung', 'smartwatches', 62486, '831752_0.jpg,831752_1.jpg,831752_2.jpg,831752_3.jpg,831752_4.jpg', 831752, '2021-04-27 12:59:23', '2021-05-19 19:32:44', 2, 0, 29),
	(744, 'Apple Watch Nike Series 6, 44 мм, aluminum housing silverго color, sport strap Nike', 'Apple', 'smartwatches', 54847, '832135_0.jpg,832135_1.jpg,832135_2.jpg,832135_3.jpg,832135_4.jpg,832135_5.jpg,832135_6.jpg,832135_7.jpg', 832135, '2021-04-27 12:59:32', '2021-05-19 19:32:44', 2, 0, 38),
	(745, 'Apple Watch Nike+ Series 3, 42 мм, aluminum housing color «grey space», sport strap Nike color антрацитовый/black (MTF42RU/A)', 'Apple', 'smartwatches', 25681, '708208_0.jpg,708208_1.jpg,708208_2.jpg,708208_3.jpg,708208_4.jpg,708208_5.jpg', 708208, '2021-04-27 12:59:40', '2021-05-19 19:32:44', 2, 0, 52),
	(746, 'JET Sport SW-1 (grey)', 'JET', 'smartwatches', 2764, '802256_0.jpg,802256_1.jpg,802256_2.jpg,802256_3.jpg', 802256, '2021-04-27 12:59:49', '2021-05-19 19:32:44', 2, 0, 29),
	(747, 'Amazfit GTS 2 A1969 (black)', 'Amazfit', 'smartwatches', 18042, '839525_0.jpg,839525_1.jpg,839525_2.jpg,839525_3.jpg,839525_4.jpg', 839525, '2021-04-27 12:59:57', '2021-05-19 19:32:44', 2, 0, 77),
	(748, 'Aimoto Pro Tempo 4G (red)', 'Aimoto', 'smartwatches', 7625, '840184_0.jpg,840184_1.jpg,840184_2.jpg,840184_3.jpg,840184_4.jpg', 840184, '2021-04-27 13:00:05', '2021-05-19 19:32:44', 2, 0, 84),
	(749, 'Amazfit GTR 2e (black)', 'Amazfit', 'smartwatches', 13875, '846353_0.jpg,846353_1.jpg,846353_2.jpg,846353_3.jpg', 846353, '2021-04-27 13:00:14', '2021-05-19 19:32:44', 2, 0, 37),
	(750, 'Amazfit GTS 2e (black)', 'Amazfit', 'smartwatches', 13875, '846355_0.jpg,846355_1.jpg,846355_2.jpg,846355_3.jpg', 846355, '2021-04-27 13:00:22', '2021-05-19 19:32:44', 2, 0, 68),
	(751, 'Apple Watch Nike Series 6, 40 мм, aluminum housing silverго color, sport strap Nike', 'Apple', 'smartwatches', 51375, '832307_0.jpg,832307_1.jpg,832307_2.jpg,832307_3.jpg,832307_4.jpg,832307_5.jpg,832307_6.jpg,832307_7.jpg', 832307, '2021-04-27 13:00:31', '2021-05-19 19:32:44', 2, 0, 99),
	(752, 'JET KID GEAR (black-grey)', 'JET', 'smartwatches', 2764, '695416_0.jpg,695416_1.jpg,695416_2.jpg,695416_3.jpg,695416_4.jpg', 695416, '2021-04-27 13:00:39', '2021-05-19 19:32:44', 2, 0, 20),
	(753, 'Apple Watch Nike+ Series 3 38 мм, aluminum housing color grey space, sport strap Nike color антрацитовый/black (MTF12RU/A)', 'Apple', 'smartwatches', 22903, '708205_0.jpg,708205_1.jpg,708205_2.jpg,708205_3.jpg,708205_4.jpg,708205_5.jpg', 708205, '2021-04-27 13:00:47', '2021-05-19 19:32:44', 2, 0, 20),
	(754, 'Samsung Galaxy Watch Active2 aluminum 40 мм (arctic)', 'Samsung', 'smartwatches', 22486, '793074_0.jpg,793074_1.jpg,793074_2.jpg,793074_3.jpg,793074_4.jpg', 793074, '2021-04-27 13:00:56', '2021-05-19 19:32:44', 2, 0, 87),
	(755, 'Huawei WATCH GT2 classic (Latona-B19V) (brown)', 'Huawei', 'smartwatches', 18042, '796068_0.jpg,796068_1.jpg,796068_2.jpg,796068_3.jpg', 796068, '2021-04-27 13:01:04', '2021-05-19 19:32:44', 2, 0, 62),
	(756, 'Huawei WATCH GT2 sport (Latona-B19S) (black)', 'Huawei', 'smartwatches', 16653, '796067_0.jpg,796067_1.jpg,796067_2.jpg,796067_3.jpg', 796067, '2021-04-27 13:01:12', '2021-05-19 19:32:44', 2, 0, 77),
	(757, 'JET Sport SW-8 (black)', 'JET', 'smartwatches', 5125, '802253_0.jpg,802253_1.jpg,802253_2.jpg,802253_3.jpg,802253_4.jpg,802253_5.jpg,802253_6.jpg,802253_7.jpg', 802253, '2021-04-27 13:01:21', '2021-05-19 19:32:44', 2, 0, 90),
	(758, 'Samsung Galaxy Watch Active2 aluminum 44 мм + ремешок SM', 'Samsung', 'smartwatches', 26653, '809293_0.jpg,809293_1.jpg,809293_2.jpg,809293_3.jpg,809293_4.jpg,809293_5.jpg', 809293, '2021-04-27 13:01:29', '2021-05-19 19:32:44', 2, 0, 32),
	(759, 'Amazfit Bip S (black)', 'Amazfit', 'smartwatches', 6931, '814838_0.jpg,814838_1.jpg,814838_2.jpg', 814838, '2021-04-27 13:01:37', '2021-05-19 19:32:44', 2, 0, 98),
	(760, 'Apple Watch Nike SE, 40 мм, aluminum housing color «grey space', 'Apple', 'smartwatches', 34708, '832205_0.jpg,832205_1.jpg,832205_2.jpg,832205_3.jpg,832205_4.jpg,832205_5.jpg,832205_6.jpg,832205_7.jpg,832205_8.jpg', 832205, '2021-04-27 13:05:54', '2021-05-19 19:32:44', 2, 0, 27),
	(761, 'Amazfit BIP U A2017 (pink)', 'Amazfit', 'smartwatches', 6236, '841758_0.jpg,841758_1.jpg,841758_2.jpg,841758_3.jpg', 841758, '2021-04-27 13:06:02', '2021-05-19 19:32:44', 2, 0, 90),
	(762, 'Amazfit GTS 2e (green)', 'Amazfit', 'smartwatches', 13875, '847864_0.jpg,847864_1.jpg,847864_2.jpg,847864_3.jpg,847864_4.jpg', 847864, '2021-04-27 13:06:10', '2021-05-19 19:32:44', 2, 0, 23),
	(763, 'Xiaomi Mi Watch Lite REDMIWT02 (black)', 'Xiaomi', 'smartwatches', 6236, '849214_0.jpg,849214_1.jpg', 849214, '2021-04-27 13:06:19', '2021-05-19 19:32:44', 2, 0, 98),
	(764, 'Amazfit T-Rex Pro A2013 (blue)', 'Amazfit', 'smartwatches', 19431, '856813_0.jpg,856813_1.jpg,856813_2.jpg,856813_3.jpg,856813_4.jpg,856813_5.jpg', 856813, '2021-04-27 13:06:27', '2021-05-19 19:32:44', 2, 0, 89),
	(765, 'JET Phone SP1 (black)', 'JET', 'smartwatches', 1931, '680236_0.jpg,680236_1.jpg', 680236, '2021-04-27 13:06:35', '2021-05-19 19:32:44', 2, 0, 81),
	(766, 'Amazfit GTS 2e ', 'Amazfit', 'smartwatches', 13875, '846356_0.jpg,846356_1.jpg,846356_2.jpg,846356_3.jpg', 846356, '2021-04-27 13:06:43', '2021-05-19 19:32:44', 2, 0, 73),
	(767, 'JET Kid Start (dark-blue)', 'JET', 'smartwatches', 1375, '679928_0.jpg,679928_1.jpg,679928_2.jpg,679928_3.jpg,679928_4.jpg,679928_5.jpg', 679928, '2021-04-27 13:06:52', '2021-05-19 19:32:44', 2, 0, 35),
	(768, 'JET KID SCOUT (black-grey)', 'JET', 'smartwatches', 2764, '695247_0.jpg,695247_1.jpg,695247_2.jpg,695247_3.jpg,695247_4.jpg', 695247, '2021-04-27 13:07:00', '2021-05-19 19:32:44', 2, 0, 54),
	(769, 'JET KID Twilight Sparkle', 'JET', 'smartwatches', 3875, '790160_0.jpg,790160_1.jpg,790160_2.jpg,790160_3.jpg,790160_4.jpg,790160_5.jpg', 790160, '2021-04-27 13:07:08', '2021-05-19 19:32:44', 2, 0, 70),
	(770, 'JET KID Optimus Prime', 'JET', 'smartwatches', 3875, '790161_0.jpg,790161_1.jpg,790161_2.jpg,790161_3.jpg,790161_4.jpg,790161_5.jpg', 790161, '2021-04-27 13:07:17', '2021-05-19 19:32:44', 2, 0, 34),
	(771, 'Samsung Galaxy Watch Active2  44 мм + SM', 'Samsung', 'smartwatches', 26653, '809324_0.jpg,809324_1.jpg,809324_2.jpg,809324_3.jpg,809324_4.jpg,809324_5.jpg', 809324, '2021-04-27 13:07:25', '2021-05-19 19:32:44', 2, 0, 44),
	(772, 'Elari KidPhone-4G (black)', 'Elari', 'smartwatches', 8319, '810728_0.jpg', 810728, '2021-04-27 13:07:33', '2021-05-19 19:32:44', 2, 0, 77),
	(773, 'Huawei Watch Fit TIA-B09 (green)', 'Huawei', 'smartwatches', 9708, '830573_0.jpg,830573_1.jpg,830573_2.jpg,830573_3.jpg,830573_4.jpg,830573_5.jpg,830573_6.jpg,830573_7.jpg,830573_8.jpg', 830573, '2021-04-27 13:07:41', '2021-05-19 19:32:44', 2, 0, 85),
	(774, 'Amazfit Bip U PRO (green)', 'Amazfit', 'smartwatches', 6931, '852910_0.jpg,852910_1.jpg,852910_2.jpg', 852910, '2021-04-27 13:07:50', '2021-05-19 19:32:44', 2, 0, 54),
	(775, 'ZTE Watch Live (black)', 'ZTE', 'smartwatches', 4847, '853064_0.jpg,853064_1.jpg,853064_2.jpg,853064_3.jpg', 853064, '2021-04-27 13:07:58', '2021-05-19 19:32:44', 2, 0, 100),
	(776, 'Amazfit Bip S (white)', 'Amazfit', 'smartwatches', 6931, '822509_0.jpg', 822509, '2021-04-27 13:08:06', '2021-05-19 19:32:44', 2, 0, 87),
	(777, 'Aimoto Pro Indigo 4G (black-blue)', 'Aimoto', 'smartwatches', 8319, '830343_0.jpg,830343_1.jpg,830343_2.jpg,830343_3.jpg', 830343, '2021-04-27 13:08:14', '2021-05-19 19:32:44', 2, 0, 87),
	(778, 'Amazfit GTS 2 mini (green)', 'Amazfit', 'smartwatches', 9708, '852882_0.jpg,852882_1.jpg,852882_2.jpg', 852882, '2021-04-27 13:08:23', '2021-05-19 19:32:44', 2, 0, 28),
	(779, 'Apple Watch Nike Series 6, 40 мм «grey space»', 'Apple', 'smartwatches', 47903, '832322_0.jpg,832322_1.jpg,832322_2.jpg,832322_3.jpg,832322_4.jpg,832322_5.jpg,832322_6.jpg,832322_7.jpg', 832322, '2021-04-27 13:08:31', '2021-05-19 19:32:44', 2, 0, 63),
	(780, 'GEOZON G-Kids 4G (blue)', 'GEOZON', 'smartwatches', 5542, '836900_0.jpg', 836900, '2021-04-27 13:08:40', '2021-05-19 19:32:44', 2, 0, 80),
	(781, 'Samsung Galaxy Watch 46мм (silver)', 'Samsung', 'smartwatches', 34708, '698845_0.jpg,698845_1.jpg,698845_2.jpg,698845_3.jpg,698845_4.jpg', 698845, '2021-04-27 13:08:48', '2021-05-19 19:32:44', 2, 0, 92),
	(782, 'JET KID SCOUT (light blue)', 'JET', 'smartwatches', 2764, '695245_0.jpg,695245_1.jpg,695245_2.jpg,695245_3.jpg,695245_4.jpg', 695245, '2021-04-27 13:08:56', '2021-05-19 19:32:44', 2, 0, 81),
	(783, 'JET KID GEAR (сине-orange)', 'JET', 'smartwatches', 2764, '695412_0.jpg,695412_1.jpg,695412_2.jpg,695412_3.jpg,695412_4.jpg', 695412, '2021-04-27 13:09:05', '2021-05-19 19:32:44', 2, 0, 46),
	(784, 'JET KID CONNECT (pink)', 'JET', 'smartwatches', 2069, '707901_0.jpg,707901_1.jpg,707901_2.jpg,707901_3.jpg,707901_4.jpg,707901_5.jpg,707901_6.jpg,707901_7.jpg,707901_8.jpg', 707901, '2021-04-27 13:09:13', '2021-05-19 19:32:44', 2, 0, 27),
	(785, 'JET KID My Little Pony', 'JET', 'smartwatches', 3875, '790127_0.jpg,790127_1.jpg,790127_2.jpg,790127_3.jpg,790127_4.jpg,790127_5.jpg', 790127, '2021-04-27 13:09:21', '2021-05-19 19:32:44', 2, 0, 58),
	(786, 'JET KID Megatron vs Optimus Prime', 'JET', 'smartwatches', 3875, '790163_0.jpg,790163_1.jpg,790163_2.jpg,790163_3.jpg,790163_4.jpg,790163_5.jpg', 790163, '2021-04-27 13:09:30', '2021-05-19 19:32:44', 2, 0, 48),
	(787, 'Apple Watch Nike Series 5, 44 мм', 'Apple', 'smartwatches', 41653, '792275_0.jpg,792275_1.jpg,792275_2.jpg,792275_3.jpg,792275_4.jpg,792275_5.jpg', 792275, '2021-04-27 13:09:38', '2021-05-19 19:32:44', 2, 0, 41),
	(788, 'Amazfit GTR 42mm (pink)', 'Amazfit', 'smartwatches', 12486, '793023_0.jpg,793023_1.jpg,793023_2.jpg,793023_3.jpg', 793023, '2021-04-27 13:09:46', '2021-05-19 19:32:44', 2, 0, 47),
	(789, 'GEOZON Ray (black)', 'GEOZON', 'smartwatches', 1792, '804863_0.jpg,804863_1.jpg', 804863, '2021-04-27 13:09:54', '2021-05-19 19:32:44', 2, 0, 81),
	(790, 'Aimoto Kid «Единорог» (pink)', 'Aimoto', 'smartwatches', 4153, '816601_0.jpg,816601_1.jpg,816601_2.jpg,816601_3.jpg', 816601, '2021-04-27 13:10:02', '2021-05-19 19:32:44', 2, 0, 35),
	(791, 'Amazfit Bip S (pink)', 'Amazfit', 'smartwatches', 6931, '819960_0.jpg', 819960, '2021-04-27 13:10:11', '2021-05-19 19:32:44', 2, 0, 86),
	(792, 'Honor Magic Watch 2 42 мм (black)', 'Honor', 'smartwatches', 16653, '824887_0.jpg,824887_1.jpg,824887_2.jpg,824887_3.jpg', 824887, '2021-04-27 13:10:19', '2021-05-19 19:32:44', 2, 0, 93),
	(793, 'Samsung Galaxy Watch Active2 steel 44 мм (silver)', 'Samsung', 'smartwatches', 40264, '831701_0.jpg,831701_1.jpg,831701_2.jpg,831701_3.jpg,831701_4.jpg,831701_5.jpg', 831701, '2021-04-27 13:10:27', '2021-05-19 19:32:44', 2, 0, 81),
	(794, 'Apple Watch Nike SE, 40 мм', 'Apple', 'smartwatches', 34708, '832201_0.jpg,832201_1.jpg,832201_2.jpg,832201_3.jpg,832201_4.jpg,832201_5.jpg,832201_6.jpg,832201_7.jpg,832201_8.jpg', 832201, '2021-04-27 13:10:36', '2021-05-19 19:32:44', 2, 0, 74),
	(795, 'GEOZON SPRINTER (black)', 'GEOZON', 'smartwatches', 1931, '834474_0.jpg,834474_1.jpg,834474_2.jpg', 834474, '2021-04-27 13:10:45', '2021-05-19 19:32:44', 2, 0, 82),
	(796, 'GEOZON SPRINTER (pink)', 'GEOZON', 'smartwatches', 1931, '835692_0.jpg,835692_1.jpg,835692_2.jpg', 835692, '2021-04-27 13:10:53', '2021-05-19 19:32:44', 2, 0, 22),
	(797, 'Honor Watch GS Pro KAN-B19P (white)', 'Honor', 'smartwatches', 20819, '833743_0.jpg,833743_1.jpg,833743_2.jpg,833743_3.jpg,833743_4.jpg,833743_5.jpg,833743_6.jpg', 833743, '2021-04-27 13:11:02', '2021-05-19 19:32:45', 2, 0, 64),
	(798, 'JET KID FRIEND (orange, white)', 'JET', 'smartwatches', 2486, '833003_0.jpg,833003_1.jpg,833003_2.jpg,833003_3.jpg,833003_4.jpg', 833003, '2021-04-27 13:11:10', '2021-05-19 19:32:45', 2, 0, 59),
	(799, 'GEOZON TITANIUM (black)', 'GEOZON', 'smartwatches', 2208, '836904_0.jpg,836904_1.jpg', 836904, '2021-04-27 13:11:20', '2021-05-19 19:32:45', 2, 0, 27),
	(800, 'Amazfit GTR 2e (grey)', 'Amazfit', 'smartwatches', 13875, '846354_0.jpg,846354_1.jpg,846354_2.jpg,846354_3.jpg', 846354, '2021-04-27 13:11:29', '2021-05-19 19:32:45', 2, 0, 85),
	(801, 'Realme Watch S RMA207 (black)', 'Realme', 'smartwatches', 9014, '848966_0.jpg,848966_1.jpg,848966_2.jpg,848966_3.jpg,848966_4.jpg', 848966, '2021-04-27 13:11:37', '2021-05-19 19:32:45', 2, 0, 93),
	(802, 'Xiaomi Mi Watch Lite REDMIWT02 (blue)', 'Xiaomi', 'smartwatches', 6236, '849215_0.jpg,849215_1.jpg,849215_2.jpg,849215_3.jpg,849215_4.jpg', 849215, '2021-04-27 13:11:45', '2021-05-19 19:32:45', 2, 0, 86),
	(803, 'JET Phone SP1 (silver)', 'JET', 'smartwatches', 1931, '698809_0.jpg,698809_1.jpg,698809_2.jpg,698809_3.jpg,698809_4.jpg', 698809, '2021-04-27 13:11:54', '2021-05-19 19:32:45', 2, 0, 93),
	(804, 'JET KID NEXT (dark-grey)', 'JET', 'smartwatches', 2069, '707904_0.jpg,707904_1.jpg,707904_2.jpg,707904_3.jpg', 707904, '2021-04-27 13:12:02', '2021-05-19 19:32:45', 2, 0, 30),
	(805, 'Samsung Watch Active (green)', 'Samsung', 'smartwatches', 19153, '762948_0.jpg,762948_1.jpg,762948_2.jpg,762948_3.jpg,762948_4.jpg,762948_5.jpg', 762948, '2021-04-27 13:12:10', '2021-05-19 19:32:45', 2, 0, 63),
	(806, 'Samsung Galaxy Watch Active2  44 мм +  SM', 'Samsung', 'smartwatches', 26653, '809295_0.jpg,809295_1.jpg,809295_2.jpg,809295_3.jpg,809295_4.jpg,809295_5.jpg', 809295, '2021-04-27 13:12:18', '2021-05-19 19:32:45', 2, 0, 96),
	(807, 'Honor Magic Watch 2 (silver)', 'Honor', 'smartwatches', 18042, '809775_0.jpg,809775_1.jpg,809775_2.jpg,809775_3.jpg,809775_4.jpg,809775_5.jpg', 809775, '2021-04-27 13:12:27', '2021-05-19 19:32:45', 2, 0, 57),
	(808, 'Elari KidPhone-4G (red)', 'Elari', 'smartwatches', 8319, '810761_0.jpg', 810761, '2021-04-27 13:12:35', '2021-05-19 19:32:45', 2, 0, 35),
	(809, 'Krez ROZE2 (pink)', 'Krez', 'smartwatches', 3736, '821570_0.jpg,821570_1.jpg,821570_2.jpg', 821570, '2021-04-27 13:12:43', '2021-05-19 19:32:45', 2, 0, 91),
	(810, 'JET KID Buddy (yellow)', 'JET', 'smartwatches', 3181, '828297_0.jpg,828297_1.jpg,828297_2.jpg,828297_3.jpg,828297_4.jpg', 828297, '2021-04-27 13:12:51', '2021-05-19 19:32:45', 2, 0, 68),
	(811, 'Huawei Watch GT 2 Pro VID-B19 (grey)', 'Huawei', 'smartwatches', 29153, '834405_0.jpg,834405_1.jpg,834405_2.jpg,834405_3.jpg,834405_4.jpg,834405_5.jpg,834405_6.jpg,834405_7.jpg', 834405, '2021-04-27 13:13:00', '2021-05-19 19:32:45', 2, 0, 68),
	(812, 'JET Kid Start (light blue)', 'JET', 'smartwatches', 1375, '698846_0.jpg,698846_1.jpg', 698846, '2021-04-27 13:13:08', '2021-05-19 19:32:45', 2, 0, 33),
	(813, 'JET Sport SW-7 (grey)', 'JET', 'smartwatches', 3875, '690948_0.jpg,690948_1.jpg,690948_2.jpg,690948_3.jpg', 690948, '2021-04-27 13:13:16', '2021-05-19 19:32:45', 2, 0, 26),
	(814, 'Aimoto MARVEL Spider man', 'Aimoto', 'smartwatches', 4847, '689581_0.jpg,689581_1.jpg,689581_2.jpg,689581_3.jpg,689581_4.jpg,689581_5.jpg,689581_6.jpg,689581_7.jpg,689581_8.jpg,689581_9.jpg,689581_10.jpg', 689581, '2021-04-27 13:13:24', '2021-05-19 19:32:45', 2, 0, 55),
	(815, 'GEOZON AQUA (light blue)', 'GEOZON', 'smartwatches', 4847, '737087_0.jpg,737087_1.jpg', 737087, '2021-04-27 13:13:32', '2021-05-19 19:32:45', 2, 0, 75),
	(816, 'GEOZON Sprint (black-red)', 'GEOZON', 'smartwatches', 6931, '788823_0.jpg,788823_1.jpg', 788823, '2021-04-27 13:13:41', '2021-05-19 19:32:45', 2, 0, 72),
	(817, 'Apple Watch Series 5, 44 мм, aluminum housing color «pink gold», sport strap color «pink песок»', 'Apple', 'smartwatches', 36943, '792253_0.jpg,792253_1.jpg,792253_2.jpg,792253_3.jpg,792253_4.jpg,792253_5.jpg', 792253, '2021-04-27 13:13:49', '2021-05-19 19:32:45', 2, 0, 58),
	(818, 'Amazfit GTS (red)', 'Amazfit', 'smartwatches', 10403, '793073_0.jpg,793073_1.jpg,793073_2.jpg,793073_3.jpg,793073_4.jpg', 793073, '2021-04-27 13:13:57', '2021-05-19 19:32:45', 2, 0, 72),
	(819, 'Amazfit GTR 47mm (grey)', 'Amazfit', 'smartwatches', 13875, '792956_0.jpg,792956_1.jpg,792956_2.jpg,792956_3.jpg,792956_4.jpg,792956_5.jpg', 792956, '2021-04-27 13:14:05', '2021-05-19 19:32:45', 2, 0, 34),
	(820, 'JET Sport SW-1 (pink)', 'JET', 'smartwatches', 2764, '802260_0.jpg,802260_1.jpg,802260_2.jpg,802260_3.jpg', 802260, '2021-04-27 13:14:14', '2021-05-19 19:32:45', 2, 0, 30),
	(821, 'Huawei Watch GT2 Diana-B19S 42мм (black)', 'Huawei', 'smartwatches', 16653, '805516_0.jpg,805516_1.jpg,805516_2.jpg,805516_3.jpg,805516_4.jpg,805516_5.jpg', 805516, '2021-04-27 13:14:22', '2021-05-19 19:32:45', 2, 0, 85),
	(822, 'GEOZON Sky (black, silver)', 'GEOZON', 'smartwatches', 2764, '805195_0.jpg', 805195, '2021-04-27 13:14:30', '2021-05-19 19:32:45', 2, 0, 68),
	(823, 'JET PHONE SP2 (black)', 'JET', 'smartwatches', 3042, '818018_0.jpg,818018_1.jpg,818018_2.jpg,818018_3.jpg,818018_4.jpg', 818018, '2021-04-27 13:14:38', '2021-05-19 19:32:45', 2, 0, 20),
	(824, 'Elari KidPhone Ну, погоди!" (black)', 'Elari', 'smartwatches', 3458, '826565_0.jpg,826565_1.jpg,826565_2.jpg', 826565, '2021-04-27 13:14:47', '2021-05-19 19:32:45', 2, 0, 32),
	(825, 'Motorola Moto 360 3rd GEN (black)', 'Motorola', 'smartwatches', 29153, '830567_0.jpg,830567_1.jpg,830567_2.jpg', 830567, '2021-04-27 13:14:55', '2021-05-19 19:32:45', 2, 0, 39),
	(826, 'Motorola Moto 360 3rd GEN (pink gold)', 'Motorola', 'smartwatches', 29153, '830565_0.jpg,830565_1.jpg', 830565, '2021-04-27 13:15:03', '2021-05-19 19:32:45', 2, 0, 69),
	(827, 'GEOZON TITANIUM (black-blue)', 'GEOZON', 'smartwatches', 2069, '835031_0.jpg,835031_1.jpg,835031_2.jpg,835031_3.jpg,835031_4.jpg', 835031, '2021-04-27 13:15:12', '2021-05-19 19:32:45', 2, 0, 61),
	(828, 'JET KID FRIEND (pink, white)', 'JET', 'smartwatches', 2486, '833044_0.jpg,833044_1.jpg,833044_2.jpg,833044_3.jpg,833044_4.jpg', 833044, '2021-04-27 13:15:20', '2021-05-19 19:32:45', 2, 0, 85),
	(829, 'JET KID TINY (blue, grey)', 'JET', 'smartwatches', 4153, '833047_0.jpg,833047_1.jpg,833047_2.jpg,833047_3.jpg,833047_4.jpg', 833047, '2021-04-27 13:15:28', '2021-05-19 19:32:45', 2, 0, 59),
	(830, 'JET KID FRIEND (black, blue)', 'JET', 'smartwatches', 2486, '833002_0.jpg,833002_1.jpg,833002_2.jpg,833002_3.jpg,833002_4.jpg', 833002, '2021-04-27 13:15:36', '2021-05-19 19:32:45', 2, 0, 60),
	(831, 'Amazfit Bip S Lite A1823 (pink)', 'Amazfit', 'smartwatches', 5819, '836799_0.jpg,836799_1.jpg,836799_2.jpg', 836799, '2021-04-27 13:15:45', '2021-05-19 19:32:45', 2, 0, 40),
	(832, 'GEOZON G-Kids 4G (pink)', 'GEOZON', 'smartwatches', 5542, '836901_0.jpg', 836901, '2021-04-27 13:15:53', '2021-05-19 19:32:45', 2, 0, 40),
	(833, 'GEOZON G-Kids Life (red)', 'GEOZON', 'smartwatches', 4153, '836869_0.jpg,836869_1.jpg', 836869, '2021-04-27 13:16:01', '2021-05-19 19:32:45', 2, 0, 96),
	(834, 'GEOZON Runner (pink)', 'GEOZON', 'smartwatches', 3458, '836907_0.jpg,836907_1.jpg', 836907, '2021-04-27 13:16:09', '2021-05-19 19:32:45', 2, 0, 82),
	(835, 'JET KID Transformers (Optimus VS Megatron)', 'JET', 'smartwatches', 3875, '840190_0.jpg,840190_1.jpg,840190_2.jpg,840190_3.jpg,840190_4.jpg,840190_5.jpg', 840190, '2021-04-27 13:16:18', '2021-05-19 19:32:45', 2, 0, 82),
	(836, 'Zepp E SQUARE Onyx Black', 'Zepp', 'smartwatches', 22208, '842550_0.jpg', 842550, '2021-04-27 13:16:26', '2021-05-19 19:32:45', 2, 0, 61),
	(837, 'Aimoto Disney Рапунцель SE (pink)', 'Aimoto', 'smartwatches', 5542, '842471_0.jpg,842471_1.jpg,842471_2.jpg,842471_3.jpg,842471_4.jpg', 842471, '2021-04-27 13:16:34', '2021-05-19 19:32:45', 2, 0, 29),
	(838, 'Xiaomi Mi Watch (black)', 'Xiaomi', 'smartwatches', 13181, '844569_0.jpg,844569_1.jpg,844569_2.jpg,844569_3.jpg,844569_4.jpg', 844569, '2021-04-27 13:16:42', '2021-05-19 19:32:45', 2, 0, 44),
	(839, 'Amazfit GTR 2e (green)', 'Amazfit', 'smartwatches', 13875, '847865_0.jpg,847865_1.jpg,847865_2.jpg,847865_3.jpg', 847865, '2021-04-27 13:16:51', '2021-05-19 19:32:45', 2, 0, 38),
	(840, 'GEOZON Ultra 4G (pink)', 'GEOZON', 'smartwatches', 9014, '850636_0.jpg,850636_1.jpg', 850636, '2021-04-27 13:16:59', '2021-05-19 19:32:45', 2, 0, 85),
	(841, 'Amazfit T-Rex Pro A2013 (grey)', 'Amazfit', 'smartwatches', 19431, '856814_0.jpg,856814_1.jpg,856814_2.jpg,856814_3.jpg,856814_4.jpg,856814_5.jpg,856814_6.jpg,856814_7.jpg', 856814, '2021-04-27 13:17:07', '2021-05-19 19:32:45', 2, 0, 73),
	(842, 'Huawei Watch Fit Elegant (white)', 'Huawei', 'smartwatches', 13875, '857042_0.jpg', 857042, '2021-04-27 13:17:15', '2021-05-19 19:32:45', 2, 0, 37),
	(843, 'JET KID NEXT (pink)', 'JET', 'smartwatches', 2069, '707905_0.jpg,707905_1.jpg,707905_2.jpg,707905_3.jpg', 707905, '2021-04-27 13:17:23', '2021-05-19 19:32:45', 2, 0, 92),
	(844, 'GEOZON Ray (silver)', 'GEOZON', 'smartwatches', 1792, '804862_0.jpg,804862_1.jpg', 804862, '2021-04-27 13:17:31', '2021-05-19 19:32:45', 2, 0, 31),
	(845, 'GEOZON Sky (pink, silver)', 'GEOZON', 'smartwatches', 2764, '805198_0.jpg', 805198, '2021-04-27 13:17:39', '2021-05-19 19:32:45', 2, 0, 55),
	(846, 'Elari Kidphone Fresh (red)', 'Elari', 'smartwatches', 5542, '810757_0.jpg,810757_1.jpg,810757_2.jpg,810757_3.jpg,810757_4.jpg', 810757, '2021-04-27 13:17:48', '2021-05-19 19:32:45', 2, 0, 41),
	(847, 'ZTE Y8 (black)', 'ZTE', 'smartwatches', 3597, '830075_0.jpg,830075_1.jpg,830075_2.jpg,830075_3.jpg,830075_4.jpg,830075_5.jpg,830075_6.jpg,830075_7.jpg,830075_8.jpg,830075_9.jpg,830075_10.jpg', 830075, '2021-04-27 13:17:56', '2021-05-19 19:32:45', 2, 0, 29),
	(848, 'Motorola Moto 360 3rd GEN (grey)', 'Motorola', 'smartwatches', 29153, '830566_0.jpg', 830566, '2021-04-27 13:18:04', '2021-05-19 19:32:45', 2, 0, 73),
	(849, 'Samsung Galaxy Watch Active2 сталь 40 мм (silver)', 'Samsung', 'smartwatches', 33319, '831702_0.jpg,831702_1.jpg,831702_2.jpg,831702_3.jpg,831702_4.jpg,831702_5.jpg', 831702, '2021-04-27 13:18:12', '2021-05-19 19:32:45', 2, 0, 84),
	(850, 'Xiaomi Mi Watch (blue)', 'Xiaomi', 'smartwatches', 13181, '846359_0.jpg,846359_1.jpg,846359_2.jpg,846359_3.jpg,846359_4.jpg,846359_5.jpg,846359_6.jpg', 846359, '2021-04-27 13:18:21', '2021-05-19 19:32:45', 2, 0, 94),
	(851, 'JET KID GEAR (красно-black)', 'JET', 'smartwatches', 2764, '695414_0.jpg,695414_1.jpg,695414_2.jpg,695414_3.jpg,695414_4.jpg', 695414, '2021-04-27 13:18:30', '2021-05-19 19:32:45', 2, 0, 63),
	(852, 'JET KID GEAR (yellow-indigo)', 'JET', 'smartwatches', 2764, '695418_0.jpg,695418_1.jpg,695418_2.jpg,695418_3.jpg,695418_4.jpg', 695418, '2021-04-27 13:18:38', '2021-05-19 19:32:45', 2, 0, 88),
	(853, 'GEOZON AQUA (pink)', 'GEOZON', 'smartwatches', 4847, '737089_0.jpg', 737089, '2021-04-27 13:18:47', '2021-05-19 19:32:45', 2, 0, 64),
	(854, 'GEOZON LITE (pink)', 'GEOZON', 'smartwatches', 2764, '737174_0.jpg', 737174, '2021-04-27 13:18:55', '2021-05-19 19:32:45', 2, 0, 48),
	(855, 'Huawei WATCH GT 42 mm 1.2 Ceramic bezel (black)', 'Huawei', 'smartwatches', 16653, '777717_0.jpg,777717_1.jpg,777717_2.jpg,777717_3.jpg', 777717, '2021-04-27 13:19:03', '2021-05-19 19:32:45', 2, 0, 90),
	(856, 'Aimoto Sport (pink)', 'Aimoto', 'smartwatches', 396, '673592_0.jpg,673592_1.jpg,673592_2.jpg,673592_3.jpg', 673592, '2021-04-27 13:19:11', '2021-05-19 19:32:45', 2, 0, 70),
	(857, 'Apple Watch Nike Series 5, 40 мм grey space,black', 'Apple', 'smartwatches', 39986, '792273_0.jpg,792273_1.jpg,792273_2.jpg,792273_3.jpg,792273_4.jpg,792273_5.jpg', 792273, '2021-04-27 13:19:19', '2021-05-19 19:32:45', 2, 0, 73),
	(858, 'Amazfit GTS (grey)', 'Amazfit', 'smartwatches', 10403, '793047_0.jpg,793047_1.jpg,793047_2.jpg,793047_3.jpg,793047_4.jpg', 793047, '2021-04-27 13:19:27', '2021-05-19 19:32:45', 2, 0, 75),
	(859, 'Amazfit GTR 42mm (black)', 'Amazfit', 'smartwatches', 12486, '793020_0.jpg,793020_1.jpg,793020_2.jpg,793020_3.jpg', 793020, '2021-04-27 13:19:36', '2021-05-19 19:32:45', 2, 0, 96),
	(860, 'Aimoto Start 2 (black)', 'Aimoto', 'smartwatches', 3042, '857070_0.jpg,857070_1.jpg,857070_2.jpg,857070_3.jpg', 857070, '2021-04-27 13:19:44', '2021-05-19 19:32:45', 2, 0, 20),
	(861, 'JET SENIOR CARE', 'JET', 'smartwatches', 5542, '832988_0.jpg,832988_1.jpg,832988_2.jpg,832988_3.jpg,832988_4.jpg,832988_5.jpg', 832988, '2021-04-27 13:19:52', '2021-05-19 19:32:45', 2, 0, 27),
	(862, 'Amazfit GTR Lite 47mm (black)', 'Amazfit', 'smartwatches', 11653, '835918_0.jpg', 835918, '2021-04-27 13:20:00', '2021-05-19 19:32:45', 2, 0, 55),
	(863, 'Amazfit Bip S Lite A1823 (blue)', 'Amazfit', 'smartwatches', 5819, '836796_0.jpg,836796_1.jpg,836796_2.jpg', 836796, '2021-04-27 13:20:08', '2021-05-19 19:32:45', 2, 0, 37),
	(864, 'GEOZON G-Kids Life (blue)', 'GEOZON', 'smartwatches', 4153, '836868_0.jpg,836868_1.jpg', 836868, '2021-04-27 13:20:16', '2021-05-19 19:32:45', 2, 0, 30),
	(865, 'JET KID Transformers (Optimus Prime)', 'JET', 'smartwatches', 3875, '840177_0.jpg,840177_1.jpg,840177_2.jpg,840177_3.jpg,840177_4.jpg,840177_5.jpg', 840177, '2021-04-27 13:20:25', '2021-05-19 19:32:45', 2, 0, 47),
	(866, 'Aimoto Disney Rapunzel', 'Aimoto', 'smartwatches', 4153, '689582_0.jpg,689582_1.jpg,689582_2.jpg,689582_3.jpg,689582_4.jpg,689582_5.jpg,689582_6.jpg,689582_7.jpg,689582_8.jpg,689582_9.jpg,689582_10.jpg', 689582, '2021-04-27 13:20:34', '2021-05-19 19:32:45', 2, 0, 31),
	(867, 'JET KID SCOUT (pink)', 'JET', 'smartwatches', 2764, '695410_0.jpg,695410_1.jpg,695410_2.jpg,695410_3.jpg,695410_4.jpg', 695410, '2021-04-27 13:20:42', '2021-05-19 19:32:45', 2, 0, 30),
	(868, 'Amazfit Stratos (black)', 'Amazfit', 'smartwatches', 16653, '693133_0.jpg,693133_1.jpg,693133_2.jpg,693133_3.jpg', 693133, '2021-04-27 13:20:51', '2021-05-19 19:32:45', 2, 0, 93),
	(869, 'JET KID GEAR (grey-orange)', 'JET', 'smartwatches', 2764, '725302_0.jpg,725302_1.jpg,725302_2.jpg,725302_3.jpg,725302_4.jpg', 725302, '2021-04-27 13:20:59', '2021-05-19 19:32:45', 2, 0, 56),
	(870, 'GEOZON ACTIVE (pink)', 'GEOZON', 'smartwatches', 3458, '737085_0.jpg,737085_1.jpg', 737085, '2021-04-27 13:21:07', '2021-05-19 19:32:45', 2, 0, 95),
	(871, 'GEOZON LITE (light blue)', 'GEOZON', 'smartwatches', 2764, '737172_0.jpg,737172_1.jpg', 737172, '2021-04-27 13:21:15', '2021-05-19 19:32:45', 2, 0, 29),
	(872, 'GEOZON AIR (black)', 'GEOZON', 'smartwatches', 4153, '762332_0.jpg,762332_1.jpg,762332_2.jpg,762332_3.jpg,762332_4.jpg,762332_5.jpg,762332_6.jpg', 762332, '2021-04-27 13:21:24', '2021-05-19 19:32:45', 2, 0, 21),
	(873, 'GEOZON AIR (orange)', 'GEOZON', 'smartwatches', 4153, '762334_0.jpg,762334_1.jpg', 762334, '2021-04-27 13:21:32', '2021-05-19 19:32:45', 2, 0, 32),
	(874, 'JET KID Bumblebee', 'JET', 'smartwatches', 3875, '790162_0.jpg,790162_1.jpg,790162_2.jpg,790162_3.jpg,790162_4.jpg,790162_5.jpg', 790162, '2021-04-27 13:21:40', '2021-05-19 19:32:45', 2, 0, 33),
	(875, 'JET KID Pinkie Pie', 'JET', 'smartwatches', 3875, '790129_0.jpg,790129_1.jpg,790129_2.jpg,790129_3.jpg,790129_4.jpg,790129_5.jpg', 790129, '2021-04-27 13:21:49', '2021-05-19 19:32:45', 2, 0, 69),
	(876, 'Amazfit GTS (light blue)', 'Amazfit', 'smartwatches', 10403, '793070_0.jpg,793070_1.jpg,793070_2.jpg,793070_3.jpg,793070_4.jpg', 793070, '2021-04-27 13:21:57', '2021-05-19 19:32:45', 2, 0, 49),
	(877, 'Amazfit GTR 47mm (stainless steel)', 'Amazfit', 'smartwatches', 13875, '792952_0.jpg,792952_1.jpg,792952_2.jpg,792952_3.jpg,792952_4.jpg,792952_5.jpg,792952_6.jpg', 792952, '2021-04-27 13:22:06', '2021-05-19 19:32:45', 2, 0, 94),
	(878, 'Digma Smartline D1 (black)', 'Digma', 'smartwatches', 2118, '796745_0.jpg,796745_1.jpg,796745_2.jpg,796745_3.jpg,796745_4.jpg,796745_5.jpg,796745_6.jpg,796745_7.jpg,796745_8.jpg', 796745, '2021-04-27 13:22:14', '2021-05-19 19:32:45', 2, 0, 59),
	(879, 'GEOZON G-smart Hybrid (black, grey)', 'GEOZON', 'smartwatches', 3743, '806436_0.jpg,806436_1.jpg', 806436, '2021-04-27 13:24:43', '2021-05-19 19:32:45', 2, 0, 95),
	(880, 'GEOZON G-smart Hybrid (silver, orange)', 'GEOZON', 'smartwatches', 3743, '806435_0.jpg,806435_1.jpg', 806435, '2021-04-27 13:24:52', '2021-05-19 19:32:45', 2, 0, 77),
	(881, 'Elari Kidphone Fresh (green)', 'Elari', 'smartwatches', 5542, '810755_0.jpg,810755_1.jpg,810755_2.jpg,810755_3.jpg,810755_4.jpg', 810755, '2021-04-27 13:26:30', '2021-05-19 19:32:46', 2, 0, 89),
	(882, 'Amazfit Stratos+ (black)', 'Amazfit', 'smartwatches', 20819, '814968_0.jpg', 814968, '2021-04-27 13:26:38', '2021-05-19 19:32:46', 2, 0, 65),
	(883, 'Aimoto Kid «Робот» (blue)', 'Aimoto', 'smartwatches', 4153, '816602_0.jpg,816602_1.jpg,816602_2.jpg,816602_3.jpg', 816602, '2021-04-27 13:26:46', '2021-05-19 19:32:46', 2, 0, 67),
	(884, 'Canyon Sanchal (CNS-SW73BB) (black)', 'Canyon', 'smartwatches', 4292, '853198_0.jpg,853198_1.jpg,853198_2.jpg,853198_3.jpg', 853198, '2021-04-27 13:26:54', '2021-05-19 19:32:46', 2, 0, 72),
	(885, 'Krez SWIFT (silver)', 'Krez', 'smartwatches', 2347, '826045_0.jpg', 826045, '2021-04-27 13:32:29', '2021-05-19 19:32:46', 2, 0, 97),
	(886, 'Amazfit Bip S (orange)', 'Amazfit', 'smartwatches', 6931, '822511_0.jpg', 822511, '2021-04-27 13:32:37', '2021-05-19 19:32:46', 2, 0, 26),
	(898, 'SuperMegaFactory', 'SuperFactory', 'smartphones', 625, '689581_0.jpg,689581_1.jpg,689581_4.jpg,689581_5.jpg,689581_6.jpg,689581_7.jpg,689581_8.jpg', 6543787, '2021-06-07 18:22:28', '2021-06-14 08:42:28', 1, 5, 61);

-- Дамп структуры для таблица ecommerce_laravel.product_property
CREATE TABLE IF NOT EXISTS `product_property` (
  `product_id` int unsigned DEFAULT NULL,
  `property_id` int DEFAULT NULL,
  `value` varchar(255) DEFAULT NULL,
  KEY `product_id` (`product_id`,`property_id`,`value`),
  KEY `product_property_FK` (`property_id`),
  CONSTRAINT `product_property_FK` FOREIGN KEY (`property_id`) REFERENCES `properties` (`id`) ON DELETE CASCADE ON UPDATE CASCADE,
  CONSTRAINT `product_property_ibfk_1` FOREIGN KEY (`product_id`) REFERENCES `products` (`id`) ON DELETE CASCADE ON UPDATE CASCADE
) ENGINE=InnoDB DEFAULT CHARSET=utf8mb3;

-- Дамп данных таблицы ecommerce_laravel.product_property: ~4 304 rows (приблизительно)
DELETE FROM `product_property`;
INSERT INTO `product_property` (`product_id`, `property_id`, `value`) VALUES
	(1, 1, '6.53'),
	(1, 2, '128'),
	(1, 3, '48'),
	(2, 1, '6.8'),
	(2, 2, '256'),
	(2, 3, '108'),
	(3, 1, '6.8'),
	(3, 2, '128'),
	(3, 3, '108'),
	(4, 1, '6.8'),
	(4, 2, '512'),
	(4, 3, '108'),
	(5, 1, '6.8'),
	(5, 2, '512'),
	(5, 3, '108'),
	(6, 1, '6.8'),
	(6, 2, '256'),
	(6, 3, '108'),
	(7, 1, '6.8'),
	(7, 2, '128'),
	(7, 3, '108'),
	(8, 1, '6.7'),
	(8, 2, '128'),
	(8, 3, '64'),
	(9, 1, '6.7'),
	(9, 2, '128'),
	(9, 3, '64'),
	(10, 1, '6.7'),
	(10, 2, '256'),
	(10, 3, '64'),
	(11, 1, '6.7'),
	(11, 2, '256'),
	(11, 3, '64'),
	(12, 1, '6.7'),
	(12, 2, '256'),
	(12, 3, '64'),
	(13, 1, '6.2'),
	(13, 2, '128'),
	(13, 3, '64'),
	(14, 1, '6.2'),
	(14, 2, '256'),
	(14, 3, '64'),
	(15, 1, '6.2'),
	(15, 2, '128'),
	(15, 3, '64'),
	(16, 1, '6.2'),
	(16, 2, '256'),
	(16, 3, '64'),
	(17, 1, '6.2'),
	(17, 2, '256'),
	(17, 3, '64'),
	(18, 1, '6.2'),
	(18, 2, '256'),
	(18, 3, '64'),
	(19, 1, '6.7'),
	(19, 2, '128'),
	(19, 3, '64'),
	(20, 1, '6.5'),
	(20, 2, '128'),
	(20, 3, '64'),
	(21, 1, '6.7'),
	(21, 2, '128'),
	(21, 3, '12'),
	(22, 1, '6.4'),
	(22, 2, '128'),
	(22, 3, '64'),
	(23, 1, '6.82'),
	(23, 2, '64'),
	(23, 3, '16'),
	(24, 1, '6.82'),
	(24, 2, '64'),
	(24, 3, '16'),
	(25, 1, '6.67'),
	(25, 2, '128'),
	(25, 3, '48'),
	(26, 1, '6.67'),
	(26, 2, '128'),
	(26, 3, '48'),
	(27, 1, '6.67'),
	(27, 2, '128'),
	(27, 3, '48'),
	(28, 1, '6.7'),
	(28, 2, '256'),
	(28, 3, '12'),
	(29, 1, '6.53'),
	(29, 2, '128'),
	(29, 3, '48'),
	(30, 1, '6.53'),
	(30, 2, '128'),
	(30, 3, '48'),
	(31, 1, '6.8'),
	(31, 2, '256'),
	(31, 3, '108'),
	(32, 1, '6.8'),
	(32, 2, '128'),
	(32, 3, '108'),
	(33, 1, '6.8'),
	(33, 2, '512'),
	(33, 3, '108'),
	(34, 1, '6.8'),
	(34, 2, '512'),
	(34, 3, '108'),
	(35, 1, '6.8'),
	(35, 2, '256'),
	(35, 3, '108'),
	(36, 1, '6.8'),
	(36, 2, '128'),
	(36, 3, '108'),
	(37, 1, '6.7'),
	(37, 2, '128'),
	(37, 3, '64'),
	(38, 1, '6.7'),
	(38, 2, '128'),
	(38, 3, '64'),
	(39, 1, '6.7'),
	(39, 2, '256'),
	(39, 3, '64'),
	(40, 1, '6.7'),
	(40, 2, '256'),
	(40, 3, '64'),
	(41, 1, '6.7'),
	(41, 2, '256'),
	(41, 3, '64'),
	(42, 1, '6.2'),
	(42, 2, '128'),
	(42, 3, '64'),
	(43, 1, '6.2'),
	(43, 2, '256'),
	(43, 3, '64'),
	(44, 1, '6.2'),
	(44, 2, '128'),
	(44, 3, '64'),
	(45, 1, '6.2'),
	(45, 2, '256'),
	(45, 3, '64'),
	(46, 1, '6.2'),
	(46, 2, '256'),
	(46, 3, '64'),
	(47, 1, '6.2'),
	(47, 2, '256'),
	(47, 3, '64'),
	(48, 1, '6.7'),
	(48, 2, '128'),
	(48, 3, '64'),
	(49, 1, '6.5'),
	(49, 2, '128'),
	(49, 3, '64'),
	(50, 1, '6.7'),
	(50, 2, '128'),
	(50, 3, '12'),
	(51, 1, '6.4'),
	(51, 2, '128'),
	(51, 3, '64'),
	(52, 1, '6.82'),
	(52, 2, '64'),
	(52, 3, '16'),
	(53, 1, '6.82'),
	(53, 2, '64'),
	(53, 3, '16'),
	(54, 1, '6.67'),
	(54, 2, '128'),
	(54, 3, '48'),
	(55, 1, '6.67'),
	(55, 2, '128'),
	(55, 3, '48'),
	(56, 1, '6.67'),
	(56, 2, '128'),
	(56, 3, '48'),
	(57, 1, '6.7'),
	(57, 2, '256'),
	(57, 3, '12'),
	(58, 1, '6.1'),
	(58, 2, '256'),
	(58, 3, '12'),
	(59, 1, '6.1'),
	(59, 2, '256'),
	(59, 3, '1'),
	(60, 1, '5.45'),
	(60, 2, '32'),
	(60, 3, '8'),
	(61, 1, '6.1'),
	(61, 2, '256'),
	(61, 3, '12'),
	(62, 1, '5.45'),
	(62, 2, '32'),
	(62, 3, '8'),
	(63, 1, '6.1'),
	(63, 2, '256'),
	(63, 3, '12'),
	(64, 1, '5.45'),
	(64, 2, '32'),
	(64, 3, '8'),
	(65, 1, '5.45'),
	(65, 2, '32'),
	(65, 3, '8'),
	(66, 1, '6.3'),
	(66, 2, '64'),
	(66, 3, '13'),
	(67, 1, '6.4'),
	(67, 2, '64'),
	(67, 3, '48'),
	(68, 1, '6.4'),
	(68, 2, '128'),
	(68, 3, '48'),
	(69, 1, '6.7'),
	(69, 2, '128'),
	(69, 3, '64'),
	(70, 1, '6.4'),
	(70, 2, '128'),
	(70, 3, '48'),
	(71, 1, '6.4'),
	(71, 2, '64'),
	(71, 3, '48'),
	(72, 1, '6.7'),
	(72, 2, '128'),
	(72, 3, '64'),
	(73, 1, '6.5'),
	(73, 2, '64'),
	(73, 3, '48'),
	(74, 1, '6.4'),
	(74, 2, '64'),
	(74, 3, '48'),
	(75, 1, '6.7'),
	(75, 2, '128'),
	(75, 3, '64'),
	(76, 1, '6.5'),
	(76, 2, '128'),
	(76, 3, '48'),
	(77, 1, '6.5'),
	(77, 2, '64'),
	(77, 3, '48'),
	(78, 1, '6.4'),
	(78, 2, '128'),
	(78, 3, '48'),
	(79, 1, '6.5'),
	(79, 2, '64'),
	(79, 3, '48'),
	(80, 1, '6.39'),
	(80, 2, '64'),
	(80, 3, '48'),
	(81, 1, '6.1'),
	(81, 2, '128'),
	(81, 3, '12'),
	(82, 1, '6.1'),
	(82, 2, '128'),
	(82, 3, '12'),
	(83, 1, '6.1'),
	(83, 2, '64'),
	(83, 3, '12'),
	(84, 1, '6.1'),
	(84, 2, '128'),
	(84, 3, '12'),
	(85, 1, '6.5'),
	(85, 2, '128'),
	(85, 3, '12'),
	(86, 1, '6.1'),
	(86, 2, '128'),
	(86, 3, '12'),
	(87, 1, '6.1'),
	(87, 2, '128'),
	(87, 3, '12'),
	(88, 1, '6.1'),
	(88, 2, '64'),
	(88, 3, '12'),
	(89, 1, '6.1'),
	(89, 2, '64'),
	(89, 3, '12'),
	(90, 1, '6.67'),
	(90, 2, '128'),
	(90, 3, '108'),
	(91, 1, '6.1'),
	(91, 2, '64'),
	(91, 3, '48'),
	(92, 1, '6.5'),
	(92, 2, '128'),
	(92, 3, '12'),
	(93, 1, '6.1'),
	(93, 2, '64'),
	(93, 3, '12'),
	(94, 1, '6.5'),
	(94, 2, '128'),
	(94, 3, '48'),
	(95, 1, '6.1'),
	(95, 2, '128'),
	(95, 3, '12'),
	(96, 1, '6.4'),
	(96, 2, '64'),
	(96, 3, '64'),
	(97, 1, '6.67'),
	(97, 2, '128'),
	(97, 3, '108'),
	(98, 1, '6.1'),
	(98, 2, '128'),
	(98, 3, '12'),
	(99, 1, '6.7'),
	(99, 2, '256'),
	(99, 3, '12'),
	(100, 1, '4.7'),
	(100, 2, '64'),
	(100, 3, '12'),
	(101, 1, '6.1'),
	(101, 2, '128'),
	(101, 3, '12'),
	(102, 1, '6.4'),
	(102, 2, '64'),
	(102, 3, '64'),
	(103, 1, '6.1'),
	(103, 2, '256'),
	(103, 3, '12'),
	(104, 1, '6.5'),
	(104, 2, '128'),
	(104, 3, '64'),
	(105, 1, '6.1'),
	(105, 2, '64'),
	(105, 3, '12'),
	(106, 1, '6.67'),
	(106, 2, '128'),
	(106, 3, '64'),
	(107, 1, '6.1'),
	(107, 2, '128'),
	(107, 3, '12'),
	(108, 1, '6.1'),
	(108, 2, '128'),
	(108, 3, '12'),
	(109, 1, '6.7'),
	(109, 2, '128'),
	(109, 3, '12'),
	(110, 1, '6.1'),
	(110, 2, '128'),
	(110, 3, '12'),
	(111, 1, '6.5'),
	(111, 2, '128'),
	(111, 3, '12'),
	(112, 1, '6.1'),
	(112, 2, '128'),
	(112, 3, '12'),
	(113, 1, '6.1'),
	(113, 2, '64'),
	(113, 3, '12'),
	(114, 1, '6.5'),
	(114, 2, '256'),
	(114, 3, '64'),
	(115, 1, '6.4'),
	(115, 2, '64'),
	(115, 3, '48'),
	(116, 1, '6.5'),
	(116, 2, '128'),
	(116, 3, '48'),
	(117, 1, '6.1'),
	(117, 2, '64'),
	(117, 3, '12'),
	(118, 1, '6.67'),
	(118, 2, '256'),
	(118, 3, '48'),
	(119, 1, '5.4'),
	(119, 2, '64'),
	(119, 3, '12'),
	(120, 1, '6.1'),
	(120, 2, '256'),
	(120, 3, '12'),
	(121, 1, '6.7'),
	(121, 2, '256'),
	(121, 3, '12'),
	(122, 1, '6.53'),
	(122, 2, '64'),
	(122, 3, '13'),
	(123, 1, '6.53'),
	(123, 2, '64'),
	(123, 3, '48'),
	(124, 1, '6.7'),
	(124, 2, '256'),
	(124, 3, '12'),
	(125, 1, '5.4'),
	(125, 2, '128'),
	(125, 3, '12'),
	(126, 1, '6.1'),
	(126, 2, '128'),
	(126, 3, '12'),
	(127, 1, '6.4'),
	(127, 2, '128'),
	(127, 3, '64'),
	(128, 1, '6.53'),
	(128, 2, '64'),
	(128, 3, '48'),
	(129, 1, '6.7'),
	(129, 2, '128'),
	(129, 3, '12'),
	(130, 1, '6.1'),
	(130, 2, '128'),
	(130, 3, '12'),
	(131, 1, '6.53'),
	(131, 2, '64'),
	(131, 3, '64'),
	(132, 1, '6.1'),
	(132, 2, '256'),
	(132, 3, '12'),
	(133, 1, '6.1'),
	(133, 2, '256'),
	(133, 3, '12'),
	(134, 1, '6.58'),
	(134, 2, '128'),
	(134, 3, '48'),
	(135, 1, '6.67'),
	(135, 2, '128'),
	(135, 3, '48'),
	(136, 1, '6.9'),
	(136, 2, '128'),
	(136, 3, '108'),
	(137, 1, '6.6'),
	(137, 2, '128'),
	(137, 3, '64'),
	(138, 1, '5.4'),
	(138, 2, '128'),
	(138, 3, '12'),
	(139, 1, '6.1'),
	(139, 2, '256'),
	(139, 3, '12'),
	(140, 1, '6.7'),
	(140, 2, '512'),
	(140, 3, '12'),
	(141, 1, '6.1'),
	(141, 2, '128'),
	(141, 3, '12'),
	(142, 1, '6.1'),
	(142, 2, '256'),
	(142, 3, '12'),
	(143, 1, '6.7'),
	(143, 2, '256'),
	(143, 3, '12'),
	(144, 1, '6.1'),
	(144, 2, '64'),
	(144, 3, '12'),
	(145, 1, '6.67'),
	(145, 2, '128'),
	(145, 3, '48'),
	(146, 1, '6.43'),
	(146, 2, '64'),
	(146, 3, '48'),
	(147, 1, '6.7'),
	(147, 2, '128'),
	(147, 3, '64'),
	(148, 1, '6.4'),
	(148, 2, '64'),
	(148, 3, '48'),
	(149, 1, '6.7'),
	(149, 2, '128'),
	(149, 3, '12'),
	(150, 1, '6.5'),
	(150, 2, '64'),
	(150, 3, '48'),
	(151, 1, '6.4'),
	(151, 2, '128'),
	(151, 3, '64'),
	(152, 1, '6.1'),
	(152, 2, '256'),
	(152, 3, '12'),
	(153, 1, '6.58'),
	(153, 2, '128'),
	(153, 3, '48'),
	(154, 1, '6.53'),
	(154, 2, '64'),
	(154, 3, '48'),
	(155, 1, '6.67'),
	(155, 2, '128'),
	(155, 3, '48'),
	(156, 1, '4.7'),
	(156, 2, '64'),
	(156, 3, '12'),
	(157, 1, '6.67'),
	(157, 2, '128'),
	(157, 3, '48'),
	(158, 1, '6.5'),
	(158, 2, '256'),
	(158, 3, '64'),
	(159, 1, '6.7'),
	(159, 2, '128'),
	(159, 3, '64'),
	(160, 1, '6.53'),
	(160, 2, '32'),
	(160, 3, '13'),
	(161, 1, '6.5'),
	(161, 2, '128'),
	(161, 3, '48'),
	(162, 1, '6.4'),
	(162, 2, '128'),
	(162, 3, '64'),
	(163, 1, '6.5'),
	(163, 2, '64'),
	(163, 3, '13'),
	(164, 1, '6.53'),
	(164, 2, '128'),
	(164, 3, '48'),
	(165, 1, '6.52'),
	(165, 2, '32'),
	(165, 3, '13'),
	(166, 1, '6.5'),
	(166, 2, '128'),
	(166, 3, '12'),
	(167, 1, '6.5'),
	(167, 2, '32'),
	(167, 3, '48'),
	(168, 1, '6.53'),
	(168, 2, '128'),
	(168, 3, '64'),
	(169, 1, '6.3'),
	(169, 2, '64'),
	(169, 3, '13'),
	(170, 1, '6.53'),
	(170, 2, '64'),
	(170, 3, '13'),
	(171, 1, '6.5'),
	(171, 2, '64'),
	(171, 3, '48'),
	(172, 1, '6.1'),
	(172, 2, '64'),
	(172, 3, '12'),
	(173, 1, '6.7'),
	(173, 2, '128'),
	(173, 3, '12'),
	(174, 1, '6.67'),
	(174, 2, '128'),
	(174, 3, '64'),
	(175, 1, '6.9'),
	(175, 2, '256'),
	(175, 3, '108'),
	(176, 1, '6.1'),
	(176, 2, '64'),
	(176, 3, '12'),
	(177, 1, '6.67'),
	(177, 2, '256'),
	(177, 3, '108'),
	(178, 1, '6.7'),
	(178, 2, '256'),
	(178, 3, '64'),
	(179, 1, '6.53'),
	(179, 2, '128'),
	(179, 3, '48'),
	(180, 1, '6.53'),
	(180, 2, '64'),
	(180, 3, '13'),
	(181, 1, '6.5'),
	(181, 2, '64'),
	(181, 3, '48'),
	(182, 1, '6.1'),
	(182, 2, '64'),
	(182, 3, '12'),
	(183, 1, '5.4'),
	(183, 2, '64'),
	(183, 3, '12'),
	(184, 1, '5.4'),
	(184, 2, '128'),
	(184, 3, '12'),
	(185, 1, '6.5'),
	(185, 2, '32'),
	(185, 3, '48'),
	(186, 1, '6.5'),
	(186, 2, '32'),
	(186, 3, '13'),
	(187, 1, '6.4'),
	(187, 2, '128'),
	(187, 3, '64'),
	(188, 1, '6.5'),
	(188, 2, '64'),
	(188, 3, '13'),
	(189, 1, '6.7'),
	(189, 2, '128'),
	(189, 3, '64'),
	(190, 1, '5.45'),
	(190, 2, '32'),
	(190, 3, '8'),
	(191, 1, '6.3'),
	(191, 2, '128'),
	(191, 3, '48'),
	(192, 1, '6.67'),
	(192, 2, '256'),
	(192, 3, '48'),
	(193, 1, '6.53'),
	(193, 2, '32'),
	(193, 3, '13'),
	(194, 1, '6.53'),
	(194, 2, '32'),
	(194, 3, '13'),
	(195, 1, '6.1'),
	(195, 2, '64'),
	(195, 3, '12'),
	(196, 1, '4.7'),
	(196, 2, '64'),
	(196, 3, '12'),
	(197, 1, '6.5'),
	(197, 2, '128'),
	(197, 3, '64'),
	(198, 1, '6.1'),
	(198, 2, '64'),
	(198, 3, '48'),
	(199, 1, '6.09'),
	(199, 2, '64'),
	(199, 3, '13'),
	(200, 1, '6.1'),
	(200, 2, '64'),
	(200, 3, '12'),
	(201, 1, '6.67'),
	(201, 2, '256'),
	(201, 3, '108'),
	(202, 1, '6.5'),
	(202, 2, '32'),
	(202, 3, '48'),
	(203, 1, '6.5'),
	(203, 2, '64'),
	(203, 3, '48'),
	(204, 1, '6.53'),
	(204, 2, '64'),
	(204, 3, '13'),
	(205, 1, '5'),
	(205, 2, '32'),
	(205, 3, '8'),
	(206, 1, '6.9'),
	(206, 2, '128'),
	(206, 3, '108'),
	(207, 1, '6.53'),
	(207, 2, '64'),
	(207, 3, '13'),
	(208, 1, '6.3'),
	(208, 2, '128'),
	(208, 3, '48'),
	(209, 1, '6.5'),
	(209, 2, '128'),
	(209, 3, '12'),
	(210, 1, '6.7'),
	(210, 2, '128'),
	(210, 3, '12'),
	(211, 1, '6.5'),
	(211, 2, '64'),
	(211, 3, '48'),
	(212, 1, '6.53'),
	(212, 2, '128'),
	(212, 3, '48'),
	(213, 1, '6.67'),
	(213, 2, '128'),
	(213, 3, '48'),
	(214, 1, '5.3'),
	(214, 2, '16'),
	(214, 3, '8'),
	(215, 1, '6.53'),
	(215, 2, '64'),
	(215, 3, '13'),
	(216, 1, '6.1'),
	(216, 2, '256'),
	(216, 3, '12'),
	(217, 1, '6.7'),
	(217, 2, '256'),
	(217, 3, '12'),
	(218, 1, '6.6'),
	(218, 2, '128'),
	(218, 3, '64'),
	(219, 1, '6.7'),
	(219, 2, '128'),
	(219, 3, '64'),
	(220, 1, '6.5'),
	(220, 2, '256'),
	(220, 3, '12'),
	(221, 1, '6.1'),
	(221, 2, '128'),
	(221, 3, '12'),
	(222, 1, '5.4'),
	(222, 2, '128'),
	(222, 3, '12'),
	(223, 1, '6.1'),
	(223, 2, '512'),
	(223, 3, '12'),
	(224, 1, '6.7'),
	(224, 2, '512'),
	(224, 3, '12'),
	(225, 1, '4.7'),
	(225, 2, '128'),
	(225, 3, '12'),
	(226, 1, '6.67'),
	(226, 2, '128'),
	(226, 3, '64'),
	(227, 1, '6.7'),
	(227, 2, '256'),
	(227, 3, '64'),
	(228, 1, '6.67'),
	(228, 2, '256'),
	(228, 3, '48'),
	(229, 1, ''),
	(229, 2, '765'),
	(229, 3, ' 8'),
	(230, 1, '6.2'),
	(230, 2, '128'),
	(230, 3, '64'),
	(231, 1, '6.5'),
	(231, 2, '64'),
	(231, 3, '48'),
	(232, 1, '6.53'),
	(232, 2, '128'),
	(232, 3, '48'),
	(233, 1, '6.53'),
	(233, 2, '32'),
	(233, 3, '13'),
	(234, 1, '6.7'),
	(234, 2, '256'),
	(234, 3, '64'),
	(235, 1, '6.53'),
	(235, 2, '32'),
	(235, 3, '13'),
	(236, 1, '7.6'),
	(236, 2, '256'),
	(236, 3, '12'),
	(237, 1, '6.5'),
	(237, 2, '128'),
	(237, 3, '48'),
	(238, 1, '6.5'),
	(238, 2, '64'),
	(238, 3, '13'),
	(239, 1, '6.1'),
	(239, 2, '64'),
	(239, 3, '12'),
	(240, 1, '6.5'),
	(240, 2, '32'),
	(240, 3, '13'),
	(241, 1, '6.4'),
	(241, 2, '64'),
	(241, 3, '64'),
	(242, 1, '5.7'),
	(242, 2, '64'),
	(242, 3, '13'),
	(243, 1, '6.53'),
	(243, 2, '64'),
	(243, 3, '48'),
	(244, 1, '6.3'),
	(244, 2, '128'),
	(244, 3, '48'),
	(245, 1, '5.5'),
	(245, 2, '8'),
	(245, 3, '8'),
	(246, 1, '6.53'),
	(246, 2, '64'),
	(246, 3, '64'),
	(247, 1, '5'),
	(247, 2, '8'),
	(247, 3, '5'),
	(248, 1, '6.49'),
	(248, 2, '128'),
	(248, 3, '16'),
	(249, 1, '6.53'),
	(249, 2, '128'),
	(249, 3, '40'),
	(250, 1, '6.57'),
	(250, 2, '256'),
	(250, 3, '50'),
	(251, 1, '6.5'),
	(251, 2, '32'),
	(251, 3, '48'),
	(252, 1, '6.53'),
	(252, 2, '32'),
	(252, 3, '13'),
	(253, 1, '6.53'),
	(253, 2, '32'),
	(253, 3, '13'),
	(254, 1, '6.9'),
	(254, 2, '256'),
	(254, 3, '108'),
	(255, 1, '6.52'),
	(255, 2, '32'),
	(255, 3, '13'),
	(256, 1, '6.1'),
	(256, 2, '128'),
	(256, 3, '12'),
	(257, 1, '6.1'),
	(257, 2, '128'),
	(257, 3, '12'),
	(258, 1, '6.1'),
	(258, 2, '64'),
	(258, 3, '12'),
	(259, 1, '6.5'),
	(259, 2, '32'),
	(259, 3, '13'),
	(260, 1, '6.4'),
	(260, 2, '128'),
	(260, 3, '12'),
	(261, 1, '6.4'),
	(261, 2, '128'),
	(261, 3, '12'),
	(262, 1, '6.49'),
	(262, 2, '128'),
	(262, 3, '16'),
	(263, 1, '6.15'),
	(263, 2, '128'),
	(263, 3, '48'),
	(264, 1, '6.39'),
	(264, 2, '64'),
	(264, 3, '48'),
	(265, 1, '5'),
	(265, 2, '16'),
	(265, 3, '5'),
	(266, 1, '6.5'),
	(266, 2, '64'),
	(266, 3, '48'),
	(267, 1, '5.45'),
	(267, 2, '32'),
	(267, 3, '8'),
	(268, 1, '5.3'),
	(268, 2, '16'),
	(268, 3, '8'),
	(269, 1, '6.53'),
	(269, 2, '32'),
	(269, 3, '13'),
	(270, 1, '6.5'),
	(270, 2, '64'),
	(270, 3, '13'),
	(271, 1, '6.1'),
	(271, 2, '64'),
	(271, 3, '12'),
	(272, 1, '6.1'),
	(272, 2, '256'),
	(272, 3, '12'),
	(273, 1, '6.1'),
	(273, 2, '512'),
	(273, 3, '12'),
	(274, 1, '6.7'),
	(274, 2, '512'),
	(274, 3, '12'),
	(275, 1, '6'),
	(275, 2, '32'),
	(275, 3, '5'),
	(276, 1, '6.5'),
	(276, 2, '32'),
	(276, 3, '13'),
	(277, 1, '6.5'),
	(277, 2, '128'),
	(277, 3, '12'),
	(278, 1, '6.7'),
	(278, 2, '512'),
	(278, 3, '12'),
	(279, 1, '5'),
	(279, 2, '8'),
	(279, 3, '5'),
	(280, 1, '5'),
	(280, 2, '32'),
	(280, 3, '8'),
	(281, 1, '5'),
	(281, 2, '8'),
	(281, 3, '5'),
	(282, 1, '5.45'),
	(282, 2, '32'),
	(282, 3, '13'),
	(283, 1, '6.4'),
	(283, 2, '128'),
	(283, 3, '48'),
	(284, 1, '6.5'),
	(284, 2, '32'),
	(284, 3, '48'),
	(285, 1, '6.53'),
	(285, 2, '128'),
	(285, 3, '48'),
	(286, 1, '6.09'),
	(286, 2, '32'),
	(286, 3, '8'),
	(287, 1, '6.53'),
	(287, 2, '32'),
	(287, 3, '13'),
	(288, 1, '7.6'),
	(288, 2, '256'),
	(288, 3, '12'),
	(289, 1, '6.39'),
	(289, 2, '64'),
	(289, 3, '13'),
	(290, 1, '5.4'),
	(290, 2, '256'),
	(290, 3, '12'),
	(291, 1, '6.39'),
	(291, 2, '128'),
	(291, 3, '48'),
	(292, 1, '5.3'),
	(292, 2, '16'),
	(292, 3, '8'),
	(293, 1, '5.45'),
	(293, 2, '16'),
	(293, 3, '5'),
	(294, 1, '6.21'),
	(294, 2, '128'),
	(294, 3, '24'),
	(295, 1, '6.1'),
	(295, 2, '32'),
	(295, 3, '13'),
	(296, 1, '6.49'),
	(296, 2, '128'),
	(296, 3, '16'),
	(297, 1, '6.39'),
	(297, 2, '64'),
	(297, 3, '48'),
	(298, 1, '6.5'),
	(298, 2, '64'),
	(298, 3, '12'),
	(299, 1, '6.53'),
	(299, 2, '128'),
	(299, 3, '48'),
	(300, 1, '6.7'),
	(300, 2, '256'),
	(300, 3, '64'),
	(301, 1, '6.95'),
	(301, 2, '32'),
	(301, 3, '13'),
	(302, 1, '6.51'),
	(302, 2, '64'),
	(302, 3, '13'),
	(303, 1, '6.51'),
	(303, 2, '64'),
	(303, 3, '13'),
	(304, 1, '6.1'),
	(304, 2, '256'),
	(304, 3, '12'),
	(305, 1, '5.4'),
	(305, 2, '64'),
	(305, 3, '12'),
	(306, 1, '6.1'),
	(306, 2, '512'),
	(306, 3, '12'),
	(307, 1, '6.5'),
	(307, 2, '64'),
	(307, 3, '16'),
	(308, 1, '6.52'),
	(308, 2, '64'),
	(308, 3, '13'),
	(309, 1, '6.5'),
	(309, 2, '32'),
	(309, 3, '13'),
	(310, 1, '6.5'),
	(310, 2, '32'),
	(310, 3, '13'),
	(311, 1, '6.1'),
	(311, 2, '256'),
	(311, 3, '12'),
	(312, 1, '5.4'),
	(312, 2, '64'),
	(312, 3, '12'),
	(313, 1, '5'),
	(313, 2, '8'),
	(313, 3, '5'),
	(314, 1, '6.35'),
	(314, 2, '32'),
	(314, 3, '13'),
	(315, 1, '6.95'),
	(315, 2, '32'),
	(315, 3, '13'),
	(316, 1, '5.4'),
	(316, 2, '128'),
	(316, 3, '12'),
	(317, 1, '5.8'),
	(317, 2, '256'),
	(317, 3, '12'),
	(318, 1, '5.45'),
	(318, 2, '32'),
	(318, 3, '13'),
	(319, 1, '6.39'),
	(319, 2, '64'),
	(319, 3, '48'),
	(320, 1, '5'),
	(320, 2, '16'),
	(320, 3, '5'),
	(321, 1, '6.53'),
	(321, 2, '64'),
	(321, 3, '48'),
	(322, 1, '5.45'),
	(322, 2, '32'),
	(322, 3, '13'),
	(323, 1, '5.45'),
	(323, 2, '32'),
	(323, 3, '13'),
	(324, 1, '6.4'),
	(324, 2, '128'),
	(324, 3, '12'),
	(325, 1, '6.57'),
	(325, 2, '256'),
	(325, 3, '50'),
	(326, 1, '5.7'),
	(326, 2, '32'),
	(326, 3, '13'),
	(327, 1, '6.09'),
	(327, 2, '32'),
	(327, 3, '8'),
	(328, 1, '6.95'),
	(328, 2, '32'),
	(328, 3, '13'),
	(329, 1, '6.95'),
	(329, 2, '32'),
	(329, 3, '13'),
	(330, 1, '6.95'),
	(330, 2, '32'),
	(330, 3, '13'),
	(331, 1, '6.39'),
	(331, 2, '64'),
	(331, 3, '13'),
	(332, 1, '6.81'),
	(332, 2, '128'),
	(332, 3, '64'),
	(333, 1, '6.22'),
	(333, 2, '32'),
	(333, 3, '13'),
	(334, 1, '5.4'),
	(334, 2, '256'),
	(334, 3, '12'),
	(335, 1, '5.4'),
	(335, 2, '256'),
	(335, 3, '12'),
	(336, 1, '5.4'),
	(336, 2, '256'),
	(336, 3, '12'),
	(337, 1, '6'),
	(337, 2, '32'),
	(337, 3, '5'),
	(338, 1, '5.5'),
	(338, 2, '32'),
	(338, 3, '13'),
	(339, 1, '6.1'),
	(339, 2, '128'),
	(339, 3, '12'),
	(340, 1, '6.1'),
	(340, 2, '128'),
	(340, 3, '12'),
	(341, 1, '4.7'),
	(341, 2, '128'),
	(341, 3, '12'),
	(342, 1, '6.39'),
	(342, 2, '128'),
	(342, 3, '48'),
	(343, 1, '6.53'),
	(343, 2, '128'),
	(343, 3, '48'),
	(344, 1, '6.5'),
	(344, 2, '256'),
	(344, 3, '64'),
	(345, 1, '6.1'),
	(345, 2, '256'),
	(345, 3, '12'),
	(346, 1, '6.59'),
	(346, 2, '128'),
	(346, 3, '48'),
	(347, 1, '6.2'),
	(347, 2, '128'),
	(347, 3, '64'),
	(348, 1, '6.5'),
	(348, 2, '32'),
	(348, 3, '48'),
	(349, 1, '5'),
	(349, 2, '8'),
	(349, 3, '5'),
	(350, 1, '5.7'),
	(350, 2, '32'),
	(350, 3, '8'),
	(351, 1, '6.4'),
	(351, 2, '128'),
	(351, 3, '12'),
	(352, 1, '6.1'),
	(352, 2, '128'),
	(352, 3, '12'),
	(353, 1, '6.1'),
	(353, 2, '128'),
	(353, 3, '12'),
	(354, 1, '6.3'),
	(354, 2, '64'),
	(354, 3, '48'),
	(355, 1, '5.5'),
	(355, 2, '8'),
	(355, 3, '8'),
	(356, 1, '6.7'),
	(356, 2, '128'),
	(356, 3, '12'),
	(357, 1, '6.4'),
	(357, 2, '128'),
	(357, 3, '48'),
	(358, 1, '5.5'),
	(358, 2, '32'),
	(358, 3, '13'),
	(359, 1, '6.1'),
	(359, 2, '16'),
	(359, 3, '8'),
	(360, 1, '4.7'),
	(360, 2, '128'),
	(360, 3, '12'),
	(361, 1, '5'),
	(361, 2, '16'),
	(361, 3, '5'),
	(362, 1, '6.53'),
	(362, 2, '128'),
	(362, 3, '40'),
	(363, 1, '6.53'),
	(363, 2, '256'),
	(363, 3, '40'),
	(364, 1, '6.5'),
	(364, 2, '128'),
	(364, 3, '64'),
	(365, 1, '6.53'),
	(365, 2, '64'),
	(365, 3, '48'),
	(366, 1, '6.53'),
	(366, 2, '128'),
	(366, 3, '48'),
	(367, 1, '6.5'),
	(367, 2, '128'),
	(367, 3, '48'),
	(368, 1, '6.5'),
	(368, 2, '256'),
	(368, 3, '12'),
	(369, 1, '5.4'),
	(369, 2, '64'),
	(369, 3, '12'),
	(370, 1, '5.4'),
	(370, 2, '256'),
	(370, 3, '12'),
	(371, 1, '6.5'),
	(371, 2, '64'),
	(371, 3, '16'),
	(372, 1, '4.7'),
	(372, 2, '128'),
	(372, 3, '12'),
	(373, 1, '4.7'),
	(373, 2, '256'),
	(373, 3, '12'),
	(374, 1, '6.67'),
	(374, 2, '128'),
	(374, 3, '64'),
	(375, 1, '5.9'),
	(375, 2, '128'),
	(375, 3, '21'),
	(376, 1, '6.3'),
	(376, 2, '128'),
	(376, 3, '21'),
	(377, 1, '5.45'),
	(377, 2, '16'),
	(377, 3, '5'),
	(378, 1, '6.52'),
	(378, 2, '64'),
	(378, 3, '13'),
	(379, 1, '5.5'),
	(379, 2, '32'),
	(379, 3, '8'),
	(380, 1, '6.5'),
	(380, 2, '64'),
	(380, 3, '48'),
	(381, 1, '5.84'),
	(381, 2, '128'),
	(381, 3, '48'),
	(382, 1, '5.7'),
	(382, 2, '32'),
	(382, 3, '13'),
	(383, 1, '6.1'),
	(383, 2, '32'),
	(383, 3, '13'),
	(384, 1, '6.53'),
	(384, 2, '64'),
	(384, 3, '48'),
	(385, 1, '6.5'),
	(385, 2, '256'),
	(385, 3, '12'),
	(386, 1, '6.1'),
	(386, 2, '512'),
	(386, 3, '12'),
	(387, 1, '6.95'),
	(387, 2, '32'),
	(387, 3, '13'),
	(388, 1, '6.1'),
	(388, 2, '256'),
	(388, 3, '12'),
	(389, 1, '5.45'),
	(389, 2, '32'),
	(389, 3, '13'),
	(390, 1, '6.2'),
	(390, 2, '128'),
	(390, 3, '64'),
	(391, 1, '6.09'),
	(391, 2, '64'),
	(391, 3, '13'),
	(392, 1, '5.5'),
	(392, 2, '32'),
	(392, 3, '8'),
	(393, 1, '4.7'),
	(393, 2, '256'),
	(393, 3, '12'),
	(394, 1, '4.7'),
	(394, 2, '64'),
	(394, 3, '12'),
	(395, 1, '4.7'),
	(395, 2, '128'),
	(395, 3, '12'),
	(396, 1, '6.55'),
	(396, 2, '64'),
	(396, 3, '13'),
	(397, 1, '6.55'),
	(397, 2, '64'),
	(397, 3, '13'),
	(398, 1, '6.53'),
	(398, 2, '256'),
	(398, 3, '40'),
	(399, 1, '6.3'),
	(399, 2, '128'),
	(399, 3, '48'),
	(400, 1, '5.84'),
	(400, 2, '128'),
	(400, 3, '48'),
	(401, 1, '5.5'),
	(401, 2, '16'),
	(401, 3, '5'),
	(402, 1, '6.95'),
	(402, 2, '32'),
	(402, 3, '13'),
	(403, 1, '6.5'),
	(403, 2, '128'),
	(403, 3, '48'),
	(404, 1, '6.53'),
	(404, 2, '64'),
	(404, 3, '48'),
	(405, 1, '6.5'),
	(405, 2, '64'),
	(405, 3, '13'),
	(406, 1, '6.22'),
	(406, 2, '32'),
	(406, 3, '13'),
	(407, 1, '5'),
	(407, 2, '8'),
	(407, 3, '5'),
	(408, 1, '6.3'),
	(408, 2, '128'),
	(408, 3, '16'),
	(409, 1, '5.5'),
	(409, 2, '64'),
	(409, 3, '13'),
	(410, 1, '5.5'),
	(410, 2, '32'),
	(410, 3, '8'),
	(411, 1, '6.09'),
	(411, 2, '32'),
	(411, 3, '16'),
	(412, 1, '5.45'),
	(412, 2, '32'),
	(412, 3, '8'),
	(413, 1, '6.65'),
	(413, 2, '128'),
	(413, 3, '64'),
	(414, 1, '6.1'),
	(414, 2, '256'),
	(414, 3, '12'),
	(415, 1, '5.7'),
	(415, 2, '32'),
	(415, 3, '13'),
	(416, 1, '6.1'),
	(416, 2, '64'),
	(416, 3, '12'),
	(417, 1, '6.1'),
	(417, 2, '128'),
	(417, 3, '12'),
	(418, 1, '6.1'),
	(418, 2, '32'),
	(418, 3, '13'),
	(419, 1, '6.35'),
	(419, 2, '64'),
	(419, 3, '13'),
	(420, 1, '5'),
	(420, 2, '8'),
	(420, 3, '8'),
	(421, 1, '6.3'),
	(421, 2, '64'),
	(421, 3, '13'),
	(422, 1, '5.71'),
	(422, 2, '16'),
	(422, 3, '8'),
	(423, 1, '5.84'),
	(423, 2, '256'),
	(423, 3, '48'),
	(424, 1, '6.7'),
	(424, 2, '256'),
	(424, 3, '64'),
	(425, 1, '6.9'),
	(425, 2, '512'),
	(425, 3, '108'),
	(426, 1, '5.9'),
	(426, 2, '128'),
	(426, 3, '21'),
	(427, 1, '6.1'),
	(427, 2, '16'),
	(427, 3, '8'),
	(428, 1, '5.7'),
	(428, 2, '32'),
	(428, 3, '8'),
	(429, 1, '5.5'),
	(429, 2, '16'),
	(429, 3, '13'),
	(430, 1, '5'),
	(430, 2, '8'),
	(430, 3, '5'),
	(431, 1, '5.94'),
	(431, 2, '16'),
	(431, 3, '13'),
	(432, 1, '5.94'),
	(432, 2, '16'),
	(432, 3, '13'),
	(433, 1, '6.35'),
	(433, 2, '64'),
	(433, 3, '13'),
	(434, 1, '6.65'),
	(434, 2, '128'),
	(434, 3, '48'),
	(435, 1, '6.15'),
	(435, 2, '128'),
	(435, 3, '48'),
	(436, 1, '6.2'),
	(436, 2, '64'),
	(436, 3, '16'),
	(437, 1, '6.1'),
	(437, 2, '32'),
	(437, 3, '8'),
	(438, 1, '4.7'),
	(438, 2, '64'),
	(438, 3, '12'),
	(439, 1, '4.7'),
	(439, 2, '64'),
	(439, 3, '12'),
	(440, 1, '4.7'),
	(440, 2, '128'),
	(440, 3, '12'),
	(441, 1, '4.7'),
	(441, 2, '256'),
	(441, 3, '12'),
	(442, 1, '4.7'),
	(442, 2, '256'),
	(442, 3, '12'),
	(443, 1, '6.55'),
	(443, 2, '64'),
	(443, 3, '13'),
	(444, 1, '6.65'),
	(444, 2, '128'),
	(444, 3, '64'),
	(445, 1, '6.65'),
	(445, 2, '128'),
	(445, 3, '64'),
	(446, 1, '6.6'),
	(446, 2, '32'),
	(446, 3, '13'),
	(447, 1, '6.6'),
	(447, 2, '32'),
	(447, 3, '13'),
	(448, 1, '6.6'),
	(448, 2, '32'),
	(448, 3, '13'),
	(449, 1, '6.55'),
	(449, 2, '64'),
	(449, 3, '13'),
	(450, 1, '6.5'),
	(450, 2, '64'),
	(450, 3, '12'),
	(451, 1, '6.1'),
	(451, 2, '256'),
	(451, 3, '12'),
	(452, 1, '4.7'),
	(452, 2, '256'),
	(452, 3, '12'),
	(453, 1, '6.3'),
	(453, 2, '128'),
	(453, 3, '16'),
	(454, 1, '6.3'),
	(454, 2, '128'),
	(454, 3, '16'),
	(455, 1, '5.5'),
	(455, 2, '32'),
	(455, 3, '8'),
	(456, 1, '5.5'),
	(456, 2, '32'),
	(456, 3, '8'),
	(457, 1, '6.3'),
	(457, 2, '128'),
	(457, 3, '21'),
	(458, 1, '6.52'),
	(458, 2, '16'),
	(458, 3, '13'),
	(459, 1, '6.52'),
	(459, 2, '16'),
	(459, 3, '13'),
	(460, 1, '6.52'),
	(460, 2, '16'),
	(460, 3, '13'),
	(461, 1, '6.1'),
	(461, 2, '64'),
	(461, 3, '12'),
	(462, 1, '6.1'),
	(462, 2, '128'),
	(462, 3, '12'),
	(463, 1, '5.4'),
	(463, 2, '64'),
	(463, 3, '12'),
	(464, 1, '5.4'),
	(464, 2, '128'),
	(464, 3, '12'),
	(465, 1, '5.4'),
	(465, 2, '256'),
	(465, 3, '12'),
	(466, 1, ''),
	(466, 2, '64'),
	(466, 3, '8'),
	(467, 1, ''),
	(467, 2, '64'),
	(467, 3, '8'),
	(468, 1, '5.45'),
	(468, 2, '32'),
	(468, 3, '8'),
	(469, 1, '6.47'),
	(469, 2, '128'),
	(469, 3, '64'),
	(470, 1, '6.5'),
	(470, 2, '128'),
	(470, 3, '48'),
	(471, 1, '6.26'),
	(471, 2, '256'),
	(471, 3, '48'),
	(472, 1, '6.26'),
	(472, 2, '128'),
	(472, 3, '48'),
	(473, 1, '6.59'),
	(473, 2, '128'),
	(473, 3, '48'),
	(474, 1, '6.7'),
	(474, 2, '128'),
	(474, 3, '64'),
	(475, 1, '6.21'),
	(475, 2, '128'),
	(475, 3, '24'),
	(476, 1, '6.21'),
	(476, 2, '64'),
	(476, 3, '13'),
	(477, 1, '5.5'),
	(477, 2, '64'),
	(477, 3, '12'),
	(478, 1, '5.15'),
	(478, 2, '128'),
	(478, 3, '12'),
	(479, 1, '6.7'),
	(479, 2, '128'),
	(479, 3, '64'),
	(480, 1, '6.7'),
	(480, 2, '128'),
	(480, 3, '64'),
	(481, 1, '6.43'),
	(481, 2, '64'),
	(481, 3, '48'),
	(482, 1, '6.4'),
	(482, 2, '128'),
	(482, 3, '64'),
	(483, 1, '6.5'),
	(483, 2, '128'),
	(483, 3, '64'),
	(484, 1, '6.4'),
	(484, 2, '128'),
	(484, 3, '64'),
	(485, 1, '6.43'),
	(485, 2, '64'),
	(485, 3, '48'),
	(486, 1, '6.5'),
	(486, 2, '64'),
	(486, 3, '12'),
	(487, 1, '6.4'),
	(487, 2, '128'),
	(487, 3, '64'),
	(488, 1, '6.5'),
	(488, 2, '128'),
	(488, 3, '64'),
	(489, 1, '6.4'),
	(489, 2, '64'),
	(489, 3, '48'),
	(490, 1, '6.1'),
	(490, 2, '64'),
	(490, 3, '48'),
	(491, 1, '6.53'),
	(491, 2, '64'),
	(491, 3, '64'),
	(492, 1, '6.4'),
	(492, 2, '128'),
	(492, 3, '12'),
	(493, 1, '6.67'),
	(493, 2, '128'),
	(493, 3, '64'),
	(494, 1, '4'),
	(494, 2, '4'),
	(494, 3, '2'),
	(495, 1, '6.1'),
	(495, 2, '128'),
	(495, 3, '12'),
	(496, 1, '5.45'),
	(496, 2, '16'),
	(496, 3, '8'),
	(497, 1, '6.5'),
	(497, 2, '256'),
	(497, 3, '12'),
	(498, 1, '6.53'),
	(498, 2, '128'),
	(498, 3, '64'),
	(499, 1, '6.5'),
	(499, 2, '64'),
	(499, 3, '12'),
	(500, 1, '5.45'),
	(500, 2, '32'),
	(500, 3, '13'),
	(501, 1, '5.45'),
	(501, 2, '16'),
	(501, 3, '8'),
	(502, 1, '5'),
	(502, 2, '8'),
	(502, 3, '5'),
	(503, 1, '5.8'),
	(503, 2, '256'),
	(503, 3, '12'),
	(504, 1, '5.7'),
	(504, 2, '64'),
	(504, 3, '13'),
	(505, 1, '6.57'),
	(505, 2, '256'),
	(505, 3, '50'),
	(506, 1, '5.8'),
	(506, 2, '64'),
	(506, 3, '12'),
	(507, 1, '6.5'),
	(507, 2, '32'),
	(507, 3, '13'),
	(508, 1, '6.5'),
	(508, 2, '32'),
	(508, 3, '13'),
	(509, 1, '6.53'),
	(509, 2, '64'),
	(509, 3, '64'),
	(510, 1, '6.3'),
	(510, 2, '128'),
	(510, 3, '48'),
	(511, 1, '6.5'),
	(511, 2, '32'),
	(511, 3, '8'),
	(512, 1, '6.1'),
	(512, 2, '64'),
	(512, 3, '12'),
	(513, 1, '4'),
	(513, 2, '8'),
	(513, 3, '2'),
	(514, 1, '6.21'),
	(514, 2, '64'),
	(514, 3, '13'),
	(515, 1, '5.8'),
	(515, 2, '64'),
	(515, 3, '12'),
	(516, 1, '5.8'),
	(516, 2, '64'),
	(516, 3, '12'),
	(517, 1, '5.5'),
	(517, 2, '128'),
	(517, 3, '12'),
	(518, 1, '4.5'),
	(518, 2, '8'),
	(518, 3, '2'),
	(519, 1, '6.09'),
	(519, 2, '64'),
	(519, 3, '16'),
	(520, 1, '6.7'),
	(520, 2, '128'),
	(520, 3, '48'),
	(521, 1, '5'),
	(521, 2, '8'),
	(521, 3, '8'),
	(522, 1, '6.4'),
	(522, 2, '32'),
	(522, 3, '13'),
	(523, 1, '6.5'),
	(523, 2, '128'),
	(523, 3, '64'),
	(524, 1, '6.4'),
	(524, 2, '32'),
	(524, 3, '13'),
	(525, 1, '6.6'),
	(525, 2, '64'),
	(525, 3, '48'),
	(526, 1, '6.6'),
	(526, 2, '64'),
	(526, 3, '48'),
	(527, 1, '6.9'),
	(527, 2, '128'),
	(527, 3, '108'),
	(528, 1, '5.7'),
	(528, 2, '32'),
	(528, 3, '13'),
	(529, 1, '6.8'),
	(529, 2, '128'),
	(529, 3, '64'),
	(530, 1, '6.4'),
	(530, 2, '32'),
	(530, 3, '13'),
	(531, 1, '6.5'),
	(531, 2, '64'),
	(531, 3, '13'),
	(532, 1, '6.52'),
	(532, 2, '32'),
	(532, 3, '13'),
	(533, 1, '5.71'),
	(533, 2, '64'),
	(533, 3, '16'),
	(534, 1, '4.7'),
	(534, 2, '32'),
	(534, 3, '12'),
	(535, 1, '6.1'),
	(535, 2, '64'),
	(535, 3, '12'),
	(536, 1, '4'),
	(536, 2, '4'),
	(536, 3, '2'),
	(537, 1, '6.53'),
	(537, 2, '128'),
	(537, 3, '64'),
	(538, 1, '6.09'),
	(538, 2, '32'),
	(538, 3, '16'),
	(539, 1, '5'),
	(539, 2, '8'),
	(539, 3, '8'),
	(540, 1, '6.4'),
	(540, 2, '32'),
	(540, 3, '13'),
	(541, 1, '6.4'),
	(541, 2, '32'),
	(541, 3, '13'),
	(542, 1, '5.5'),
	(542, 2, '128'),
	(542, 3, '12'),
	(543, 1, '5.5'),
	(543, 2, '64'),
	(543, 3, '12'),
	(544, 1, '5'),
	(544, 2, '8'),
	(544, 3, '5'),
	(545, 1, '5'),
	(545, 2, '8'),
	(545, 3, '8'),
	(546, 1, '5'),
	(546, 2, '16'),
	(546, 3, '8'),
	(547, 1, '4.95'),
	(547, 2, '8'),
	(547, 3, '5'),
	(548, 1, '5.5'),
	(548, 2, '32'),
	(548, 3, '13'),
	(549, 1, '5'),
	(549, 2, '8'),
	(549, 3, '5'),
	(550, 1, '5.8'),
	(550, 2, '256'),
	(550, 3, '12'),
	(551, 1, '4'),
	(551, 2, '4'),
	(551, 3, '2'),
	(552, 1, '5'),
	(552, 2, '8'),
	(552, 3, '5'),
	(553, 1, '6.21'),
	(553, 2, '128'),
	(553, 3, '24'),
	(554, 1, '5.7'),
	(554, 2, '32'),
	(554, 3, '13'),
	(555, 1, '3.5'),
	(555, 2, '0.5'),
	(555, 3, '0'),
	(556, 1, '5'),
	(556, 2, '8'),
	(556, 3, '8'),
	(557, 1, '6.1'),
	(557, 2, '16'),
	(557, 3, '13'),
	(558, 1, '5.5'),
	(558, 2, '16'),
	(558, 3, '13'),
	(559, 1, '6.4'),
	(559, 2, '32'),
	(559, 3, '25'),
	(560, 1, '6.1'),
	(560, 2, '64'),
	(560, 3, '12'),
	(561, 1, '5.8'),
	(561, 2, '256'),
	(561, 3, '12'),
	(562, 1, '5.8'),
	(562, 2, '64'),
	(562, 3, '12'),
	(563, 1, '5.8'),
	(563, 2, '256'),
	(563, 3, '12'),
	(564, 1, '6.5'),
	(564, 2, '256'),
	(564, 3, '12'),
	(565, 1, '6.5'),
	(565, 2, '256'),
	(565, 3, '12'),
	(566, 1, '4.7'),
	(566, 2, '128'),
	(566, 3, '12'),
	(567, 1, '5.5'),
	(567, 2, '128'),
	(567, 3, '12'),
	(568, 1, '6.5'),
	(568, 2, '32'),
	(568, 3, '13'),
	(569, 1, '5.5'),
	(569, 2, '16'),
	(569, 3, '5'),
	(570, 1, '5.45'),
	(570, 2, '32'),
	(570, 3, '13'),
	(571, 1, '6.1'),
	(571, 2, '16'),
	(571, 3, '8'),
	(572, 1, '5.45'),
	(572, 2, '8'),
	(572, 3, '5'),
	(573, 1, '6.35'),
	(573, 2, '64'),
	(573, 3, '13'),
	(574, 1, '6.2'),
	(574, 2, '32'),
	(574, 3, '13'),
	(575, 1, '6.22'),
	(575, 2, '64'),
	(575, 3, '12'),
	(576, 1, '6.2'),
	(576, 2, '32'),
	(576, 3, '13'),
	(577, 1, '5.45'),
	(577, 2, '16'),
	(577, 3, '8'),
	(578, 1, '6.57'),
	(578, 2, '256'),
	(578, 3, '40'),
	(579, 1, '6.5'),
	(579, 2, '128'),
	(579, 3, '64'),
	(580, 1, '6.5'),
	(580, 2, '128'),
	(580, 3, '64'),
	(581, 1, '6.58'),
	(581, 2, '256'),
	(581, 3, '50'),
	(582, 1, '6.47'),
	(582, 2, '128'),
	(582, 3, '64'),
	(583, 1, '6.67'),
	(583, 2, '256'),
	(583, 3, '108'),
	(584, 1, '5.71'),
	(584, 2, '64'),
	(584, 3, '13'),
	(585, 1, '6.58'),
	(585, 2, '256'),
	(585, 3, '50'),
	(586, 1, '6.7'),
	(586, 2, '128'),
	(586, 3, '64'),
	(587, 1, '6.65'),
	(587, 2, '128'),
	(587, 3, '64'),
	(588, 1, '6.9'),
	(588, 2, '512'),
	(588, 3, '108'),
	(589, 1, '6.9'),
	(589, 2, '256'),
	(589, 3, '108'),
	(590, 1, '6.6'),
	(590, 2, '64'),
	(590, 3, '48'),
	(591, 1, '6.6'),
	(591, 2, '128'),
	(591, 3, '48'),
	(592, 1, '6.21'),
	(592, 2, '64'),
	(592, 3, '24'),
	(593, 1, '6.5'),
	(593, 2, '256'),
	(593, 3, '12'),
	(594, 1, '6.5'),
	(594, 2, '64'),
	(594, 3, '13'),
	(595, 1, '6.5'),
	(595, 2, '32'),
	(595, 3, '13'),
	(596, 1, '6.5'),
	(596, 2, '128'),
	(596, 3, '48'),
	(597, 1, '6.22'),
	(597, 2, '64'),
	(597, 3, '16'),
	(598, 1, '6.52'),
	(598, 2, '64'),
	(598, 3, '13'),
	(599, 1, '6.53'),
	(599, 2, '64'),
	(599, 3, '48'),
	(600, 1, '4.5'),
	(600, 2, '8'),
	(600, 3, '5'),
	(601, 1, '5'),
	(601, 2, '16'),
	(601, 3, '13'),
	(602, 1, '5.8'),
	(602, 2, '64'),
	(602, 3, '12'),
	(603, 1, '5.45'),
	(603, 2, '16'),
	(603, 3, '8'),
	(604, 1, '6.09'),
	(604, 2, '64'),
	(604, 3, '16'),
	(605, 1, '5'),
	(605, 2, '16'),
	(605, 3, '13'),
	(606, 1, '6.15'),
	(606, 2, '128'),
	(606, 3, '48'),
	(607, 1, '6.09'),
	(607, 2, '64'),
	(607, 3, '13'),
	(608, 1, '6.55'),
	(608, 2, '64'),
	(608, 3, '13'),
	(609, 1, '6.53'),
	(609, 2, '128'),
	(609, 3, '48'),
	(610, 1, '4'),
	(610, 2, '16'),
	(610, 3, '8'),
	(611, 1, '5'),
	(611, 2, '8'),
	(611, 3, '8'),
	(612, 1, '5'),
	(612, 2, '8'),
	(612, 3, '8'),
	(613, 1, '4.7'),
	(613, 2, '32'),
	(613, 3, '12'),
	(614, 1, '5.5'),
	(614, 2, '32'),
	(614, 3, '12'),
	(615, 1, '4.7'),
	(615, 2, '128'),
	(615, 3, '12'),
	(616, 1, '4.7'),
	(616, 2, '32'),
	(616, 3, '12'),
	(617, 1, '4'),
	(617, 2, '32'),
	(617, 3, '12'),
	(618, 1, '5.5'),
	(618, 2, '64'),
	(618, 3, '12'),
	(619, 1, '4.6'),
	(619, 2, '32'),
	(619, 3, '19'),
	(620, 1, '5'),
	(620, 2, '8'),
	(620, 3, '8'),
	(621, 1, '4'),
	(621, 2, '8'),
	(621, 3, '2'),
	(622, 1, '5.5'),
	(622, 2, '32'),
	(622, 3, '13'),
	(623, 1, '5.45'),
	(623, 2, '16'),
	(623, 3, '13'),
	(624, 1, '5'),
	(624, 2, '8'),
	(624, 3, '5'),
	(625, 1, '5.5'),
	(625, 2, '16'),
	(625, 3, '16'),
	(626, 1, '6.5'),
	(626, 2, '256'),
	(626, 3, '12'),
	(627, 1, '6.1'),
	(627, 2, '128'),
	(627, 3, '12'),
	(628, 1, '6.5'),
	(628, 2, '64'),
	(628, 3, '20'),
	(629, 1, '5.8'),
	(629, 2, '256'),
	(629, 3, '12'),
	(630, 1, '4'),
	(630, 2, '4'),
	(630, 3, '2'),
	(631, 1, '6.09'),
	(631, 2, '32'),
	(631, 3, '13'),
	(632, 1, '6.4'),
	(632, 2, '32'),
	(632, 3, '16'),
	(633, 1, '6.2'),
	(633, 2, '32'),
	(633, 3, '13'),
	(634, 1, '6.2'),
	(634, 2, '32'),
	(634, 3, '13'),
	(635, 1, '3.5'),
	(635, 2, '0.5'),
	(635, 3, '0'),
	(636, 1, '5.7'),
	(636, 2, '16'),
	(636, 3, '13'),
	(637, 1, '5'),
	(637, 2, '16'),
	(637, 3, '8'),
	(638, 1, '5.34'),
	(638, 2, '8'),
	(638, 3, '8'),
	(639, 1, '5.5'),
	(639, 2, '8'),
	(639, 3, '8'),
	(640, 1, '5'),
	(640, 2, '16'),
	(640, 3, '8'),
	(641, 1, '6.1'),
	(641, 2, '64'),
	(641, 3, '12'),
	(642, 1, '6.1'),
	(642, 2, '128'),
	(642, 3, '12'),
	(643, 1, '6.5'),
	(643, 2, '64'),
	(643, 3, '12'),
	(644, 1, '5.5'),
	(644, 2, '16'),
	(644, 3, '5'),
	(645, 1, '6.22'),
	(645, 2, '32'),
	(645, 3, '12'),
	(646, 1, '5.45'),
	(646, 2, '16'),
	(646, 3, '8'),
	(647, 1, '6.3'),
	(647, 2, '64'),
	(647, 3, '48'),
	(648, 1, '6.09'),
	(648, 2, '32'),
	(648, 3, '13'),
	(649, 1, '5'),
	(649, 2, '8'),
	(649, 3, '5'),
	(650, 1, '5'),
	(650, 2, '8'),
	(650, 3, '8'),
	(651, 1, '6.5'),
	(651, 2, '128'),
	(651, 3, '48'),
	(652, 1, '6.5'),
	(652, 2, '128'),
	(652, 3, '64'),
	(653, 1, '6.47'),
	(653, 2, '128'),
	(653, 3, '64'),
	(654, 1, '5.71'),
	(654, 2, '16'),
	(654, 3, '8'),
	(655, 1, '6.6'),
	(655, 2, '64'),
	(655, 3, '48'),
	(656, 1, '6.21'),
	(656, 2, '64'),
	(656, 3, '24'),
	(657, 1, '6.39'),
	(657, 2, '64'),
	(657, 3, '13'),
	(658, 1, '6.52'),
	(658, 2, '32'),
	(658, 3, '13'),
	(659, 1, '6.5'),
	(659, 2, '64'),
	(659, 3, '48'),
	(660, 1, '6.8'),
	(660, 2, '128'),
	(660, 3, '64'),
	(661, 1, '6.53'),
	(661, 2, '128'),
	(661, 3, '48'),
	(662, 1, '5.7'),
	(662, 2, '128'),
	(662, 3, '16'),
	(663, 1, '6.5'),
	(663, 2, '32'),
	(663, 3, '8'),
	(664, 4, '1.28'),
	(664, 7, 'no'),
	(664, 9, 'no'),
	(664, 10, 'no'),
	(664, 11, 'yes'),
	(664, 12, 'yes'),
	(664, 13, 'no'),
	(664, 14, 'no'),
	(664, 15, 'no'),
	(664, 16, '4.4'),
	(664, 17, '7'),
	(665, 4, '1.39'),
	(665, 7, 'no'),
	(665, 9, 'no'),
	(665, 10, 'yes'),
	(665, 11, 'yes'),
	(665, 12, 'yes'),
	(665, 13, 'yes'),
	(665, 14, 'no'),
	(665, 15, 'no'),
	(665, 17, '9'),
	(666, 4, '1.65'),
	(666, 7, 'no'),
	(666, 9, 'no'),
	(666, 10, 'no'),
	(666, 11, 'yes'),
	(666, 12, 'no'),
	(666, 13, 'yes'),
	(666, 14, 'no'),
	(666, 15, 'no'),
	(666, 16, '5.0'),
	(666, 17, '10'),
	(667, 4, '1.4'),
	(667, 7, 'yes'),
	(667, 9, 'no'),
	(667, 10, 'yes'),
	(667, 11, 'yes'),
	(667, 12, 'yes'),
	(667, 13, 'yes'),
	(667, 14, 'no'),
	(667, 15, 'no'),
	(667, 16, '4.4'),
	(667, 17, '7'),
	(668, 4, '1.2'),
	(668, 7, 'no'),
	(668, 9, 'no'),
	(668, 10, 'yes'),
	(668, 11, 'yes'),
	(668, 12, 'yes'),
	(668, 13, 'yes'),
	(668, 14, 'no'),
	(668, 15, 'no'),
	(669, 4, '1.54'),
	(669, 7, 'yes'),
	(669, 9, 'no'),
	(669, 10, 'no'),
	(669, 11, 'no'),
	(669, 12, 'yes'),
	(669, 13, 'no'),
	(669, 14, 'no'),
	(669, 15, 'no'),
	(669, 16, '5.2'),
	(669, 17, '7'),
	(669, 17, '7.1'),
	(670, 4, '1.39'),
	(670, 7, 'no'),
	(670, 9, 'no'),
	(670, 10, 'yes'),
	(670, 11, 'yes'),
	(670, 12, 'yes'),
	(670, 13, 'yes'),
	(670, 14, 'no'),
	(670, 15, 'no'),
	(670, 17, '9'),
	(671, 4, '1.64'),
	(671, 7, 'no'),
	(671, 9, 'no'),
	(671, 10, 'yes'),
	(671, 11, 'yes'),
	(671, 12, 'yes'),
	(671, 13, 'yes'),
	(671, 14, 'no'),
	(671, 15, 'no'),
	(671, 16, '5.0'),
	(671, 17, '9'),
	(672, 4, '1.2'),
	(672, 7, 'yes'),
	(672, 9, 'no'),
	(672, 10, 'yes'),
	(672, 11, 'yes'),
	(672, 12, 'yes'),
	(672, 13, 'yes'),
	(672, 14, 'no'),
	(672, 15, 'no'),
	(672, 16, '4.4'),
	(672, 17, '7'),
	(673, 4, '1.2'),
	(673, 7, 'no'),
	(673, 9, 'no'),
	(673, 10, 'yes'),
	(673, 11, 'yes'),
	(673, 12, 'yes'),
	(673, 13, 'yes'),
	(673, 14, 'no'),
	(673, 15, 'no'),
	(674, 4, '1.3'),
	(674, 7, 'yes'),
	(674, 9, 'no'),
	(674, 10, 'no'),
	(674, 11, 'no'),
	(674, 12, 'no'),
	(674, 13, 'no'),
	(674, 14, 'no'),
	(674, 15, 'no'),
	(674, 16, '5.2'),
	(674, 17, '7'),
	(674, 17, '7.1'),
	(675, 4, '1.64'),
	(675, 7, 'no'),
	(675, 9, 'no'),
	(675, 10, 'yes'),
	(675, 11, 'yes'),
	(675, 12, 'yes'),
	(675, 13, 'yes'),
	(675, 14, 'no'),
	(675, 15, 'yes'),
	(675, 16, '5.0'),
	(675, 17, '9'),
	(676, 4, ''),
	(676, 7, 'no'),
	(676, 9, 'yes'),
	(676, 10, 'yes'),
	(676, 11, 'yes'),
	(676, 12, 'no'),
	(676, 13, 'yes'),
	(676, 14, 'yes'),
	(676, 15, 'no'),
	(677, 4, ''),
	(677, 7, 'no'),
	(677, 9, 'no'),
	(677, 10, 'yes'),
	(677, 11, 'yes'),
	(677, 12, 'no'),
	(677, 13, 'no'),
	(677, 14, 'yes'),
	(677, 15, 'no'),
	(678, 4, ''),
	(678, 7, 'no'),
	(678, 9, 'yes'),
	(678, 10, 'yes'),
	(678, 11, 'yes'),
	(678, 12, 'no'),
	(678, 13, 'yes'),
	(678, 14, 'yes'),
	(678, 15, 'no'),
	(679, 4, '1.39'),
	(679, 7, 'yes'),
	(679, 9, 'no'),
	(679, 10, 'yes'),
	(679, 11, 'yes'),
	(679, 12, 'yes'),
	(679, 13, 'yes'),
	(679, 14, 'no'),
	(679, 15, 'no'),
	(679, 16, '5.0'),
	(679, 17, '9'),
	(680, 4, ''),
	(680, 7, 'no'),
	(680, 9, 'yes'),
	(680, 10, 'yes'),
	(680, 11, 'yes'),
	(680, 12, 'no'),
	(680, 13, 'yes'),
	(680, 14, 'yes'),
	(680, 15, 'yes'),
	(681, 4, ''),
	(681, 7, 'no'),
	(681, 9, 'no'),
	(681, 10, 'yes'),
	(681, 11, 'yes'),
	(681, 12, 'no'),
	(681, 13, 'no'),
	(681, 14, 'yes'),
	(681, 15, 'no'),
	(682, 4, ''),
	(682, 7, 'no'),
	(682, 9, 'yes'),
	(682, 10, 'yes'),
	(682, 11, 'yes'),
	(682, 12, 'no'),
	(682, 13, 'yes'),
	(682, 14, 'yes'),
	(682, 15, 'yes'),
	(683, 4, '1.44'),
	(683, 7, 'no'),
	(683, 9, 'no'),
	(683, 10, 'yes'),
	(683, 11, 'yes'),
	(683, 12, 'yes'),
	(683, 13, 'no'),
	(683, 14, 'no'),
	(683, 15, 'no'),
	(683, 16, '5.0'),
	(683, 17, '10'),
	(684, 4, '1.44'),
	(684, 7, 'no'),
	(684, 9, 'no'),
	(684, 10, 'yes'),
	(684, 11, 'yes'),
	(684, 12, 'yes'),
	(684, 13, 'no'),
	(684, 14, 'no'),
	(684, 15, 'no'),
	(684, 16, '5.0'),
	(684, 17, '10'),
	(685, 4, '1.44'),
	(685, 7, 'yes'),
	(685, 9, 'no'),
	(685, 10, 'no'),
	(685, 11, 'no'),
	(685, 12, 'no'),
	(685, 13, 'no'),
	(685, 14, 'no'),
	(685, 15, 'no'),
	(685, 16, '5.2'),
	(685, 17, '7'),
	(685, 17, '7.1'),
	(686, 4, '1.44'),
	(686, 7, 'yes'),
	(686, 9, 'no'),
	(686, 10, 'no'),
	(686, 11, 'no'),
	(686, 12, 'no'),
	(686, 13, 'no'),
	(686, 14, 'no'),
	(686, 15, 'no'),
	(686, 16, '5.2'),
	(686, 17, '7'),
	(686, 17, '7.1'),
	(687, 4, '1.44'),
	(687, 7, 'yes'),
	(687, 9, 'no'),
	(687, 10, 'no'),
	(687, 11, 'no'),
	(687, 12, 'no'),
	(687, 13, 'no'),
	(687, 14, 'no'),
	(687, 15, 'no'),
	(687, 16, '5.2'),
	(687, 17, '8'),
	(688, 4, '1.44'),
	(688, 7, 'no'),
	(688, 9, 'no'),
	(688, 10, 'no'),
	(688, 11, 'no'),
	(688, 12, 'no'),
	(688, 13, 'no'),
	(688, 14, 'no'),
	(688, 15, 'no'),
	(688, 16, '4.4'),
	(688, 17, '7'),
	(689, 4, '1.44'),
	(689, 7, 'yes'),
	(689, 9, 'no'),
	(689, 10, 'no'),
	(689, 11, 'no'),
	(689, 12, 'no'),
	(689, 13, 'no'),
	(689, 14, 'no'),
	(689, 15, 'no'),
	(689, 16, '5.2'),
	(689, 17, '8'),
	(690, 4, '1.44'),
	(690, 7, 'yes'),
	(690, 9, 'no'),
	(690, 10, 'no'),
	(690, 11, 'no'),
	(690, 12, 'no'),
	(690, 13, 'no'),
	(690, 14, 'no'),
	(690, 15, 'no'),
	(690, 16, '5.2'),
	(690, 17, '7'),
	(690, 17, '7.1'),
	(691, 4, '1.22'),
	(691, 7, 'yes'),
	(691, 9, 'no'),
	(691, 10, 'no'),
	(691, 11, 'no'),
	(691, 12, 'no'),
	(691, 13, 'no'),
	(691, 14, 'no'),
	(691, 15, 'no'),
	(691, 16, '5.2'),
	(691, 17, '8'),
	(692, 4, '0.64'),
	(692, 7, 'yes'),
	(692, 9, 'no'),
	(692, 10, 'no'),
	(692, 11, 'no'),
	(692, 12, 'no'),
	(692, 13, 'no'),
	(692, 14, 'no'),
	(692, 15, 'no'),
	(692, 17, '7'),
	(693, 4, '1.44'),
	(693, 7, 'yes'),
	(693, 9, 'no'),
	(693, 10, 'no'),
	(693, 11, 'no'),
	(693, 12, 'no'),
	(693, 13, 'no'),
	(693, 14, 'no'),
	(693, 15, 'no'),
	(693, 16, '5.2'),
	(693, 17, '8'),
	(694, 4, '1.44'),
	(694, 7, 'yes'),
	(694, 9, 'no'),
	(694, 10, 'no'),
	(694, 11, 'no'),
	(694, 12, 'no'),
	(694, 13, 'no'),
	(694, 14, 'no'),
	(694, 15, 'no'),
	(694, 16, '5.2'),
	(694, 17, '8'),
	(695, 4, '1.44'),
	(695, 7, 'yes'),
	(695, 9, 'no'),
	(695, 10, 'no'),
	(695, 11, 'no'),
	(695, 12, 'no'),
	(695, 13, 'no'),
	(695, 14, 'no'),
	(695, 15, 'no'),
	(695, 16, '5.2'),
	(695, 17, '8'),
	(696, 4, '1.44'),
	(696, 7, 'yes'),
	(696, 9, 'no'),
	(696, 10, 'no'),
	(696, 11, 'no'),
	(696, 12, 'no'),
	(696, 13, 'no'),
	(696, 14, 'no'),
	(696, 15, 'no'),
	(696, 16, '5.2'),
	(696, 17, '8'),
	(697, 4, '1.44'),
	(697, 7, 'yes'),
	(697, 9, 'no'),
	(697, 10, 'no'),
	(697, 11, 'no'),
	(697, 12, 'no'),
	(697, 13, 'no'),
	(697, 14, 'no'),
	(697, 15, 'no'),
	(697, 17, '8'),
	(698, 4, '1.44'),
	(698, 7, 'yes'),
	(698, 9, 'no'),
	(698, 10, 'no'),
	(698, 11, 'no'),
	(698, 12, 'no'),
	(698, 13, 'no'),
	(698, 14, 'no'),
	(698, 15, 'no'),
	(698, 17, '8'),
	(699, 4, '1.3'),
	(699, 7, 'yes'),
	(699, 9, 'no'),
	(699, 10, 'no'),
	(699, 11, 'yes'),
	(699, 12, 'no'),
	(699, 13, 'no'),
	(699, 14, 'no'),
	(699, 15, 'no'),
	(699, 16, '4.4'),
	(699, 17, '7'),
	(700, 4, '1.4'),
	(700, 7, 'yes'),
	(700, 9, 'no'),
	(700, 10, 'no'),
	(700, 11, 'no'),
	(700, 12, 'no'),
	(700, 13, 'no'),
	(700, 14, 'no'),
	(700, 15, 'no'),
	(700, 16, '4.4'),
	(700, 17, '7'),
	(701, 4, '0.64'),
	(701, 7, 'yes'),
	(701, 9, 'no'),
	(701, 10, 'no'),
	(701, 11, 'no'),
	(701, 12, 'no'),
	(701, 13, 'no'),
	(701, 14, 'no'),
	(701, 15, 'no'),
	(701, 17, '7'),
	(702, 4, '1.44'),
	(702, 7, 'yes'),
	(702, 9, 'no'),
	(702, 10, 'no'),
	(702, 11, 'no'),
	(702, 12, 'no'),
	(702, 13, 'no'),
	(702, 14, 'no'),
	(702, 15, 'no'),
	(702, 17, '8'),
	(703, 4, '1.3'),
	(703, 7, 'yes'),
	(703, 9, 'no'),
	(703, 10, 'no'),
	(703, 11, 'yes'),
	(703, 12, 'no'),
	(703, 13, 'no'),
	(703, 14, 'no'),
	(703, 15, 'no'),
	(704, 4, ''),
	(704, 7, 'no'),
	(704, 9, 'yes'),
	(704, 10, 'yes'),
	(704, 11, 'yes'),
	(704, 12, 'no'),
	(704, 13, 'yes'),
	(704, 14, 'yes'),
	(704, 15, 'yes'),
	(705, 4, ''),
	(705, 7, 'no'),
	(705, 9, 'yes'),
	(705, 10, 'yes'),
	(705, 11, 'yes'),
	(705, 12, 'no'),
	(705, 13, 'yes'),
	(705, 14, 'yes'),
	(705, 15, 'no'),
	(706, 4, ''),
	(706, 7, 'no'),
	(706, 9, 'yes'),
	(706, 10, 'yes'),
	(706, 11, 'yes'),
	(706, 12, 'no'),
	(706, 13, 'yes'),
	(706, 14, 'yes'),
	(706, 15, 'no'),
	(707, 4, '1.55'),
	(707, 7, 'yes'),
	(707, 9, 'no'),
	(707, 10, 'yes'),
	(707, 11, 'yes'),
	(707, 12, 'no'),
	(707, 13, 'yes'),
	(707, 14, 'no'),
	(707, 15, 'yes'),
	(708, 4, ''),
	(708, 7, 'no'),
	(708, 9, 'yes'),
	(708, 10, 'yes'),
	(708, 11, 'yes'),
	(708, 12, 'no'),
	(708, 13, 'yes'),
	(708, 14, 'yes'),
	(708, 15, 'yes'),
	(709, 4, ''),
	(709, 7, 'no'),
	(709, 9, 'yes'),
	(709, 10, 'yes'),
	(709, 11, 'yes'),
	(709, 12, 'no'),
	(709, 13, 'yes'),
	(709, 14, 'yes'),
	(709, 15, 'yes'),
	(710, 4, ''),
	(710, 7, 'no'),
	(710, 9, 'yes'),
	(710, 10, 'yes'),
	(710, 11, 'yes'),
	(710, 12, 'no'),
	(710, 13, 'yes'),
	(710, 14, 'yes'),
	(710, 15, 'no'),
	(711, 4, ''),
	(711, 7, 'no'),
	(711, 9, 'yes'),
	(711, 10, 'yes'),
	(711, 11, 'yes'),
	(711, 12, 'no'),
	(711, 13, 'yes'),
	(711, 14, 'yes'),
	(711, 15, 'no'),
	(712, 4, '1.65'),
	(712, 7, 'no'),
	(712, 9, 'no'),
	(712, 10, 'no'),
	(712, 11, 'yes'),
	(712, 12, 'no'),
	(712, 13, 'yes'),
	(712, 14, 'no'),
	(712, 15, 'no'),
	(712, 16, '5.0'),
	(712, 17, '10'),
	(713, 4, ''),
	(713, 7, 'no'),
	(713, 9, 'yes'),
	(713, 10, 'yes'),
	(713, 11, 'yes'),
	(713, 12, 'no'),
	(713, 13, 'yes'),
	(713, 14, 'yes'),
	(713, 15, 'yes'),
	(714, 4, '1.1'),
	(714, 7, 'no'),
	(714, 9, 'no'),
	(714, 10, 'yes'),
	(714, 11, 'yes'),
	(714, 12, 'no'),
	(714, 13, 'yes'),
	(714, 14, 'no'),
	(714, 15, 'no'),
	(714, 16, '5.0'),
	(714, 17, '9'),
	(715, 4, '1.39'),
	(715, 7, 'no'),
	(715, 9, 'no'),
	(715, 10, 'yes'),
	(715, 11, 'yes'),
	(715, 12, 'yes'),
	(715, 13, 'yes'),
	(715, 14, 'no'),
	(715, 15, 'no'),
	(715, 16, '5.0'),
	(715, 17, '10'),
	(716, 4, '1.2'),
	(716, 7, 'yes'),
	(716, 9, 'no'),
	(716, 10, 'no'),
	(716, 11, 'yes'),
	(716, 12, 'no'),
	(716, 13, 'no'),
	(716, 14, 'no'),
	(716, 15, 'no'),
	(716, 16, '5.0'),
	(716, 17, '10'),
	(717, 4, '1.65'),
	(717, 7, 'no'),
	(717, 9, 'no'),
	(717, 10, 'yes'),
	(717, 11, 'yes'),
	(717, 12, 'no'),
	(717, 13, 'yes'),
	(717, 14, 'no'),
	(717, 15, 'yes'),
	(717, 16, '5.0'),
	(717, 17, '10'),
	(718, 4, ''),
	(718, 7, 'no'),
	(718, 9, 'no'),
	(718, 10, 'yes'),
	(718, 11, 'yes'),
	(718, 12, 'no'),
	(718, 13, 'no'),
	(718, 14, 'yes'),
	(718, 15, 'no'),
	(719, 4, ''),
	(719, 7, 'no'),
	(719, 9, 'yes'),
	(719, 10, 'yes'),
	(719, 11, 'yes'),
	(719, 12, 'no'),
	(719, 13, 'yes'),
	(719, 14, 'yes'),
	(719, 15, 'yes'),
	(720, 4, '1.2'),
	(720, 7, 'yes'),
	(720, 9, 'no'),
	(720, 10, 'no'),
	(720, 11, 'yes'),
	(720, 12, 'no'),
	(720, 13, 'no'),
	(720, 14, 'no'),
	(720, 15, 'no'),
	(720, 16, '5.0'),
	(720, 17, '10'),
	(721, 4, '1.44'),
	(721, 7, 'no'),
	(721, 9, 'no'),
	(721, 10, 'no'),
	(721, 11, 'no'),
	(721, 12, 'no'),
	(721, 13, 'no'),
	(721, 14, 'no'),
	(721, 15, 'no'),
	(721, 16, '4.4'),
	(721, 17, '7'),
	(722, 4, '1.54'),
	(722, 7, 'yes'),
	(722, 9, 'no'),
	(722, 10, 'no'),
	(722, 11, 'no'),
	(722, 12, 'yes'),
	(722, 13, 'no'),
	(722, 14, 'no'),
	(722, 15, 'no'),
	(722, 16, '5.2'),
	(722, 17, '7'),
	(722, 17, '7.1'),
	(723, 4, '1.43'),
	(723, 7, 'no'),
	(723, 9, 'no'),
	(723, 10, 'yes'),
	(723, 11, 'yes'),
	(723, 12, 'yes'),
	(723, 13, 'no'),
	(723, 14, 'no'),
	(723, 15, 'no'),
	(723, 16, '5.0'),
	(723, 17, '10'),
	(724, 4, '1.55'),
	(724, 7, 'yes'),
	(724, 9, 'no'),
	(724, 10, 'yes'),
	(724, 11, 'yes'),
	(724, 12, 'no'),
	(724, 13, 'yes'),
	(724, 14, 'no'),
	(724, 15, 'yes'),
	(725, 4, '1.4'),
	(725, 7, 'yes'),
	(725, 9, 'yes'),
	(725, 10, 'yes'),
	(725, 11, 'yes'),
	(725, 12, 'yes'),
	(725, 13, 'yes'),
	(725, 14, 'no'),
	(725, 15, 'no'),
	(725, 16, '5.0'),
	(725, 17, '10'),
	(726, 4, '1.3'),
	(726, 7, 'yes'),
	(726, 9, 'yes'),
	(726, 10, 'yes'),
	(726, 11, 'yes'),
	(726, 12, 'yes'),
	(726, 13, 'yes'),
	(726, 14, 'no'),
	(726, 15, 'yes'),
	(726, 16, '5.0'),
	(726, 17, '10'),
	(727, 4, ''),
	(727, 7, 'no'),
	(727, 9, 'yes'),
	(727, 10, 'yes'),
	(727, 11, 'yes'),
	(727, 12, 'no'),
	(727, 13, 'yes'),
	(727, 14, 'yes'),
	(727, 15, 'yes'),
	(728, 4, ''),
	(728, 7, 'no'),
	(728, 9, 'yes'),
	(728, 10, 'yes'),
	(728, 11, 'yes'),
	(728, 12, 'no'),
	(728, 13, 'yes'),
	(728, 14, 'yes'),
	(728, 15, 'yes'),
	(729, 4, ''),
	(729, 7, 'no'),
	(729, 9, 'no'),
	(729, 10, 'yes'),
	(729, 11, 'yes'),
	(729, 12, 'no'),
	(729, 13, 'no'),
	(729, 14, 'yes'),
	(729, 15, 'no'),
	(730, 4, ''),
	(730, 7, 'no'),
	(730, 9, 'yes'),
	(730, 10, 'yes'),
	(730, 11, 'yes'),
	(730, 12, 'no'),
	(730, 13, 'yes'),
	(730, 14, 'yes'),
	(730, 15, 'yes'),
	(731, 4, '1.2'),
	(731, 7, 'yes'),
	(731, 9, 'no'),
	(731, 10, 'yes'),
	(731, 11, 'yes'),
	(731, 12, 'yes'),
	(731, 13, 'yes'),
	(731, 14, 'no'),
	(731, 15, 'no'),
	(731, 16, '4.4'),
	(731, 17, '7'),
	(732, 4, '1.64'),
	(732, 7, 'no'),
	(732, 9, 'no'),
	(732, 10, 'yes'),
	(732, 11, 'yes'),
	(732, 12, 'yes'),
	(732, 13, 'yes'),
	(732, 14, 'no'),
	(732, 15, 'no'),
	(732, 16, '5.0'),
	(732, 17, '9'),
	(733, 4, ''),
	(733, 7, 'no'),
	(733, 9, 'yes'),
	(733, 10, 'yes'),
	(733, 11, 'yes'),
	(733, 12, 'no'),
	(733, 13, 'yes'),
	(733, 14, 'yes'),
	(733, 15, 'no'),
	(734, 4, '1.3'),
	(734, 7, 'yes'),
	(734, 9, 'yes'),
	(734, 10, 'yes'),
	(734, 11, 'yes'),
	(734, 12, 'yes'),
	(734, 13, 'yes'),
	(734, 14, 'no'),
	(734, 15, 'no'),
	(734, 16, '5.0'),
	(734, 17, '10'),
	(735, 4, '1.3'),
	(735, 7, 'yes'),
	(735, 9, 'no'),
	(735, 10, 'no'),
	(735, 11, 'yes'),
	(735, 12, 'no'),
	(735, 13, 'no'),
	(735, 14, 'no'),
	(735, 15, 'no'),
	(736, 4, '1.2'),
	(736, 7, 'yes'),
	(736, 9, 'no'),
	(736, 10, 'no'),
	(736, 11, 'yes'),
	(736, 12, 'no'),
	(736, 13, 'no'),
	(736, 14, 'no'),
	(736, 15, 'no'),
	(736, 16, '5.0'),
	(736, 17, '10'),
	(737, 4, '1.43'),
	(737, 7, 'no'),
	(737, 9, 'no'),
	(737, 10, 'yes'),
	(737, 11, 'yes'),
	(737, 12, 'yes'),
	(737, 13, 'no'),
	(737, 14, 'no'),
	(737, 15, 'no'),
	(737, 16, '5.0'),
	(737, 17, '10'),
	(738, 4, '1.65'),
	(738, 7, 'no'),
	(738, 9, 'no'),
	(738, 10, 'yes'),
	(738, 11, 'yes'),
	(738, 12, 'no'),
	(738, 13, 'yes'),
	(738, 14, 'no'),
	(738, 15, 'yes'),
	(738, 16, '5.0'),
	(738, 17, '10'),
	(739, 4, ''),
	(739, 7, 'no'),
	(739, 9, 'yes'),
	(739, 10, 'yes'),
	(739, 11, 'yes'),
	(739, 12, 'no'),
	(739, 13, 'yes'),
	(739, 14, 'yes'),
	(739, 15, 'no'),
	(740, 4, ''),
	(740, 7, 'no'),
	(740, 9, 'yes'),
	(740, 10, 'yes'),
	(740, 11, 'yes'),
	(740, 12, 'no'),
	(740, 13, 'yes'),
	(740, 14, 'yes'),
	(740, 15, 'yes'),
	(741, 4, '1.39'),
	(741, 7, 'no'),
	(741, 9, 'no'),
	(741, 10, 'yes'),
	(741, 11, 'yes'),
	(741, 12, 'yes'),
	(741, 13, 'yes'),
	(741, 14, 'no'),
	(741, 15, 'no'),
	(741, 16, '5.0'),
	(741, 17, '10'),
	(742, 4, '1.65'),
	(742, 7, 'no'),
	(742, 9, 'no'),
	(742, 10, 'no'),
	(742, 11, 'yes'),
	(742, 12, 'no'),
	(742, 13, 'yes'),
	(742, 14, 'no'),
	(742, 15, 'no'),
	(742, 16, '5.0'),
	(742, 17, '10'),
	(743, 4, '1.4'),
	(743, 7, 'yes'),
	(743, 9, 'no'),
	(743, 10, 'yes'),
	(743, 11, 'yes'),
	(743, 12, 'yes'),
	(743, 13, 'yes'),
	(743, 14, 'no'),
	(743, 15, 'no'),
	(743, 16, '4.4'),
	(743, 17, '7'),
	(744, 4, ''),
	(744, 7, 'no'),
	(744, 9, 'yes'),
	(744, 10, 'yes'),
	(744, 11, 'yes'),
	(744, 12, 'no'),
	(744, 13, 'yes'),
	(744, 14, 'yes'),
	(744, 15, 'yes'),
	(745, 4, ''),
	(745, 7, 'no'),
	(745, 9, 'no'),
	(745, 10, 'yes'),
	(745, 11, 'yes'),
	(745, 12, 'no'),
	(745, 13, 'no'),
	(745, 14, 'yes'),
	(745, 15, 'no'),
	(746, 4, '1.33'),
	(746, 7, 'yes'),
	(746, 9, 'no'),
	(746, 10, 'no'),
	(746, 11, 'no'),
	(746, 12, 'no'),
	(746, 13, 'no'),
	(746, 14, 'no'),
	(746, 15, 'no'),
	(746, 16, '5.2'),
	(746, 17, '7'),
	(746, 17, '7.1'),
	(747, 4, '1.65'),
	(747, 7, 'no'),
	(747, 9, 'no'),
	(747, 10, 'yes'),
	(747, 11, 'yes'),
	(747, 12, 'no'),
	(747, 13, 'yes'),
	(747, 14, 'no'),
	(747, 15, 'yes'),
	(747, 16, '5.0'),
	(747, 17, '10'),
	(748, 4, '1.3'),
	(748, 7, 'yes'),
	(748, 9, 'no'),
	(748, 10, 'no'),
	(748, 11, 'yes'),
	(748, 12, 'no'),
	(748, 13, 'no'),
	(748, 14, 'no'),
	(748, 15, 'no'),
	(749, 4, '1.39'),
	(749, 7, 'no'),
	(749, 9, 'no'),
	(749, 10, 'yes'),
	(749, 11, 'yes'),
	(749, 12, 'no'),
	(749, 13, 'yes'),
	(749, 14, 'no'),
	(749, 15, 'yes'),
	(749, 16, '5.0'),
	(749, 17, '10'),
	(750, 4, '1.65'),
	(750, 7, 'no'),
	(750, 9, 'no'),
	(750, 10, 'yes'),
	(750, 11, 'yes'),
	(750, 12, 'no'),
	(750, 13, 'yes'),
	(750, 14, 'no'),
	(750, 15, 'yes'),
	(750, 16, '5.0'),
	(750, 17, '10'),
	(751, 4, ''),
	(751, 7, 'no'),
	(751, 9, 'yes'),
	(751, 10, 'yes'),
	(751, 11, 'yes'),
	(751, 12, 'no'),
	(751, 13, 'yes'),
	(751, 14, 'yes'),
	(751, 15, 'yes'),
	(752, 4, '1.44'),
	(752, 7, 'yes'),
	(752, 9, 'no'),
	(752, 10, 'no'),
	(752, 11, 'no'),
	(752, 12, 'no'),
	(752, 13, 'no'),
	(752, 14, 'no'),
	(752, 15, 'no'),
	(752, 17, '7'),
	(753, 4, ''),
	(753, 7, 'no'),
	(753, 9, 'no'),
	(753, 10, 'yes'),
	(753, 11, 'yes'),
	(753, 12, 'no'),
	(753, 13, 'no'),
	(753, 14, 'yes'),
	(753, 15, 'no'),
	(754, 4, '1.2'),
	(754, 7, 'no'),
	(754, 9, 'no'),
	(754, 10, 'yes'),
	(754, 11, 'yes'),
	(754, 12, 'yes'),
	(754, 13, 'yes'),
	(754, 14, 'no'),
	(754, 15, 'no'),
	(755, 4, '1.39'),
	(755, 7, 'yes'),
	(755, 9, 'yes'),
	(755, 10, 'yes'),
	(755, 11, 'yes'),
	(755, 12, 'yes'),
	(755, 13, 'yes'),
	(755, 14, 'no'),
	(755, 15, 'no'),
	(755, 17, '9'),
	(756, 4, '1.39'),
	(756, 7, 'yes'),
	(756, 9, 'yes'),
	(756, 10, 'yes'),
	(756, 11, 'yes'),
	(756, 12, 'yes'),
	(756, 13, 'yes'),
	(756, 14, 'no'),
	(756, 15, 'no'),
	(756, 17, '9'),
	(757, 4, '1.3'),
	(757, 7, 'yes'),
	(757, 9, 'no'),
	(757, 10, 'no'),
	(757, 11, 'no'),
	(757, 12, 'yes'),
	(757, 13, 'no'),
	(757, 14, 'no'),
	(757, 15, 'no'),
	(757, 16, '5.2'),
	(757, 17, '7'),
	(757, 17, '7.1'),
	(758, 4, '1.4'),
	(758, 7, 'no'),
	(758, 9, 'no'),
	(758, 10, 'yes'),
	(758, 11, 'yes'),
	(758, 12, 'yes'),
	(758, 13, 'yes'),
	(758, 14, 'no'),
	(758, 15, 'no'),
	(759, 4, '1.28'),
	(759, 7, 'yes'),
	(759, 9, 'no'),
	(759, 10, 'no'),
	(759, 11, 'no'),
	(759, 12, 'no'),
	(759, 13, 'no'),
	(759, 14, 'no'),
	(759, 15, 'no'),
	(759, 16, '5.0'),
	(759, 17, '10'),
	(760, 4, ''),
	(760, 7, 'no'),
	(760, 9, 'yes'),
	(760, 10, 'yes'),
	(760, 11, 'yes'),
	(760, 12, 'no'),
	(760, 13, 'yes'),
	(760, 14, 'yes'),
	(760, 15, 'no'),
	(761, 4, '1.44'),
	(761, 7, 'no'),
	(761, 9, 'no'),
	(761, 10, 'yes'),
	(761, 11, 'yes'),
	(761, 12, 'yes'),
	(761, 13, 'no'),
	(761, 14, 'no'),
	(761, 15, 'no'),
	(761, 16, '5.0'),
	(761, 17, '10'),
	(762, 4, '1.65'),
	(762, 7, 'no'),
	(762, 9, 'no'),
	(762, 10, 'yes'),
	(762, 11, 'yes'),
	(762, 12, 'no'),
	(762, 13, 'yes'),
	(762, 14, 'no'),
	(762, 15, 'yes'),
	(762, 16, '5.0'),
	(762, 17, '10'),
	(763, 4, '1.4'),
	(763, 7, 'yes'),
	(763, 9, 'yes'),
	(763, 10, 'yes'),
	(763, 11, 'yes'),
	(763, 12, 'yes'),
	(763, 13, 'yes'),
	(763, 14, 'no'),
	(763, 15, 'no'),
	(763, 16, '5.0'),
	(763, 17, '10'),
	(764, 4, '1.3'),
	(764, 7, 'yes'),
	(764, 9, 'yes'),
	(764, 10, 'yes'),
	(764, 11, 'yes'),
	(764, 12, 'yes'),
	(764, 13, 'yes'),
	(764, 14, 'no'),
	(764, 15, 'yes'),
	(764, 16, '5.0'),
	(764, 17, '10'),
	(765, 4, '1.54'),
	(765, 7, 'yes'),
	(765, 9, 'no'),
	(765, 10, 'no'),
	(765, 11, 'no'),
	(765, 12, 'no'),
	(765, 13, 'no'),
	(765, 14, 'no'),
	(765, 15, 'no'),
	(766, 4, '1.65'),
	(766, 7, 'no'),
	(766, 9, 'no'),
	(766, 10, 'yes'),
	(766, 11, 'yes'),
	(766, 12, 'no'),
	(766, 13, 'yes'),
	(766, 14, 'no'),
	(766, 15, 'yes'),
	(766, 16, '5.0'),
	(766, 17, '10'),
	(767, 4, '0.64'),
	(767, 7, 'no'),
	(767, 9, 'no'),
	(767, 10, 'no'),
	(767, 11, 'yes'),
	(767, 12, 'no'),
	(767, 13, 'no'),
	(767, 14, 'no'),
	(767, 15, 'no'),
	(767, 17, '7'),
	(768, 4, '1.44'),
	(768, 7, 'yes'),
	(768, 9, 'no'),
	(768, 10, 'no'),
	(768, 11, 'no'),
	(768, 12, 'no'),
	(768, 13, 'no'),
	(768, 14, 'no'),
	(768, 15, 'no'),
	(768, 17, '7'),
	(769, 4, '1.44'),
	(769, 7, 'yes'),
	(769, 9, 'no'),
	(769, 10, 'no'),
	(769, 11, 'no'),
	(769, 12, 'no'),
	(769, 13, 'no'),
	(769, 14, 'no'),
	(769, 15, 'no'),
	(769, 16, '4.4'),
	(769, 17, '7'),
	(770, 4, '1.44'),
	(770, 7, 'yes'),
	(770, 9, 'no'),
	(770, 10, 'no'),
	(770, 11, 'no'),
	(770, 12, 'no'),
	(770, 13, 'no'),
	(770, 14, 'no'),
	(770, 15, 'no'),
	(770, 16, '4.4'),
	(770, 17, '7'),
	(771, 4, '1.2'),
	(771, 7, 'no'),
	(771, 9, 'no'),
	(771, 10, 'yes'),
	(771, 11, 'yes'),
	(771, 12, 'yes'),
	(771, 13, 'yes'),
	(771, 14, 'no'),
	(771, 15, 'no'),
	(772, 4, ''),
	(772, 7, 'yes'),
	(772, 9, 'no'),
	(772, 10, 'no'),
	(772, 11, 'yes'),
	(772, 12, 'no'),
	(772, 13, 'no'),
	(772, 14, 'no'),
	(772, 15, 'no'),
	(773, 4, '1.64'),
	(773, 7, 'no'),
	(773, 9, 'no'),
	(773, 10, 'yes'),
	(773, 11, 'yes'),
	(773, 12, 'yes'),
	(773, 13, 'yes'),
	(773, 14, 'no'),
	(773, 15, 'no'),
	(773, 16, '5.0'),
	(773, 17, '9'),
	(774, 4, '1.43'),
	(774, 7, 'no'),
	(774, 9, 'no'),
	(774, 10, 'yes'),
	(774, 11, 'yes'),
	(774, 12, 'yes'),
	(774, 13, 'no'),
	(774, 14, 'no'),
	(774, 15, 'no'),
	(774, 16, '5.0'),
	(774, 17, '10'),
	(775, 4, '1.3'),
	(775, 7, 'yes'),
	(775, 9, 'no'),
	(775, 10, 'yes'),
	(775, 11, 'yes'),
	(775, 12, 'yes'),
	(775, 13, 'no'),
	(775, 14, 'no'),
	(775, 15, 'yes'),
	(775, 16, '4.4'),
	(775, 17, '7'),
	(776, 4, '1.28'),
	(776, 7, 'yes'),
	(776, 9, 'no'),
	(776, 10, 'no'),
	(776, 11, 'no'),
	(776, 12, 'no'),
	(776, 13, 'no'),
	(776, 14, 'no'),
	(776, 15, 'no'),
	(776, 16, '5.0'),
	(776, 17, '10'),
	(777, 4, '1.4'),
	(777, 7, 'yes'),
	(777, 9, 'no'),
	(777, 10, 'no'),
	(777, 11, 'no'),
	(777, 12, 'no'),
	(777, 13, 'no'),
	(777, 14, 'no'),
	(777, 15, 'no'),
	(777, 16, '4.4'),
	(777, 17, '7'),
	(778, 4, '1.55'),
	(778, 7, 'yes'),
	(778, 9, 'no'),
	(778, 10, 'yes'),
	(778, 11, 'yes'),
	(778, 12, 'no'),
	(778, 13, 'yes'),
	(778, 14, 'no'),
	(778, 15, 'yes'),
	(779, 4, ''),
	(779, 7, 'no'),
	(779, 9, 'yes'),
	(779, 10, 'yes'),
	(779, 11, 'yes'),
	(779, 12, 'no'),
	(779, 13, 'yes'),
	(779, 14, 'yes'),
	(779, 15, 'yes'),
	(780, 4, '1.4'),
	(780, 7, 'yes'),
	(780, 9, 'no'),
	(780, 10, 'no'),
	(780, 11, 'no'),
	(780, 12, 'no'),
	(780, 13, 'no'),
	(780, 14, 'no'),
	(780, 15, 'no'),
	(780, 16, '4.4'),
	(780, 17, '7'),
	(781, 4, '1.3'),
	(781, 7, 'no'),
	(781, 9, 'no'),
	(781, 10, 'yes'),
	(781, 11, 'yes'),
	(781, 12, 'yes'),
	(781, 13, 'yes'),
	(781, 14, 'no'),
	(781, 15, 'no'),
	(782, 4, '1.44'),
	(782, 7, 'yes'),
	(782, 9, 'no'),
	(782, 10, 'no'),
	(782, 11, 'no'),
	(782, 12, 'no'),
	(782, 13, 'no'),
	(782, 14, 'no'),
	(782, 15, 'no'),
	(782, 17, '7'),
	(783, 4, '1.44'),
	(783, 7, 'yes'),
	(783, 9, 'no'),
	(783, 10, 'no'),
	(783, 11, 'no'),
	(783, 12, 'no'),
	(783, 13, 'no'),
	(783, 14, 'no'),
	(783, 15, 'no'),
	(783, 17, '7'),
	(784, 4, '1.44'),
	(784, 7, 'yes'),
	(784, 9, 'no'),
	(784, 10, 'no'),
	(784, 11, 'no'),
	(784, 12, 'no'),
	(784, 13, 'no'),
	(784, 14, 'no'),
	(784, 15, 'no'),
	(784, 17, '7'),
	(785, 4, '1.44'),
	(785, 7, 'yes'),
	(785, 9, 'no'),
	(785, 10, 'no'),
	(785, 11, 'no'),
	(785, 12, 'no'),
	(785, 13, 'no'),
	(785, 14, 'no'),
	(785, 15, 'no'),
	(785, 16, '4.4'),
	(785, 17, '7'),
	(786, 4, '1.44'),
	(786, 7, 'yes'),
	(786, 9, 'no'),
	(786, 10, 'no'),
	(786, 11, 'no'),
	(786, 12, 'no'),
	(786, 13, 'no'),
	(786, 14, 'no'),
	(786, 15, 'no'),
	(786, 16, '4.4'),
	(786, 17, '7'),
	(787, 4, ''),
	(787, 7, 'no'),
	(787, 9, 'yes'),
	(787, 10, 'yes'),
	(787, 11, 'yes'),
	(787, 12, 'no'),
	(787, 13, 'yes'),
	(787, 14, 'yes'),
	(787, 15, 'no'),
	(788, 4, '1.2'),
	(788, 7, 'yes'),
	(788, 9, 'yes'),
	(788, 10, 'no'),
	(788, 11, 'no'),
	(788, 12, 'no'),
	(788, 13, 'yes'),
	(788, 14, 'no'),
	(788, 15, 'no'),
	(788, 16, '5.0'),
	(788, 17, '10'),
	(789, 4, '1.54'),
	(789, 7, 'no'),
	(789, 9, 'no'),
	(789, 10, 'no'),
	(789, 11, 'yes'),
	(789, 12, 'no'),
	(789, 13, 'no'),
	(789, 14, 'no'),
	(789, 15, 'no'),
	(789, 16, '4.4'),
	(789, 17, '7'),
	(790, 4, '1.2'),
	(790, 7, 'yes'),
	(790, 9, 'no'),
	(790, 10, 'no'),
	(790, 11, 'no'),
	(790, 12, 'no'),
	(790, 13, 'no'),
	(790, 14, 'no'),
	(790, 15, 'no'),
	(790, 16, '4.4'),
	(790, 17, '7'),
	(791, 4, '1.28'),
	(791, 7, 'yes'),
	(791, 9, 'no'),
	(791, 10, 'no'),
	(791, 11, 'no'),
	(791, 12, 'no'),
	(791, 13, 'no'),
	(791, 14, 'no'),
	(791, 15, 'no'),
	(791, 16, '5.0'),
	(791, 17, '10'),
	(792, 4, '1.2'),
	(792, 7, 'yes'),
	(792, 9, 'no'),
	(792, 10, 'yes'),
	(792, 11, 'yes'),
	(792, 12, 'yes'),
	(792, 13, 'yes'),
	(792, 14, 'no'),
	(792, 15, 'no'),
	(792, 17, '9'),
	(793, 4, '1.4'),
	(793, 7, 'no'),
	(793, 9, 'no'),
	(793, 10, 'yes'),
	(793, 11, 'yes'),
	(793, 12, 'yes'),
	(793, 13, 'yes'),
	(793, 14, 'no'),
	(793, 15, 'no'),
	(794, 4, ''),
	(794, 7, 'no'),
	(794, 9, 'yes'),
	(794, 10, 'yes'),
	(794, 11, 'yes'),
	(794, 12, 'no'),
	(794, 13, 'yes'),
	(794, 14, 'yes'),
	(794, 15, 'no'),
	(795, 4, '1.4'),
	(795, 7, 'no'),
	(795, 9, 'no'),
	(795, 10, 'no'),
	(795, 11, 'yes'),
	(795, 12, 'no'),
	(795, 13, 'no'),
	(795, 14, 'no'),
	(795, 15, 'no'),
	(795, 16, '4.4'),
	(795, 17, '7'),
	(796, 4, '1.4'),
	(796, 7, 'no'),
	(796, 9, 'no'),
	(796, 10, 'no'),
	(796, 11, 'yes'),
	(796, 12, 'no'),
	(796, 13, 'no'),
	(796, 14, 'no'),
	(796, 15, 'no'),
	(796, 16, '4.4'),
	(796, 17, '7'),
	(797, 4, '1.39'),
	(797, 7, 'yes'),
	(797, 9, 'no'),
	(797, 10, 'yes'),
	(797, 11, 'yes'),
	(797, 12, 'yes'),
	(797, 13, 'yes'),
	(797, 14, 'no'),
	(797, 15, 'no'),
	(797, 16, '5.0'),
	(797, 17, '9'),
	(798, 4, '1.44'),
	(798, 7, 'yes'),
	(798, 9, 'no'),
	(798, 10, 'no'),
	(798, 11, 'no'),
	(798, 12, 'no'),
	(798, 13, 'no'),
	(798, 14, 'no'),
	(798, 15, 'no'),
	(798, 16, '5.2'),
	(798, 17, '8'),
	(799, 4, '1.54'),
	(799, 7, 'no'),
	(799, 9, 'no'),
	(799, 10, 'no'),
	(799, 11, 'yes'),
	(799, 12, 'no'),
	(799, 13, 'no'),
	(799, 14, 'no'),
	(799, 15, 'no'),
	(799, 16, '4.4'),
	(799, 17, '7'),
	(800, 4, '1.39'),
	(800, 7, 'no'),
	(800, 9, 'no'),
	(800, 10, 'yes'),
	(800, 11, 'yes'),
	(800, 12, 'no'),
	(800, 13, 'yes'),
	(800, 14, 'no'),
	(800, 15, 'yes'),
	(800, 16, '5.0'),
	(800, 17, '10'),
	(801, 4, '1.3'),
	(801, 7, 'yes'),
	(801, 9, 'no'),
	(801, 10, 'no'),
	(801, 11, 'yes'),
	(801, 12, 'no'),
	(801, 13, 'yes'),
	(801, 14, 'no'),
	(801, 15, 'yes'),
	(801, 16, '5.0'),
	(802, 4, '1.4'),
	(802, 7, 'yes'),
	(802, 9, 'yes'),
	(802, 10, 'yes'),
	(802, 11, 'yes'),
	(802, 12, 'yes'),
	(802, 13, 'yes'),
	(802, 14, 'no'),
	(802, 15, 'no'),
	(802, 16, '5.0'),
	(802, 17, '10'),
	(803, 4, '1.54'),
	(803, 7, 'no'),
	(803, 9, 'no'),
	(803, 10, 'no'),
	(803, 11, 'no'),
	(803, 12, 'no'),
	(803, 13, 'no'),
	(803, 14, 'no'),
	(803, 15, 'no'),
	(804, 4, '0.64'),
	(804, 7, 'yes'),
	(804, 9, 'no'),
	(804, 10, 'no'),
	(804, 11, 'no'),
	(804, 12, 'no'),
	(804, 13, 'no'),
	(804, 14, 'no'),
	(804, 15, 'no'),
	(804, 17, '7'),
	(805, 4, '1.1'),
	(805, 7, 'no'),
	(805, 9, 'no'),
	(805, 10, 'yes'),
	(805, 11, 'yes'),
	(805, 12, 'yes'),
	(805, 13, 'yes'),
	(805, 14, 'no'),
	(805, 15, 'no'),
	(806, 4, '1.4'),
	(806, 7, 'no'),
	(806, 9, 'no'),
	(806, 10, 'yes'),
	(806, 11, 'yes'),
	(806, 12, 'yes'),
	(806, 13, 'yes'),
	(806, 14, 'no'),
	(806, 15, 'no'),
	(807, 4, '1.39'),
	(807, 7, 'no'),
	(807, 9, 'no'),
	(807, 10, 'yes'),
	(807, 11, 'yes'),
	(807, 12, 'yes'),
	(807, 13, 'yes'),
	(807, 14, 'no'),
	(807, 15, 'no'),
	(807, 17, '9'),
	(808, 4, ''),
	(808, 7, 'yes'),
	(808, 9, 'no'),
	(808, 10, 'no'),
	(808, 11, 'yes'),
	(808, 12, 'no'),
	(808, 13, 'no'),
	(808, 14, 'no'),
	(808, 15, 'no'),
	(809, 4, '1.3'),
	(809, 7, 'yes'),
	(809, 9, 'no'),
	(809, 10, 'no'),
	(809, 11, 'no'),
	(809, 12, 'yes'),
	(809, 13, 'no'),
	(809, 14, 'no'),
	(809, 15, 'no'),
	(809, 17, '7'),
	(809, 17, '7.1'),
	(810, 4, '1.44'),
	(810, 7, 'yes'),
	(810, 9, 'no'),
	(810, 10, 'no'),
	(810, 11, 'no'),
	(810, 12, 'no'),
	(810, 13, 'no'),
	(810, 14, 'no'),
	(810, 15, 'no'),
	(810, 16, '5.2'),
	(810, 17, '8'),
	(811, 4, '1.39'),
	(811, 7, 'no'),
	(811, 9, 'no'),
	(811, 10, 'yes'),
	(811, 11, 'yes'),
	(811, 12, 'yes'),
	(811, 13, 'yes'),
	(811, 14, 'no'),
	(811, 15, 'no'),
	(811, 17, '9'),
	(812, 4, '0.64'),
	(812, 7, 'no'),
	(812, 9, 'no'),
	(812, 10, 'no'),
	(812, 11, 'yes'),
	(812, 12, 'no'),
	(812, 13, 'no'),
	(812, 14, 'no'),
	(812, 15, 'no'),
	(812, 17, '7'),
	(813, 4, '1.54'),
	(813, 7, 'yes'),
	(813, 9, 'no'),
	(813, 10, 'no'),
	(813, 11, 'no'),
	(813, 12, 'no'),
	(813, 13, 'no'),
	(813, 14, 'no'),
	(813, 15, 'no'),
	(813, 17, '7'),
	(813, 17, '7.1'),
	(814, 4, '1.44'),
	(814, 7, 'yes'),
	(814, 9, 'no'),
	(814, 10, 'no'),
	(814, 11, 'no'),
	(814, 12, 'no'),
	(814, 13, 'no'),
	(814, 14, 'no'),
	(814, 15, 'no'),
	(814, 17, '8'),
	(815, 4, '1.44'),
	(815, 7, 'no'),
	(815, 9, 'no'),
	(815, 10, 'no'),
	(815, 11, 'no'),
	(815, 12, 'no'),
	(815, 13, 'no'),
	(815, 14, 'no'),
	(815, 15, 'no'),
	(815, 16, '4.4'),
	(815, 17, '7'),
	(816, 4, '1.3'),
	(816, 7, 'yes'),
	(816, 9, 'no'),
	(816, 10, 'no'),
	(816, 11, 'yes'),
	(816, 12, 'yes'),
	(816, 13, 'no'),
	(816, 14, 'no'),
	(816, 15, 'no'),
	(816, 17, '8'),
	(817, 4, ''),
	(817, 7, 'no'),
	(817, 9, 'yes'),
	(817, 10, 'yes'),
	(817, 11, 'yes'),
	(817, 12, 'no'),
	(817, 13, 'yes'),
	(817, 14, 'yes'),
	(817, 15, 'no'),
	(818, 4, '1.65'),
	(818, 7, 'no'),
	(818, 9, 'no'),
	(818, 10, 'no'),
	(818, 11, 'yes'),
	(818, 12, 'no'),
	(818, 13, 'yes'),
	(818, 14, 'no'),
	(818, 15, 'no'),
	(818, 16, '5.0'),
	(818, 17, '10'),
	(819, 4, '1.39'),
	(819, 7, 'yes'),
	(819, 9, 'yes'),
	(819, 10, 'no'),
	(819, 11, 'no'),
	(819, 12, 'no'),
	(819, 13, 'yes'),
	(819, 14, 'no'),
	(819, 15, 'no'),
	(819, 16, '5.0'),
	(819, 17, '10'),
	(820, 4, '1.33'),
	(820, 7, 'yes'),
	(820, 9, 'no'),
	(820, 10, 'no'),
	(820, 11, 'no'),
	(820, 12, 'no'),
	(820, 13, 'no'),
	(820, 14, 'no'),
	(820, 15, 'no'),
	(820, 16, '5.2'),
	(820, 17, '7'),
	(820, 17, '7.1'),
	(821, 4, '1.2'),
	(821, 7, 'yes'),
	(821, 9, 'no'),
	(821, 10, 'yes'),
	(821, 11, 'yes'),
	(821, 12, 'yes'),
	(821, 13, 'yes'),
	(821, 14, 'no'),
	(821, 15, 'no'),
	(821, 17, '9'),
	(822, 4, '1.22'),
	(822, 7, 'no'),
	(822, 9, 'no'),
	(822, 10, 'no'),
	(822, 11, 'yes'),
	(822, 12, 'no'),
	(822, 13, 'no'),
	(822, 14, 'no'),
	(822, 15, 'no'),
	(822, 16, '4.4'),
	(822, 17, '7'),
	(823, 4, '1.3'),
	(823, 7, 'yes'),
	(823, 9, 'no'),
	(823, 10, 'no'),
	(823, 11, 'no'),
	(823, 12, 'no'),
	(823, 13, 'no'),
	(823, 14, 'no'),
	(823, 15, 'no'),
	(824, 4, '1.4'),
	(824, 7, 'yes'),
	(824, 9, 'no'),
	(824, 10, 'no'),
	(824, 11, 'yes'),
	(824, 12, 'no'),
	(824, 13, 'no'),
	(824, 14, 'no'),
	(824, 15, 'no'),
	(824, 17, '8'),
	(824, 17, '8.2'),
	(825, 4, '1.2'),
	(825, 7, 'no'),
	(825, 9, 'no'),
	(825, 10, 'no'),
	(825, 11, 'no'),
	(825, 12, 'no'),
	(825, 13, 'no'),
	(825, 14, 'no'),
	(825, 15, 'no'),
	(825, 16, '4.4'),
	(825, 17, '7'),
	(826, 4, '1.2'),
	(826, 7, 'no'),
	(826, 9, 'no'),
	(826, 10, 'no'),
	(826, 11, 'no'),
	(826, 12, 'no'),
	(826, 13, 'no'),
	(826, 14, 'no'),
	(826, 15, 'no'),
	(826, 16, '4.4'),
	(826, 17, '7'),
	(827, 4, '1.54'),
	(827, 7, 'no'),
	(827, 9, 'no'),
	(827, 10, 'no'),
	(827, 11, 'yes'),
	(827, 12, 'no'),
	(827, 13, 'no'),
	(827, 14, 'no'),
	(827, 15, 'no'),
	(827, 16, '4.4'),
	(827, 17, '7'),
	(828, 4, '1.44'),
	(828, 7, 'yes'),
	(828, 9, 'no'),
	(828, 10, 'no'),
	(828, 11, 'no'),
	(828, 12, 'no'),
	(828, 13, 'no'),
	(828, 14, 'no'),
	(828, 15, 'no'),
	(828, 16, '5.2'),
	(828, 17, '8'),
	(829, 4, '1.22'),
	(829, 7, 'yes'),
	(829, 9, 'no'),
	(829, 10, 'no'),
	(829, 11, 'no'),
	(829, 12, 'no'),
	(829, 13, 'no'),
	(829, 14, 'no'),
	(829, 15, 'no'),
	(829, 16, '5.2'),
	(829, 17, '8'),
	(830, 4, '1.44'),
	(830, 7, 'yes'),
	(830, 9, 'no'),
	(830, 10, 'no'),
	(830, 11, 'no'),
	(830, 12, 'no'),
	(830, 13, 'no'),
	(830, 14, 'no'),
	(830, 15, 'no'),
	(830, 16, '5.2'),
	(830, 17, '8'),
	(831, 4, '1.28'),
	(831, 7, 'no'),
	(831, 9, 'no'),
	(831, 10, 'no'),
	(831, 11, 'yes'),
	(831, 12, 'yes'),
	(831, 13, 'no'),
	(831, 14, 'no'),
	(831, 15, 'no'),
	(831, 16, '4.4'),
	(831, 17, '7'),
	(832, 4, '1.4'),
	(832, 7, 'yes'),
	(832, 9, 'no'),
	(832, 10, 'no'),
	(832, 11, 'no'),
	(832, 12, 'no'),
	(832, 13, 'no'),
	(832, 14, 'no'),
	(832, 15, 'no'),
	(832, 16, '4.4'),
	(832, 17, '7'),
	(833, 4, '1.3'),
	(833, 7, 'no'),
	(833, 9, 'no'),
	(833, 10, 'no'),
	(833, 11, 'no'),
	(833, 12, 'no'),
	(833, 13, 'no'),
	(833, 14, 'no'),
	(833, 15, 'no'),
	(833, 16, '4.4'),
	(833, 17, '7'),
	(834, 4, '1.4'),
	(834, 7, 'no'),
	(834, 9, 'no'),
	(834, 10, 'no'),
	(834, 11, 'yes'),
	(834, 12, 'no'),
	(834, 13, 'no'),
	(834, 14, 'no'),
	(834, 15, 'no'),
	(834, 16, '4.4'),
	(834, 17, '7'),
	(835, 4, '1.44'),
	(835, 7, 'yes'),
	(835, 9, 'no'),
	(835, 10, 'no'),
	(835, 11, 'no'),
	(835, 12, 'no'),
	(835, 13, 'no'),
	(835, 14, 'no'),
	(835, 15, 'no'),
	(835, 16, '5.2'),
	(835, 17, '8'),
	(836, 4, '1.65'),
	(836, 7, 'yes'),
	(836, 9, 'yes'),
	(836, 10, 'no'),
	(836, 11, 'no'),
	(836, 12, 'yes'),
	(836, 13, 'yes'),
	(836, 14, 'no'),
	(836, 15, 'no'),
	(836, 16, '5.0'),
	(836, 17, '10'),
	(837, 4, '1.44'),
	(837, 7, 'yes'),
	(837, 9, 'no'),
	(837, 10, 'no'),
	(837, 11, 'yes'),
	(837, 12, 'no'),
	(837, 13, 'no'),
	(837, 14, 'no'),
	(837, 15, 'no'),
	(838, 4, '1.39'),
	(838, 7, 'no'),
	(838, 9, 'yes'),
	(838, 10, 'yes'),
	(838, 11, 'no'),
	(838, 12, 'no'),
	(838, 13, 'yes'),
	(838, 14, 'no'),
	(838, 15, 'no'),
	(838, 17, '10'),
	(839, 4, '1.39'),
	(839, 7, 'no'),
	(839, 9, 'no'),
	(839, 10, 'yes'),
	(839, 11, 'yes'),
	(839, 12, 'no'),
	(839, 13, 'yes'),
	(839, 14, 'no'),
	(839, 15, 'yes'),
	(839, 16, '5.0'),
	(839, 17, '10'),
	(840, 4, '1.54'),
	(840, 7, 'yes'),
	(840, 9, 'no'),
	(840, 10, 'no'),
	(840, 11, 'no'),
	(840, 12, 'no'),
	(840, 13, 'no'),
	(840, 14, 'no'),
	(840, 15, 'no'),
	(840, 16, '4.4'),
	(840, 17, '7'),
	(841, 4, '1.3'),
	(841, 7, 'yes'),
	(841, 9, 'yes'),
	(841, 10, 'yes'),
	(841, 11, 'yes'),
	(841, 12, 'yes'),
	(841, 13, 'yes'),
	(841, 14, 'no'),
	(841, 15, 'yes'),
	(841, 16, '5.0'),
	(841, 17, '10'),
	(842, 4, '1.64'),
	(842, 7, 'no'),
	(842, 9, 'no'),
	(842, 10, 'yes'),
	(842, 11, 'yes'),
	(842, 12, 'yes'),
	(842, 13, 'yes'),
	(842, 14, 'no'),
	(842, 15, 'no'),
	(842, 16, '5.0'),
	(842, 17, '9'),
	(843, 4, '0.64'),
	(843, 7, 'yes'),
	(843, 9, 'no'),
	(843, 10, 'no'),
	(843, 11, 'no'),
	(843, 12, 'no'),
	(843, 13, 'no'),
	(843, 14, 'no'),
	(843, 15, 'no'),
	(843, 17, '7'),
	(844, 4, '1.54'),
	(844, 7, 'no'),
	(844, 9, 'no'),
	(844, 10, 'no'),
	(844, 11, 'yes'),
	(844, 12, 'no'),
	(844, 13, 'no'),
	(844, 14, 'no'),
	(844, 15, 'no'),
	(844, 16, '4.4'),
	(844, 17, '7'),
	(845, 4, '1.22'),
	(845, 7, 'no'),
	(845, 9, 'no'),
	(845, 10, 'no'),
	(845, 11, 'yes'),
	(845, 12, 'no'),
	(845, 13, 'no'),
	(845, 14, 'no'),
	(845, 15, 'no'),
	(845, 16, '4.4'),
	(845, 17, '7'),
	(846, 4, '1.3'),
	(846, 7, 'yes'),
	(846, 9, 'no'),
	(846, 10, 'no'),
	(846, 11, 'yes'),
	(846, 12, 'no'),
	(846, 13, 'no'),
	(846, 14, 'no'),
	(846, 15, 'no'),
	(847, 4, '1.3'),
	(847, 7, 'yes'),
	(847, 9, 'no'),
	(847, 10, 'no'),
	(847, 11, 'yes'),
	(847, 12, 'no'),
	(847, 13, 'no'),
	(847, 14, 'no'),
	(847, 15, 'no'),
	(847, 16, '5.1'),
	(847, 17, '8'),
	(848, 4, '1.2'),
	(848, 7, 'no'),
	(848, 9, 'no'),
	(848, 10, 'no'),
	(848, 11, 'no'),
	(848, 12, 'no'),
	(848, 13, 'no'),
	(848, 14, 'no'),
	(848, 15, 'no'),
	(848, 16, '4.4'),
	(848, 17, '7'),
	(849, 4, '1.2'),
	(849, 7, 'no'),
	(849, 9, 'no'),
	(849, 10, 'yes'),
	(849, 11, 'yes'),
	(849, 12, 'yes'),
	(849, 13, 'yes'),
	(849, 14, 'no'),
	(849, 15, 'no'),
	(850, 4, '1.39'),
	(850, 7, 'no'),
	(850, 9, 'yes'),
	(850, 10, 'yes'),
	(850, 11, 'no'),
	(850, 12, 'no'),
	(850, 13, 'yes'),
	(850, 14, 'no'),
	(850, 15, 'no'),
	(850, 17, '10'),
	(851, 4, '1.44'),
	(851, 7, 'yes'),
	(851, 9, 'no'),
	(851, 10, 'no'),
	(851, 11, 'no'),
	(851, 12, 'no'),
	(851, 13, 'no'),
	(851, 14, 'no'),
	(851, 15, 'no'),
	(851, 17, '7'),
	(852, 4, '1.44'),
	(852, 7, 'yes'),
	(852, 9, 'no'),
	(852, 10, 'no'),
	(852, 11, 'no'),
	(852, 12, 'no'),
	(852, 13, 'no'),
	(852, 14, 'no'),
	(852, 15, 'no'),
	(852, 17, '7'),
	(853, 4, '1.44'),
	(853, 7, 'no'),
	(853, 9, 'no'),
	(853, 10, 'no'),
	(853, 11, 'no'),
	(853, 12, 'no'),
	(853, 13, 'no'),
	(853, 14, 'no'),
	(853, 15, 'no'),
	(853, 16, '4.4'),
	(853, 17, '7'),
	(854, 4, '1.44'),
	(854, 7, 'no'),
	(854, 9, 'no'),
	(854, 10, 'no'),
	(854, 11, 'no'),
	(854, 12, 'no'),
	(854, 13, 'no'),
	(854, 14, 'no'),
	(854, 15, 'no'),
	(854, 16, '4.4'),
	(854, 17, '7'),
	(855, 4, '1.2'),
	(855, 7, 'no'),
	(855, 9, 'yes'),
	(855, 10, 'yes'),
	(855, 11, 'yes'),
	(855, 12, 'yes'),
	(855, 13, 'yes'),
	(855, 14, 'no'),
	(855, 15, 'no'),
	(855, 17, '9'),
	(856, 4, '1.44'),
	(856, 7, 'yes'),
	(856, 9, 'no'),
	(856, 10, 'no'),
	(856, 11, 'no'),
	(856, 12, 'no'),
	(856, 13, 'no'),
	(856, 14, 'no'),
	(856, 15, 'no'),
	(856, 16, '4.4'),
	(856, 17, '7'),
	(857, 4, ''),
	(857, 7, 'no'),
	(857, 9, 'yes'),
	(857, 10, 'yes'),
	(857, 11, 'yes'),
	(857, 12, 'no'),
	(857, 13, 'yes'),
	(857, 14, 'yes'),
	(857, 15, 'no'),
	(858, 4, '1.65'),
	(858, 7, 'no'),
	(858, 9, 'no'),
	(858, 10, 'no'),
	(858, 11, 'yes'),
	(858, 12, 'no'),
	(858, 13, 'yes'),
	(858, 14, 'no'),
	(858, 15, 'no'),
	(858, 16, '5.0'),
	(858, 17, '10'),
	(859, 4, '1.2'),
	(859, 7, 'yes'),
	(859, 9, 'yes'),
	(859, 10, 'no'),
	(859, 11, 'no'),
	(859, 12, 'no'),
	(859, 13, 'yes'),
	(859, 14, 'no'),
	(859, 15, 'no'),
	(859, 16, '5.0'),
	(859, 17, '10'),
	(860, 4, '1.44'),
	(860, 7, 'yes'),
	(860, 9, 'no'),
	(860, 10, 'no'),
	(860, 11, 'no'),
	(860, 12, 'no'),
	(860, 13, 'no'),
	(860, 14, 'no'),
	(860, 15, 'no'),
	(860, 17, '8'),
	(861, 4, '0.96'),
	(861, 7, 'yes'),
	(861, 9, 'no'),
	(861, 10, 'no'),
	(861, 11, 'no'),
	(861, 12, 'yes'),
	(861, 13, 'no'),
	(861, 14, 'no'),
	(861, 15, 'no'),
	(861, 16, '5.2'),
	(861, 17, '7'),
	(861, 17, '7.1'),
	(862, 4, '1.39'),
	(862, 7, 'yes'),
	(862, 9, 'no'),
	(862, 10, 'yes'),
	(862, 11, 'yes'),
	(862, 12, 'yes'),
	(862, 13, 'yes'),
	(862, 14, 'no'),
	(862, 15, 'no'),
	(862, 16, '5.0'),
	(862, 17, '10'),
	(863, 4, '1.28'),
	(863, 7, 'no'),
	(863, 9, 'no'),
	(863, 10, 'no'),
	(863, 11, 'yes'),
	(863, 12, 'yes'),
	(863, 13, 'no'),
	(863, 14, 'no'),
	(863, 15, 'no'),
	(863, 16, '4.4'),
	(863, 17, '7'),
	(864, 4, '1.3'),
	(864, 7, 'no'),
	(864, 9, 'no'),
	(864, 10, 'no'),
	(864, 11, 'no'),
	(864, 12, 'no'),
	(864, 13, 'no'),
	(864, 14, 'no'),
	(864, 15, 'no'),
	(864, 16, '4.4'),
	(864, 17, '7'),
	(865, 4, '1.44'),
	(865, 7, 'yes'),
	(865, 9, 'no'),
	(865, 10, 'no'),
	(865, 11, 'no'),
	(865, 12, 'no'),
	(865, 13, 'no'),
	(865, 14, 'no'),
	(865, 15, 'no'),
	(865, 16, '5.2'),
	(865, 17, '8'),
	(866, 4, '1.44'),
	(866, 7, 'yes'),
	(866, 9, 'no'),
	(866, 10, 'no'),
	(866, 11, 'no'),
	(866, 12, 'no'),
	(866, 13, 'no'),
	(866, 14, 'no'),
	(866, 15, 'no'),
	(866, 17, '8'),
	(867, 4, '1.44'),
	(867, 7, 'yes'),
	(867, 9, 'no'),
	(867, 10, 'no'),
	(867, 11, 'no'),
	(867, 12, 'no'),
	(867, 13, 'no'),
	(867, 14, 'no'),
	(867, 15, 'no'),
	(867, 17, '7'),
	(868, 4, '1.34'),
	(868, 7, 'no'),
	(868, 9, 'yes'),
	(868, 10, 'yes'),
	(868, 11, 'yes'),
	(868, 12, 'yes'),
	(868, 13, 'yes'),
	(868, 14, 'no'),
	(868, 15, 'no'),
	(868, 17, '9'),
	(869, 4, '1.44'),
	(869, 7, 'yes'),
	(869, 9, 'no'),
	(869, 10, 'no'),
	(869, 11, 'no'),
	(869, 12, 'no'),
	(869, 13, 'no'),
	(869, 14, 'no'),
	(869, 15, 'no'),
	(869, 17, '7'),
	(870, 4, '1.44'),
	(870, 7, 'no'),
	(870, 9, 'no'),
	(870, 10, 'no'),
	(870, 11, 'no'),
	(870, 12, 'no'),
	(870, 13, 'no'),
	(870, 14, 'no'),
	(870, 15, 'no'),
	(870, 16, '4.4'),
	(870, 17, '7'),
	(871, 4, '1.44'),
	(871, 7, 'no'),
	(871, 9, 'no'),
	(871, 10, 'no'),
	(871, 11, 'no'),
	(871, 12, 'no'),
	(871, 13, 'no'),
	(871, 14, 'no'),
	(871, 15, 'no'),
	(871, 16, '4.4'),
	(871, 17, '7'),
	(872, 4, '1.22'),
	(872, 7, 'yes'),
	(872, 9, 'no'),
	(872, 10, 'no'),
	(872, 11, 'no'),
	(872, 12, 'no'),
	(872, 13, 'no'),
	(872, 14, 'no'),
	(872, 15, 'no'),
	(872, 16, '4.4'),
	(872, 17, '7'),
	(873, 4, '1.22'),
	(873, 7, 'yes'),
	(873, 9, 'no'),
	(873, 10, 'no'),
	(873, 11, 'no'),
	(873, 12, 'no'),
	(873, 13, 'no'),
	(873, 14, 'no'),
	(873, 15, 'no'),
	(873, 16, '4.4'),
	(873, 17, '7'),
	(874, 4, '1.44'),
	(874, 7, 'yes'),
	(874, 9, 'no'),
	(874, 10, 'no'),
	(874, 11, 'no'),
	(874, 12, 'no'),
	(874, 13, 'no'),
	(874, 14, 'no'),
	(874, 15, 'no'),
	(874, 16, '4.4'),
	(874, 17, '7'),
	(875, 4, '1.44'),
	(875, 7, 'yes'),
	(875, 9, 'no'),
	(875, 10, 'no'),
	(875, 11, 'no'),
	(875, 12, 'no'),
	(875, 13, 'no'),
	(875, 14, 'no'),
	(875, 15, 'no'),
	(875, 16, '4.4'),
	(875, 17, '7'),
	(876, 4, '1.65'),
	(876, 7, 'no'),
	(876, 9, 'no'),
	(876, 10, 'no'),
	(876, 11, 'yes'),
	(876, 12, 'no'),
	(876, 13, 'yes'),
	(876, 14, 'no'),
	(876, 15, 'no'),
	(876, 16, '5.0'),
	(876, 17, '10'),
	(877, 4, '1.39'),
	(877, 7, 'yes'),
	(877, 9, 'yes'),
	(877, 10, 'no'),
	(877, 11, 'no'),
	(877, 12, 'no'),
	(877, 13, 'yes'),
	(877, 14, 'no'),
	(877, 15, 'no'),
	(877, 16, '5.0'),
	(877, 17, '10'),
	(878, 4, '1.3'),
	(878, 7, 'yes'),
	(878, 9, 'no'),
	(878, 10, 'no'),
	(878, 11, 'no'),
	(878, 12, 'no'),
	(878, 13, 'no'),
	(878, 14, 'no'),
	(878, 15, 'no'),
	(878, 17, '8'),
	(879, 4, '1.5'),
	(879, 7, 'no'),
	(879, 9, 'no'),
	(879, 10, 'no'),
	(879, 11, 'yes'),
	(879, 12, 'no'),
	(879, 13, 'no'),
	(879, 14, 'no'),
	(879, 15, 'no'),
	(879, 16, '4.4'),
	(879, 17, '7'),
	(880, 4, '1.5'),
	(880, 7, 'no'),
	(880, 9, 'no'),
	(880, 10, 'no'),
	(880, 11, 'yes'),
	(880, 12, 'no'),
	(880, 13, 'no'),
	(880, 14, 'no'),
	(880, 15, 'no'),
	(880, 16, '4.4'),
	(880, 17, '7'),
	(881, 4, '1.3'),
	(881, 7, 'yes'),
	(881, 9, 'no'),
	(881, 10, 'no'),
	(881, 11, 'yes'),
	(881, 12, 'no'),
	(881, 13, 'no'),
	(881, 14, 'no'),
	(881, 15, 'no'),
	(882, 4, '1.34'),
	(882, 7, 'no'),
	(882, 9, 'yes'),
	(882, 10, 'yes'),
	(882, 11, 'yes'),
	(882, 12, 'yes'),
	(882, 13, 'yes'),
	(882, 14, 'no'),
	(882, 15, 'no'),
	(882, 17, '9'),
	(883, 4, '1.2'),
	(883, 7, 'yes'),
	(883, 9, 'no'),
	(883, 10, 'no'),
	(883, 11, 'no'),
	(883, 12, 'no'),
	(883, 13, 'no'),
	(883, 14, 'no'),
	(883, 15, 'no'),
	(883, 16, '4.4'),
	(883, 17, '7'),
	(884, 4, '1.22'),
	(884, 7, 'yes'),
	(884, 9, 'no'),
	(884, 10, 'no'),
	(884, 11, 'yes'),
	(884, 12, 'yes'),
	(884, 13, 'no'),
	(884, 14, 'no'),
	(884, 15, 'no'),
	(884, 16, '4.4'),
	(884, 17, '7'),
	(885, 4, '1.3'),
	(885, 7, 'yes'),
	(885, 9, 'no'),
	(885, 10, 'no'),
	(885, 11, 'no'),
	(885, 12, 'yes'),
	(885, 13, 'no'),
	(885, 14, 'no'),
	(885, 15, 'no'),
	(885, 17, '7'),
	(885, 17, '7.1'),
	(886, 4, '1.28'),
	(886, 7, 'yes'),
	(886, 9, 'no'),
	(886, 10, 'no'),
	(886, 11, 'no'),
	(886, 12, 'no'),
	(886, 13, 'no'),
	(886, 14, 'no'),
	(886, 15, 'no'),
	(886, 16, '5.0'),
	(886, 17, '10'),
	(898, 1, '6.7'),
	(898, 2, '128'),
	(898, 3, '48');

-- Дамп структуры для таблица ecommerce_laravel.properties
CREATE TABLE IF NOT EXISTS `properties` (
  `id` int NOT NULL AUTO_INCREMENT,
  `category_id` int DEFAULT NULL,
  `group_category` varchar(255) DEFAULT NULL,
  `group_category_ru` varchar(255) DEFAULT NULL,
  `name` varchar(255) DEFAULT NULL,
  `name_ru` varchar(255) DEFAULT NULL,
  `category_name` varchar(255) DEFAULT NULL,
  `show_in_card` tinyint unsigned DEFAULT NULL,
  PRIMARY KEY (`id`),
  KEY `properties_FK` (`category_id`),
  CONSTRAINT `properties_FK` FOREIGN KEY (`category_id`) REFERENCES `categories` (`id`) ON DELETE CASCADE ON UPDATE CASCADE
) ENGINE=InnoDB AUTO_INCREMENT=28 DEFAULT CHARSET=utf8mb3;

-- Дамп данных таблицы ecommerce_laravel.properties: ~14 rows (приблизительно)
DELETE FROM `properties`;
INSERT INTO `properties` (`id`, `category_id`, `group_category`, `group_category_ru`, `name`, `name_ru`, `category_name`, `show_in_card`) VALUES
	(1, 1, 'display', 'экран', 'diagonal', 'диагональ экрана, в дюймах', 'smartphones', 1),
	(2, 1, 'memory', 'память', 'memory', 'встроенная память, в Гб', 'smartphones', 1),
	(3, 1, 'camera', 'камера', 'camera', 'фотокамера, Мп', 'smartphones', 1),
	(4, 2, 'display', 'экран', 'diagonal', 'диагональ экрана, в дюймах', 'smartwatches', 1),
	(7, 2, 'sensors', 'сенсоры', 'pedometer', 'шагомер', 'smartwatches', 1),
	(9, 2, 'sensors', 'сенсоры', 'compass', 'компас', 'smartwatches', 1),
	(10, 2, 'sensors', 'сенсоры', 'gyroscope', 'гироскоп', 'smartwatches', 0),
	(11, 2, 'sensors', 'сенсоры', 'accelerometer', 'акселерометр', 'smartwatches', 0),
	(12, 2, 'sensors', 'сенсоры', 'pulsometer', 'пульсометр', 'smartwatches', 0),
	(13, 2, 'sensors', 'сенсоры', 'light sensor', 'датчик освещенности', 'smartwatches', 0),
	(14, 2, 'sensors', 'сенсоры', 'barometric altimeter', 'барометрический высотомер', 'smartwatches', 0),
	(15, 2, 'sensors', 'сенсоры', 'oxygen level sensor in blood', 'датчик уровня кислорода в крови', 'smartwatches', 0),
	(16, 2, 'compatibility', 'совместимость', 'compatibility with Android', 'совместимость с Android', 'smartwatches', 1),
	(17, 2, 'compatibility', 'совместимость', 'compatibility with iOS', 'совместимость с iOS', 'smartwatches', 1);

-- Дамп структуры для таблица ecommerce_laravel.subscribers
CREATE TABLE IF NOT EXISTS `subscribers` (
  `id` int NOT NULL AUTO_INCREMENT,
  `email` varchar(100) DEFAULT NULL,
  `user_id` int DEFAULT NULL,
  `created_at` timestamp NULL DEFAULT CURRENT_TIMESTAMP,
  `updated_at` timestamp NULL DEFAULT CURRENT_TIMESTAMP,
  PRIMARY KEY (`id`),
  UNIQUE KEY `subscribers_un` (`email`),
  KEY `user_id` (`user_id`),
  CONSTRAINT `subscribers_ibfk_1` FOREIGN KEY (`user_id`) REFERENCES `users` (`id`) ON DELETE CASCADE ON UPDATE CASCADE
) ENGINE=InnoDB AUTO_INCREMENT=23 DEFAULT CHARSET=utf8mb3;

-- Дамп данных таблицы ecommerce_laravel.subscribers: ~9 rows (приблизительно)
DELETE FROM `subscribers`;
INSERT INTO `subscribers` (`id`, `email`, `user_id`, `created_at`, `updated_at`) VALUES
	(1, 'verzila0003@yandex.ru', NULL, '2021-06-08 10:34:54', '2021-06-08 10:34:54'),
	(15, 'aidar8@aidar.com', 19, '2021-06-09 11:08:27', '2021-06-09 11:08:27'),
	(16, 'verzila003@yandex.ru', 25, '2021-06-15 19:37:37', '2021-06-15 19:37:37'),
	(17, 'vergjkfjldk@yansex.com', 27, '2021-06-15 20:02:20', '2021-06-15 20:02:20'),
	(18, 'aidar@aidar.com', 2, '2021-06-16 15:10:59', '2021-06-16 15:10:59'),
	(19, 'verzila0004@yandex.ru', 39, '2021-07-01 10:16:47', '2021-07-01 10:16:47'),
	(20, 'verzila0005@yandex.ru', 40, '2021-07-01 10:19:39', '2021-07-01 10:19:39'),
	(21, 'verzila0009@yandex.ru', NULL, '2021-07-02 08:48:02', '2021-07-02 08:48:02'),
	(22, 'verzila00010@yandex.ru', 41, '2021-07-02 09:13:22', '2021-07-02 09:13:22');

-- Дамп структуры для таблица ecommerce_laravel.users
CREATE TABLE IF NOT EXISTS `users` (
  `id` int NOT NULL AUTO_INCREMENT,
  `name` varchar(50) DEFAULT NULL,
  `email` varchar(255) DEFAULT NULL,
  `email_verified_at` timestamp NULL DEFAULT NULL,
  `password` varchar(255) DEFAULT NULL,
  `remember_token` varchar(255) DEFAULT NULL,
  `two_factor_secret` mediumtext,
  `two_factor_recovery_codes` varchar(500) DEFAULT NULL,
  `role` int DEFAULT '0',
  `favorites` varchar(10000) DEFAULT NULL,
  `created_at` timestamp NULL DEFAULT CURRENT_TIMESTAMP,
  `updated_at` timestamp NULL DEFAULT CURRENT_TIMESTAMP,
  `deleted_at` timestamp NULL DEFAULT NULL,
  PRIMARY KEY (`id`),
  UNIQUE KEY `email` (`email`),
  KEY `favorites` (`favorites`(1024))
) ENGINE=InnoDB AUTO_INCREMENT=42 DEFAULT CHARSET=utf8mb3;

-- Дамп данных таблицы ecommerce_laravel.users: ~8 rows (приблизительно)
DELETE FROM `users`;
INSERT INTO `users` (`id`, `name`, `email`, `email_verified_at`, `password`, `remember_token`, `two_factor_secret`, `two_factor_recovery_codes`, `role`, `favorites`, `created_at`, `updated_at`, `deleted_at`) VALUES
	(2, 'Aidar Vusredinskiy', 'aidar@aidar.com', '2021-06-16 15:10:56', '$2y$10$xY68oP9ZK.r2LWPdeE5UGOChTU4QqCo6iRGcaM2CxK3keFE9dCPSC', 'AkgrWM9LYfyoZSuzGD6HK5CO16RHn9YRy9yBiclWFoXsHDV2iYsU58IbRmMH', NULL, NULL, 2, '169,4,5,7,10,11,13,14,82,682,2,3,6,8,9,694,898', '2021-05-13 17:56:11', '2021-06-16 17:44:16', NULL),
	(5, 'aidar', 'aidar4@aidar.com', NULL, '$2y$10$/9VKodVzGe7Ne86dH89SXueKSQXq71KadwofPF5uKtDWODPYySINC', NULL, NULL, NULL, 0, NULL, '2021-05-14 07:04:14', '2021-06-15 14:54:49', '2021-06-15 14:54:49'),
	(19, 'aidar novyi', 'aidar8@aidar.com', '2021-06-29 16:32:58', '$2y$10$1ZbxCxVPB7h4eHYfKDgvWu8EDWDKygIu/a76ZRrRUvNxbd/4Ne8lm', NULL, NULL, NULL, 1, ',69', '2021-06-09 11:08:25', '2021-06-30 16:35:36', '2021-06-30 16:35:36'),
	(25, 'nemaya loshad', 'verzila003@yandex.ru', '2021-06-15 19:37:35', '$2y$10$rvRwtSyTec/Bn53Er5RL0u02MrhQTAUxJWFpoGS5dLX4us5ReHB9u', NULL, NULL, NULL, 1, NULL, '2021-06-15 19:11:06', '2021-06-30 16:42:00', NULL),
	(27, 'loshad', 'vergjkfjldk@yansex.com', '2021-06-15 20:02:18', '$2y$10$qSVtuGvLWc8Wv8BuXzMHeOb7XLHDNpFm4cGh3Sr1Vh5PtHazhw.LC', NULL, NULL, NULL, 0, NULL, '2021-06-15 20:02:06', '2021-06-15 20:02:18', NULL),
	(39, 'verzila', 'verzila0004@yandex.ru', '2021-07-01 10:16:44', '$2y$10$drob9D5ywf3OCXPrESXwwOICQJpwgbuaGzI/3xICQx8KhWXnUZ4Ay', NULL, NULL, NULL, 0, NULL, '2021-07-01 10:16:29', '2021-07-01 10:16:44', NULL),
	(40, 'verzila ganjubas', 'verzila0005@yandex.ru', '2021-07-01 10:19:37', '$2y$10$XGoCStmOUn2u.dgbJWUeuuQhtcgGqNo1SsPnLLcy8umExsDftYzp.', NULL, NULL, NULL, 0, NULL, '2021-07-01 10:19:22', '2021-07-01 10:19:37', NULL),
	(41, 'verzila', 'verzila00010@yandex.ru', '2021-07-02 09:13:20', '$2y$10$V55MSo.RmAs5w9VqXxVaeOYSg04zUKqom4NaMYipranjmfR3ioB6m', NULL, NULL, NULL, 0, ',227,682,694,698,704,768,770', '2021-07-02 09:13:00', '2021-07-02 09:24:23', NULL);

/*!40103 SET TIME_ZONE=IFNULL(@OLD_TIME_ZONE, 'system') */;
/*!40101 SET SQL_MODE=IFNULL(@OLD_SQL_MODE, '') */;
/*!40014 SET FOREIGN_KEY_CHECKS=IFNULL(@OLD_FOREIGN_KEY_CHECKS, 1) */;
/*!40101 SET CHARACTER_SET_CLIENT=@OLD_CHARACTER_SET_CLIENT */;
/*!40111 SET SQL_NOTES=IFNULL(@OLD_SQL_NOTES, 1) */;
